run_id,strategy,duration,seed,side,participation,market_volume,quantity,filled,completion,arrival_mid,end_mid,baseline_end_mid,peak_impact_observed,peak_impact_causal,end_impact_causal,shortfall
twap_120_0_BUY_0.001,twap,120.0,0,BUY,0.001,4.811332827747923,0.004811332827747923,0.004811332827747923,1.0,62987.350000000006,62987.350000000006,62987.350000000006,0.0,1.587620371484445e-06,0.0,-0.00013904908419461913
pov_120_0_BUY_0.001,pov,120.0,0,BUY,0.001,4.811332827747923,0.004811332827747923,0.004811332827747923,1.0,62987.350000000006,62987.350000000006,62987.350000000006,0.0,1.587620371484445e-06,0.0,7.938101856267079e-07
rl_120_0_BUY_0.001,rl,120.0,0,BUY,0.001,4.811332827747923,0.004811332827747923,0.004167961798571843,0.8662800824200666,62987.350000000006,62987.350000000006,62987.350000000006,0.0,1.587620371484445e-06,0.0,-0.00014854951523154636
twap_120_0_SELL_0.001,twap,120.0,0,SELL,0.001,4.811332827747923,0.004811332827747923,0.004811332827747923,1.0,62987.350000000006,62987.350000000006,62987.350000000006,-0.0,1.587620371484445e-06,-0.0,0.00014063670456587255
pov_120_0_SELL_0.001,pov,120.0,0,SELL,0.001,4.811332827747923,0.004811332827747923,0.004811332827747923,1.0,62987.350000000006,62987.350000000006,62987.350000000006,-0.0,1.587620371484445e-06,-0.0,7.938101858577371e-07
rl_120_0_SELL_0.001,rl,120.0,0,SELL,0.001,4.811332827747923,0.004811332827747923,0.004167961798571843,0.8662800824200666,62987.350000000006,62987.350000000006,62987.350000000006,-0.0,1.587620371484445e-06,-0.0,0.0001501371356030308
twap_120_0_BUY_0.0025,twap,120.0,0,BUY,0.0025,4.811332827747923,0.012028332069369808,0.012028332069369808,1.0,62987.350000000006,62987.350000000006,62987.350000000006,0.0,1.587620371484445e-06,0.0,-0.0001390490841942726
pov_120_0_BUY_0.0025,pov,120.0,0,BUY,0.0025,4.811332827747923,0.012028332069369808,0.012028332069369808,1.0,62987.350000000006,62987.350000000006,62987.350000000006,0.0,1.587620371484445e-06,0.0,7.938101857422225e-07
rl_120_0_BUY_0.0025,rl,120.0,0,BUY,0.0025,4.811332827747923,0.012028332069369808,0.010419904496429606,0.8662800824200665,62987.350000000006,62987.350000000006,62987.350000000006,0.0,1.587620371484445e-06,0.0,-0.00014854951523166185
twap_120_0_SELL_0.0025,twap,120.0,0,SELL,0.0025,4.811332827747923,0.012028332069369808,0.012028332069369808,1.0,62987.350000000006,62987.25,62987.350000000006,1.587620371484445e-06,1.587620371484445e-06,1.587620371484445e-06,0.00014063670456564153
pov_120_0_SELL_0.0025,pov,120.0,0,SELL,0.0025,4.811332827747923,0.012028332069369808,0.012028332069369808,1.0,62987.350000000006,62987.350000000006,62987.350000000006,-0.0,1.587620371484445e-06,-0.0,7.938101857422225e-07
rl_120_0_SELL_0.0025,rl,120.0,0,SELL,0.0025,4.811332827747923,0.012028332069369808,0.010419904496429606,0.8662800824200665,62987.350000000006,62987.25,62987.350000000006,1.587620371484445e-06,1.587620371484445e-06,1.587620371484445e-06,0.00015013713560279977
twap_120_0_BUY_0.005,twap,120.0,0,BUY,0.005,4.811332827747923,0.024056664138739615,0.024056664138739615,1.0,62987.350000000006,62987.350000000006,62987.350000000006,0.0,1.587620371484445e-06,0.0,-0.0001390490841942726
pov_120_0_BUY_0.005,pov,120.0,0,BUY,0.005,4.811332827747923,0.024056664138739615,0.024056664138739615,1.0,62987.350000000006,62987.350000000006,62987.350000000006,0.0,3.175240742737861e-06,0.0,7.938101857422225e-07
rl_120_0_BUY_0.005,rl,120.0,0,BUY,0.005,4.811332827747923,0.024056664138739615,0.020839808992859213,0.8662800824200665,62987.350000000006,62987.350000000006,62987.350000000006,0.0,1.587620371484445e-06,0.0,-0.00014854951523166185
twap_120_0_SELL_0.005,twap,120.0,0,SELL,0.005,4.811332827747923,0.024056664138739615,0.024056664138739615,1.0,62987.350000000006,62987.25,62987.350000000006,1.587620371484445e-06,1.587620371484445e-06,1.587620371484445e-06,0.00014063670456564153
pov_120_0_SELL_0.005,pov,120.0,0,SELL,0.005,4.811332827747923,0.024056664138739615,0.024056664138739615,1.0,62987.350000000006,62987.350000000006,62987.350000000006,-0.0,3.175240742737861e-06,-0.0,7.938101857422225e-07
rl_120_0_SELL_0.005,rl,120.0,0,SELL,0.005,4.811332827747923,0.024056664138739615,0.020839808992859213,0.8662800824200665,62987.350000000006,62987.25,62987.350000000006,1.587620371484445e-06,1.587620371484445e-06,1.587620371484445e-06,0.00015013713560279977
twap_120_0_BUY_0.01,twap,120.0,0,BUY,0.01,4.811332827747923,0.04811332827747923,0.04811332827747923,1.0,62987.350000000006,62987.45,62987.350000000006,1.5876203712534159e-06,1.587620371484445e-06,1.5876203712534159e-06,-0.0001390490841942726
pov_120_0_BUY_0.01,pov,120.0,0,BUY,0.01,4.811332827747923,0.04811332827747923,0.04811332827747923,1.0,62987.350000000006,62987.350000000006,62987.350000000006,0.0,4.762861114222305e-06,0.0,7.938101857422225e-07
rl_120_0_BUY_0.01,rl,120.0,0,BUY,0.01,4.811332827747923,0.04811332827747923,0.041679617985718426,0.8662800824200665,62987.350000000006,62987.45,62987.350000000006,1.5876203712534159e-06,1.587620371484445e-06,1.5876203712534159e-06,-0.00014854951523166185
twap_120_0_SELL_0.01,twap,120.0,0,SELL,0.01,4.811332827747923,0.04811332827747923,0.04811332827747923,1.0,62987.350000000006,62987.25,62987.350000000006,1.587620371484445e-06,1.587620371484445e-06,1.587620371484445e-06,0.00014063670456564153
pov_120_0_SELL_0.01,pov,120.0,0,SELL,0.01,4.811332827747923,0.04811332827747923,0.04811332827747923,1.0,62987.350000000006,62987.350000000006,62987.350000000006,-0.0,3.175240742737861e-06,-0.0,7.938101857422225e-07
rl_120_0_SELL_0.01,rl,120.0,0,SELL,0.01,4.811332827747923,0.04811332827747923,0.041679617985718426,0.8662800824200665,62987.350000000006,62987.25,62987.350000000006,1.587620371484445e-06,1.587620371484445e-06,1.587620371484445e-06,0.00015013713560279977
twap_120_0_BUY_0.02,twap,120.0,0,BUY,0.02,4.811332827747923,0.09622665655495846,0.09622665655495846,1.0,62987.350000000006,62987.45,62987.350000000006,1.5876203712534159e-06,1.587620371484445e-06,1.5876203712534159e-06,-0.0001390490841942726
pov_120_0_BUY_0.02,pov,120.0,0,BUY,0.02,4.811332827747923,0.09622665655495846,0.09622665655495846,1.0,62987.350000000006,62987.350000000006,62987.350000000006,0.0,6.350481485475722e-06,0.0,7.938101857422225e-07
rl_120_0_BUY_0.02,rl,120.0,0,BUY,0.02,4.811332827747923,0.09622665655495846,0.08335923597143685,0.8662800824200665,62987.350000000006,62987.45,62987.350000000006,1.5876203712534159e-06,3.175240742737861e-06,1.5876203712534159e-06,-0.00014854951523166185
twap_120_0_SELL_0.02,twap,120.0,0,SELL,0.02,4.811332827747923,0.09622665655495846,0.09622665655495846,1.0,62987.350000000006,62987.25,62987.350000000006,1.587620371484445e-06,1.587620371484445e-06,1.587620371484445e-06,0.00014063670456564153
pov_120_0_SELL_0.02,pov,120.0,0,SELL,0.02,4.811332827747923,0.09622665655495846,0.09622665655495846,1.0,62987.350000000006,62987.350000000006,62987.350000000006,-0.0,4.762861114222305e-06,-0.0,7.938101857422225e-07
rl_120_0_SELL_0.02,rl,120.0,0,SELL,0.02,4.811332827747923,0.09622665655495846,0.08335923597143685,0.8662800824200665,62987.350000000006,62987.25,62987.350000000006,1.587620371484445e-06,1.587620371484445e-06,1.587620371484445e-06,0.00015013713560279977
twap_120_0_BUY_0.05,twap,120.0,0,BUY,0.05,4.811332827747923,0.24056664138739614,0.24056664138739614,1.0,62987.350000000006,62987.45,62987.350000000006,1.5876203712534159e-06,3.175240742737861e-06,1.5876203712534159e-06,-0.00013904908419461913
pov_120_0_BUY_0.05,pov,120.0,0,BUY,0.05,4.811332827747923,0.24056664138739614,0.24056664138739614,1.0,62987.350000000006,62987.350000000006,62987.350000000006,0.0,7.938101856960167e-06,0.0,1.9229970352639784e-05
rl_120_0_BUY_0.05,rl,120.0,0,BUY,0.05,4.811332827747923,0.24056664138739614,0.20839808992859213,0.8662800824200666,62987.350000000006,62987.55,62987.350000000006,3.175240742737861e-06,3.17524074296889e-06,3.175240742737861e-06,-0.00014854951523166185
twap_120_0_SELL_0.05,twap,120.0,0,SELL,0.05,4.811332827747923,0.24056664138739614,0.24056664138739614,1.0,62987.350000000006,62987.15000000001,62987.350000000006,3.175240742737861e-06,3.17524074296889e-06,3.175240742737861e-06,0.00014063670456598807
pov_120_0_SELL_0.05,pov,120.0,0,SELL,0.05,4.811332827747923,0.24056664138739614,0.24056664138739614,1.0,62987.350000000006,62987.350000000006,62987.350000000006,-0.0,7.938101856960167e-06,-0.0,7.938101857422225e-07
rl_120_0_SELL_0.05,rl,120.0,0,SELL,0.05,4.811332827747923,0.24056664138739614,0.20839808992859213,0.8662800824200666,62987.350000000006,62987.15000000001,62987.350000000006,3.175240742737861e-06,3.17524074296889e-06,3.175240742737861e-06,0.00015013713560291527
twap_120_0_BUY_0.1,twap,120.0,0,BUY,0.1,4.811332827747923,0.4811332827747923,0.4811332827747923,1.0,62987.350000000006,62987.55,62987.350000000006,3.175240742737861e-06,4.762861114222305e-06,3.175240742737861e-06,-0.00013904908419461913
pov_120_0_BUY_0.1,pov,120.0,0,BUY,0.1,4.811332827747923,0.4811332827747923,0.4811332827747923,1.0,62987.350000000006,62987.350000000006,62987.350000000006,0.0,9.52572222844461e-06,0.0,8.066099679609028e-05
rl_120_0_BUY_0.1,rl,120.0,0,BUY,0.1,4.811332827747923,0.4811332827747923,0.41679617985718426,0.8662800824200666,62987.350000000006,62987.65000000001,62987.350000000006,4.762861114222305e-06,4.762861114222305e-06,4.762861114222305e-06,-0.00014854951523166185
twap_120_0_SELL_0.1,twap,120.0,0,SELL,0.1,4.811332827747923,0.4811332827747923,0.4811332827747923,1.0,62987.350000000006,62987.15000000001,62987.350000000006,3.175240742737861e-06,4.762861114222305e-06,3.175240742737861e-06,0.00014089076586861306
pov_120_0_SELL_0.1,pov,120.0,0,SELL,0.1,4.811332827747923,0.4811332827747923,0.4811332827747923,1.0,62987.350000000006,62987.350000000006,62987.350000000006,-0.0,1.1113342599698028e-05,-0.0,7.938101857422225e-07
rl_120_0_SELL_0.1,rl,120.0,0,SELL,0.1,4.811332827747923,0.4811332827747923,0.41679617985718426,0.8662800824200666,62987.350000000006,62987.05,62987.350000000006,4.762861114222305e-06,4.762861114222305e-06,4.762861114222305e-06,0.00015013893495455054
twap_120_0_BUY_0.2,twap,120.0,0,BUY,0.2,4.811332827747923,0.9622665655495846,0.9622665655495846,1.0,62987.350000000006,62987.65000000001,62987.350000000006,4.762861114222305e-06,6.350481485475722e-06,4.762861114222305e-06,-0.00013904908419461913
pov_120_0_BUY_0.2,pov,120.0,0,BUY,0.2,4.811332827747923,0.9622665655495846,0.9622665655495846,1.0,62987.350000000006,62987.350000000006,62987.350000000006,0.0,1.5876203713920334e-05,0.0,0.00011137651001787328
rl_120_0_BUY_0.2,rl,120.0,0,BUY,0.2,4.811332827747923,0.9622665655495846,0.8335923597143685,0.8662800824200666,62987.350000000006,62987.75,62987.350000000006,6.350481485475722e-06,6.350481485475722e-06,6.350481485475722e-06,-0.00014854951523166185
twap_120_0_SELL_0.2,twap,120.0,0,SELL,0.2,4.811332827747923,0.9622665655495846,0.9622665655495846,1.0,62987.350000000006,62987.05,62987.350000000006,4.762861114222305e-06,7.938101856960167e-06,4.762861114222305e-06,0.00014116979880817384
pov_120_0_SELL_0.2,pov,120.0,0,SELL,0.2,4.811332827747923,0.9622665655495846,0.9622665655495846,1.0,62987.350000000006,62987.350000000006,62987.350000000006,-0.0,1.2700962971182472e-05,-0.0,9.051822244885266e-06
rl_120_0_SELL_0.2,rl,120.0,0,SELL,0.2,4.811332827747923,0.9622665655495846,0.8335923597143685,0.8662800824200666,62987.350000000006,62986.95,62987.350000000006,6.350481485706751e-06,6.350481485706751e-06,6.350481485706751e-06,0.00015029765883459772
twap_120_1_BUY_0.001,twap,120.0,1,BUY,0.001,2.1060715582135368,0.0021060715582135368,0.0021060715582135368,1.0,63024.55,63067.350000000006,63067.350000000006,0.0006791004457787149,1.586683284621957e-06,0.0,0.0003116510418030761
pov_120_1_BUY_0.001,pov,120.0,1,BUY,0.001,2.1060715582135368,0.0021060715582135368,0.0021060715582135368,1.0,63024.55,63067.350000000006,63067.350000000006,0.0006791004457787149,0.0,0.0,7.933416421955321e-07
rl_120_1_BUY_0.001,rl,120.0,1,BUY,0.001,2.1060715582135368,0.0021060715582135368,0.0021060715582135368,1.0,63024.55,63067.350000000006,63067.350000000006,0.0006791004457787149,1.586683284621957e-06,0.0,0.00039960008387510473
twap_120_1_SELL_0.001,twap,120.0,1,SELL,0.001,2.1060715582135368,0.0021060715582135368,0.0021060715582135368,1.0,63024.55,63067.350000000006,63067.350000000006,-0.0006791004457787149,1.586683284621957e-06,-0.0,-0.00031006435851856963
pov_120_1_SELL_0.001,pov,120.0,1,SELL,0.001,2.1060715582135368,0.0021060715582135368,0.0021060715582135368,1.0,63024.55,63067.350000000006,63067.350000000006,-0.0006791004457787149,1.586683284621957e-06,-0.0,7.933416423109785e-07
rl_120_1_SELL_0.001,rl,120.0,1,SELL,0.001,2.1060715582135368,0.0021060715582135368,0.0021060715582135368,1.0,63024.55,63067.350000000006,63067.350000000006,-0.0006791004457787149,1.586683284621957e-06,-0.0,-0.00039801340059059825
twap_120_1_BUY_0.0025,twap,120.0,1,BUY,0.0025,2.1060715582135368,0.005265178895533842,0.005265178895533842,1.0,63024.55,63067.350000000006,63067.350000000006,0.0006791004457787149,1.586683284621957e-06,0.0,0.00031165104180284523
pov_120_1_BUY_0.0025,pov,120.0,1,BUY,0.0025,2.1060715582135368,0.005265178895533842,0.005265178895533842,1.0,63024.55,63067.350000000006,63067.350000000006,0.0006791004457787149,0.0,0.0,7.933416423109785e-07
rl_120_1_BUY_0.0025,rl,120.0,1,BUY,0.0025,2.1060715582135368,0.005265178895533842,0.005265178895533842,1.0,63024.55,63067.45,63067.350000000006,0.000680687129063106,1.586683284621957e-06,1.5866832843910642e-06,0.00039960008387475844
twap_120_1_SELL_0.0025,twap,120.0,1,SELL,0.0025,2.1060715582135368,0.005265178895533842,0.005265178895533842,1.0,63024.55,63067.350000000006,63067.350000000006,-0.0006791004457787149,1.586683284621957e-06,-0.0,-0.0003100643585183387
pov_120_1_SELL_0.0025,pov,120.0,1,SELL,0.0025,2.1060715582135368,0.005265178895533842,0.005265178895533842,1.0,63024.55,63067.350000000006,63067.350000000006,-0.0006791004457787149,1.586683284621957e-06,-0.0,7.933416423109785e-07
rl_120_1_SELL_0.0025,rl,120.0,1,SELL,0.0025,2.1060715582135368,0.005265178895533842,0.005265178895533842,1.0,63024.55,63067.350000000006,63067.350000000006,-0.0006791004457787149,1.586683284621957e-06,-0.0,-0.00039801340059036737
twap_120_1_BUY_0.005,twap,120.0,1,BUY,0.005,2.1060715582135368,0.010530357791067684,0.010530357791067684,1.0,63024.55,63067.350000000006,63067.350000000006,0.0006791004457787149,1.586683284621957e-06,0.0,0.00031165104180284523
pov_120_1_BUY_0.005,pov,120.0,1,BUY,0.005,2.1060715582135368,0.010530357791067684,0.010530357791067684,1.0,63024.55,63067.350000000006,63067.350000000006,0.0006791004457787149,1.586683284621957e-06,0.0,7.933416423109785e-07
rl_120_1_BUY_0.005,rl,120.0,1,BUY,0.005,2.1060715582135368,0.010530357791067684,0.010530357791067684,1.0,63024.55,63067.45,63067.350000000006,0.000680687129063106,1.586683284621957e-06,1.5866832843910642e-06,0.00039960008387475844
twap_120_1_SELL_0.005,twap,120.0,1,SELL,0.005,2.1060715582135368,0.010530357791067684,0.010530357791067684,1.0,63024.55,63067.350000000006,63067.350000000006,-0.0006791004457787149,1.586683284621957e-06,-0.0,-0.0003100643585183387
pov_120_1_SELL_0.005,pov,120.0,1,SELL,0.005,2.1060715582135368,0.010530357791067684,0.010530357791067684,1.0,63024.55,63067.350000000006,63067.350000000006,-0.0006791004457787149,3.173366569013021e-06,-0.0,7.933416423109785e-07
rl_120_1_SELL_0.005,rl,120.0,1,SELL,0.005,2.1060715582135368,0.010530357791067684,0.010530357791067684,1.0,63024.55,63067.350000000006,63067.350000000006,-0.0006791004457787149,1.586683284621957e-06,-0.0,-0.00039801340059036737
twap_120_1_BUY_0.01,twap,120.0,1,BUY,0.01,2.1060715582135368,0.02106071558213537,0.02106071558213537,1.0,63024.55,63067.45,63067.350000000006,0.000680687129063106,1.586683284621957e-06,1.5866832843910642e-06,0.00031165104180284523
pov_120_1_BUY_0.01,pov,120.0,1,BUY,0.01,2.1060715582135368,0.02106071558213537,0.02106071558213537,1.0,63024.55,63067.350000000006,63067.350000000006,0.0006791004457787149,1.586683284621957e-06,0.0,7.933416423109785e-07
rl_120_1_BUY_0.01,rl,120.0,1,BUY,0.01,2.1060715582135368,0.02106071558213537,0.02106071558213537,1.0,63024.55,63067.45,63067.350000000006,0.000680687129063106,1.586683284621957e-06,1.5866832843910642e-06,0.00039960008387475844
twap_120_1_SELL_0.01,twap,120.0,1,SELL,0.01,2.1060715582135368,0.02106071558213537,0.02106071558213537,1.0,63024.55,63067.350000000006,63067.350000000006,-0.0006791004457787149,1.586683284621957e-06,-0.0,-0.0003100643585183387
pov_120_1_SELL_0.01,pov,120.0,1,SELL,0.01,2.1060715582135368,0.02106071558213537,0.02106071558213537,1.0,63024.55,63067.350000000006,63067.350000000006,-0.0006791004457787149,3.173366569013021e-06,-0.0,7.933416423109785e-07
rl_120_1_SELL_0.01,rl,120.0,1,SELL,0.01,2.1060715582135368,0.02106071558213537,0.02106071558213537,1.0,63024.55,63067.25,63067.350000000006,-0.000677513762494093,1.586683284621957e-06,1.586683284621957e-06,-0.00039801340059036737
twap_120_1_BUY_0.02,twap,120.0,1,BUY,0.02,2.1060715582135368,0.04212143116427074,0.04212143116427074,1.0,63024.55,63067.45,63067.350000000006,0.000680687129063106,1.586683284621957e-06,1.5866832843910642e-06,0.00031165104180284523
pov_120_1_BUY_0.02,pov,120.0,1,BUY,0.02,2.1060715582135368,0.04212143116427074,0.04212143116427074,1.0,63024.55,63067.350000000006,63067.350000000006,0.0006791004457787149,3.173366569243914e-06,0.0,7.933416423109785e-07
rl_120_1_BUY_0.02,rl,120.0,1,BUY,0.02,2.1060715582135368,0.04212143116427074,0.04212143116427074,1.0,63024.55,63067.45,63067.350000000006,0.000680687129063106,1.586683284621957e-06,1.5866832843910642e-06,0.00039960008387475844
twap_120_1_SELL_0.02,twap,120.0,1,SELL,0.02,2.1060715582135368,0.04212143116427074,0.04212143116427074,1.0,63024.55,63067.25,63067.350000000006,-0.000677513762494093,1.586683284621957e-06,1.586683284621957e-06,-0.0003100643585183387
pov_120_1_SELL_0.02,pov,120.0,1,SELL,0.02,2.1060715582135368,0.04212143116427074,0.04212143116427074,1.0,63024.55,63067.350000000006,63067.350000000006,-0.0006791004457787149,4.760049853404085e-06,-0.0,7.933416423109785e-07
rl_120_1_SELL_0.02,rl,120.0,1,SELL,0.02,2.1060715582135368,0.04212143116427074,0.04212143116427074,1.0,63024.55,63067.25,63067.350000000006,-0.000677513762494093,1.586683284621957e-06,1.586683284621957e-06,-0.00039801340059036737
twap_120_1_BUY_0.05,twap,120.0,1,BUY,0.05,2.1060715582135368,0.10530357791067685,0.10530357791067685,1.0,63024.55,63067.45,63067.350000000006,0.000680687129063106,1.586683284621957e-06,1.5866832843910642e-06,0.0003116510418030761
pov_120_1_BUY_0.05,pov,120.0,1,BUY,0.05,2.1060715582135368,0.10530357791067685,0.10530357791067685,1.0,63024.55,63067.350000000006,63067.350000000006,0.0006791004457787149,4.760049853634978e-06,0.0,7.933416421955321e-07
rl_120_1_BUY_0.05,rl,120.0,1,BUY,0.05,2.1060715582135368,0.10530357791067685,0.10530357791067685,1.0,63024.55,63067.55,63067.350000000006,0.000682273812347728,3.173366569013021e-06,3.173366569013021e-06,0.0003996000838749893
twap_120_1_SELL_0.05,twap,120.0,1,SELL,0.05,2.1060715582135368,0.10530357791067685,0.10530357791067685,1.0,63024.55,63067.25,63067.350000000006,-0.000677513762494093,1.586683284621957e-06,1.586683284621957e-06,-0.00031006435851856963
pov_120_1_SELL_0.05,pov,120.0,1,SELL,0.05,2.1060715582135368,0.10530357791067685,0.10530357791067685,1.0,63024.55,63067.350000000006,63067.350000000006,-0.0006791004457787149,6.346733138026042e-06,-0.0,7.933416423109785e-07
rl_120_1_SELL_0.05,rl,120.0,1,SELL,0.05,2.1060715582135368,0.10530357791067685,0.10530357791067685,1.0,63024.55,63067.15000000001,63067.350000000006,-0.0006759270792097019,3.173366569013021e-06,3.173366569013021e-06,-0.00039801340059036737
twap_120_1_BUY_0.1,twap,120.0,1,BUY,0.1,2.1060715582135368,0.2106071558213537,0.2106071558213537,1.0,63024.55,63067.55,63067.350000000006,0.000682273812347728,3.173366569013021e-06,3.173366569013021e-06,0.0003116510418030761
pov_120_1_BUY_0.1,pov,120.0,1,BUY,0.1,2.1060715582135368,0.2106071558213537,0.2106071558213537,1.0,63024.55,63067.350000000006,63067.350000000006,0.0006791004457787149,7.933416422648e-06,0.0,7.933416421955321e-07
rl_120_1_BUY_0.1,rl,120.0,1,BUY,0.1,2.1060715582135368,0.2106071558213537,0.2106071558213537,1.0,63024.55,63067.65000000001,63067.350000000006,0.0006838604956323499,4.760049853634978e-06,4.760049853634978e-06,0.0003996000838749893
twap_120_1_SELL_0.1,twap,120.0,1,SELL,0.1,2.1060715582135368,0.2106071558213537,0.2106071558213537,1.0,63024.55,63067.25,63067.350000000006,-0.000677513762494093,3.173366569243914e-06,1.586683284621957e-06,-0.00031006435851856963
pov_120_1_SELL_0.1,pov,120.0,1,SELL,0.1,2.1060715582135368,0.2106071558213537,0.2106071558213537,1.0,63024.55,63067.350000000006,63067.350000000006,-0.0006791004457787149,7.933416422648e-06,-0.0,7.933416423109785e-07
rl_120_1_SELL_0.1,rl,120.0,1,SELL,0.1,2.1060715582135368,0.2106071558213537,0.2106071558213537,1.0,63024.55,63067.15000000001,63067.350000000006,-0.0006759270792097019,3.173366569243914e-06,3.173366569013021e-06,-0.00039801340059036737
twap_120_1_BUY_0.2,twap,120.0,1,BUY,0.2,2.1060715582135368,0.4212143116427074,0.4212143116427074,1.0,63024.55,63067.55,63067.350000000006,0.000682273812347728,3.173366569243914e-06,3.173366569013021e-06,0.0003116510418030761
pov_120_1_BUY_0.2,pov,120.0,1,BUY,0.2,2.1060715582135368,0.4212143116427074,0.4212143116427074,1.0,63024.55,63067.350000000006,63067.350000000006,0.0006791004457787149,9.520099707269956e-06,0.0,3.798775874399454e-05
rl_120_1_BUY_0.2,rl,120.0,1,BUY,0.2,2.1060715582135368,0.4212143116427074,0.4212143116427074,1.0,63024.55,63067.75,63067.350000000006,0.000685447178916741,6.346733138026042e-06,6.346733138026042e-06,0.0003996000838749893
twap_120_1_SELL_0.2,twap,120.0,1,SELL,0.2,2.1060715582135368,0.4212143116427074,0.4212143116427074,1.0,63024.55,63067.15000000001,63067.350000000006,-0.0006759270792097019,4.760049853404085e-06,3.173366569013021e-06,-0.00031006435851856963
pov_120_1_SELL_0.2,pov,120.0,1,SELL,0.2,2.1060715582135368,0.4212143116427074,0.4212143116427074,1.0,63024.55,63067.350000000006,63067.350000000006,-0.0006791004457787149,1.110678299166102e-05,-0.0,7.933416423109785e-07
rl_120_1_SELL_0.2,rl,120.0,1,SELL,0.2,2.1060715582135368,0.4212143116427074,0.4212143116427074,1.0,63024.55,63067.05,63067.350000000006,-0.00067434039592508,4.760049853634978e-06,4.760049853634978e-06,-0.00039801340059036737
twap_120_2_BUY_0.001,twap,120.0,2,BUY,0.001,1.297922218321803,0.001297922218321803,0.001297922218321803,1.0,62987.350000000006,62962.350000000006,62962.350000000006,-0.00039690509284800833,1.587620371484445e-06,0.0,-0.0002615604561869299
pov_120_2_BUY_0.001,pov,120.0,2,BUY,0.001,1.297922218321803,0.001297922218321803,0.001297922218321803,1.0,62987.350000000006,62962.350000000006,62962.350000000006,-0.00039690509284800833,1.587620371484445e-06,0.0,7.938101856267079e-07
rl_120_2_BUY_0.001,rl,120.0,2,BUY,0.001,1.297922218321803,0.001297922218321803,0.00112290569523694,0.8651563856336806,62987.350000000006,62962.350000000006,62962.350000000006,-0.00039690509284800833,1.587620371484445e-06,0.0,-0.00029389469762155937
twap_120_2_SELL_0.001,twap,120.0,2,SELL,0.001,1.297922218321803,0.001297922218321803,0.001297922218321803,1.0,62987.350000000006,62962.350000000006,62962.350000000006,0.00039690509284800833,1.587620371484445e-06,-0.0,0.0002631480765580678
pov_120_2_SELL_0.001,pov,120.0,2,SELL,0.001,1.297922218321803,0.001297922218321803,0.001297922218321803,1.0,62987.350000000006,62962.350000000006,62962.350000000006,0.00039690509284800833,1.587620371484445e-06,-0.0,7.938101858577371e-07
rl_120_2_SELL_0.001,rl,120.0,2,SELL,0.001,1.297922218321803,0.001297922218321803,0.00112290569523694,0.8651563856336806,62987.350000000006,62962.25,62962.350000000006,0.00039849271321949276,1.587620371484445e-06,1.587620371484445e-06,0.00029548231799292834
twap_120_2_BUY_0.0025,twap,120.0,2,BUY,0.0025,1.297922218321803,0.003244805545804508,0.003244805545804508,1.0,62987.350000000006,62962.350000000006,62962.350000000006,-0.00039690509284800833,1.587620371484445e-06,0.0,-0.00026156045618727647
pov_120_2_BUY_0.0025,pov,120.0,2,BUY,0.0025,1.297922218321803,0.003244805545804508,0.003244805545804508,1.0,62987.350000000006,62962.350000000006,62962.350000000006,-0.00039690509284800833,1.587620371484445e-06,0.0,7.938101856267079e-07
rl_120_2_BUY_0.0025,rl,120.0,2,BUY,0.0025,1.297922218321803,0.003244805545804508,0.00280726423809235,0.8651563856336805,62987.350000000006,62962.350000000006,62962.350000000006,-0.00039690509284800833,1.587620371484445e-06,0.0,-0.00029389469762132833
twap_120_2_SELL_0.0025,twap,120.0,2,SELL,0.0025,1.297922218321803,0.003244805545804508,0.003244805545804508,1.0,62987.350000000006,62962.25,62962.350000000006,0.00039849271321949276,1.587620371484445e-06,1.587620371484445e-06,0.00026314807655841433
pov_120_2_SELL_0.0025,pov,120.0,2,SELL,0.0025,1.297922218321803,0.003244805545804508,0.003244805545804508,1.0,62987.350000000006,62962.350000000006,62962.350000000006,0.00039690509284800833,1.587620371484445e-06,-0.0,7.938101856267079e-07
rl_120_2_SELL_0.0025,rl,120.0,2,SELL,0.0025,1.297922218321803,0.003244805545804508,0.00280726423809235,0.8651563856336805,62987.350000000006,62962.25,62962.350000000006,0.00039849271321949276,1.587620371484445e-06,1.587620371484445e-06,0.0002954823179928128
twap_120_2_BUY_0.005,twap,120.0,2,BUY,0.005,1.297922218321803,0.006489611091609016,0.006489611091609016,1.0,62987.350000000006,62962.350000000006,62962.350000000006,-0.00039690509284800833,1.587620371484445e-06,0.0,-0.00026156045618727647
pov_120_2_BUY_0.005,pov,120.0,2,BUY,0.005,1.297922218321803,0.006489611091609016,0.006489611091609016,1.0,62987.350000000006,62962.350000000006,62962.350000000006,-0.00039690509284800833,1.587620371484445e-06,0.0,7.938101856267079e-07
rl_120_2_BUY_0.005,rl,120.0,2,BUY,0.005,1.297922218321803,0.006489611091609016,0.0056145284761847,0.8651563856336805,62987.350000000006,62962.350000000006,62962.350000000006,-0.00039690509284800833,1.587620371484445e-06,0.0,-0.00029389469762132833
twap_120_2_SELL_0.005,twap,120.0,2,SELL,0.005,1.297922218321803,0.006489611091609016,0.006489611091609016,1.0,62987.350000000006,62962.25,62962.350000000006,0.00039849271321949276,1.587620371484445e-06,1.587620371484445e-06,0.00026314807655841433
pov_120_2_SELL_0.005,pov,120.0,2,SELL,0.005,1.297922218321803,0.006489611091609016,0.006489611091609016,1.0,62987.350000000006,62962.350000000006,62962.350000000006,0.00039690509284800833,1.587620371484445e-06,-0.0,7.938101856267079e-07
rl_120_2_SELL_0.005,rl,120.0,2,SELL,0.005,1.297922218321803,0.006489611091609016,0.0056145284761847,0.8651563856336805,62987.350000000006,62962.25,62962.350000000006,0.00039849271321949276,1.587620371484445e-06,1.587620371484445e-06,0.0002954823179928128
twap_120_2_BUY_0.01,twap,120.0,2,BUY,0.01,1.297922218321803,0.012979222183218031,0.012979222183218031,1.0,62987.350000000006,62962.350000000006,62962.350000000006,-0.00039690509284800833,1.587620371484445e-06,0.0,-0.00026156045618727647
pov_120_2_BUY_0.01,pov,120.0,2,BUY,0.01,1.297922218321803,0.012979222183218031,0.012979222183218031,1.0,62987.350000000006,62962.350000000006,62962.350000000006,-0.00039690509284800833,3.17524074296889e-06,0.0,7.938101856267079e-07
rl_120_2_BUY_0.01,rl,120.0,2,BUY,0.01,1.297922218321803,0.012979222183218031,0.0112290569523694,0.8651563856336805,62987.350000000006,62962.350000000006,62962.350000000006,-0.00039690509284800833,1.587620371484445e-06,0.0,-0.00029389469762132833
twap_120_2_SELL_0.01,twap,120.0,2,SELL,0.01,1.297922218321803,0.012979222183218031,0.012979222183218031,1.0,62987.350000000006,62962.25,62962.350000000006,0.00039849271321949276,1.587620371484445e-06,1.587620371484445e-06,0.00026314807655841433
pov_120_2_SELL_0.01,pov,120.0,2,SELL,0.01,1.297922218321803,0.012979222183218031,0.012979222183218031,1.0,62987.350000000006,62962.350000000006,62962.350000000006,0.00039690509284800833,1.587620371484445e-06,-0.0,7.938101856267079e-07
rl_120_2_SELL_0.01,rl,120.0,2,SELL,0.01,1.297922218321803,0.012979222183218031,0.0112290569523694,0.8651563856336805,62987.350000000006,62962.25,62962.350000000006,0.00039849271321949276,1.587620371484445e-06,1.587620371484445e-06,0.0002954823179928128
twap_120_2_BUY_0.02,twap,120.0,2,BUY,0.02,1.297922218321803,0.025958444366436063,0.025958444366436063,1.0,62987.350000000006,62962.350000000006,62962.350000000006,-0.00039690509284800833,1.587620371484445e-06,0.0,-0.00026156045618727647
pov_120_2_BUY_0.02,pov,120.0,2,BUY,0.02,1.297922218321803,0.025958444366436063,0.025958444366436063,1.0,62987.350000000006,62962.350000000006,62962.350000000006,-0.00039690509284800833,3.17524074296889e-06,0.0,7.938101856267079e-07
rl_120_2_BUY_0.02,rl,120.0,2,BUY,0.02,1.297922218321803,0.025958444366436063,0.0224581139047388,0.8651563856336805,62987.350000000006,62962.350000000006,62962.350000000006,-0.00039690509284800833,1.587620371484445e-06,0.0,-0.00029389469762132833
twap_120_2_SELL_0.02,twap,120.0,2,SELL,0.02,1.297922218321803,0.025958444366436063,0.025958444366436063,1.0,62987.350000000006,62962.25,62962.350000000006,0.00039849271321949276,1.587620371484445e-06,1.587620371484445e-06,0.00026314807655841433
pov_120_2_SELL_0.02,pov,120.0,2,SELL,0.02,1.297922218321803,0.025958444366436063,0.025958444366436063,1.0,62987.350000000006,62962.350000000006,62962.350000000006,0.00039690509284800833,1.587620371484445e-06,-0.0,7.938101856267079e-07
rl_120_2_SELL_0.02,rl,120.0,2,SELL,0.02,1.297922218321803,0.025958444366436063,0.0224581139047388,0.8651563856336805,62987.350000000006,62962.25,62962.350000000006,0.00039849271321949276,1.587620371484445e-06,1.587620371484445e-06,0.0002954823179928128
twap_120_2_BUY_0.05,twap,120.0,2,BUY,0.05,1.297922218321803,0.06489611091609016,0.06489611091609016,1.0,62987.350000000006,62962.350000000006,62962.350000000006,-0.00039690509284800833,1.587620371484445e-06,0.0,-0.0002615604561870454
pov_120_2_BUY_0.05,pov,120.0,2,BUY,0.05,1.297922218321803,0.06489611091609016,0.06489611091609016,1.0,62987.350000000006,62962.350000000006,62962.350000000006,-0.00039690509284800833,4.762861114222305e-06,0.0,7.938101856267079e-07
rl_120_2_BUY_0.05,rl,120.0,2,BUY,0.05,1.297922218321803,0.06489611091609016,0.056145284761847006,0.8651563856336807,62987.350000000006,62962.45,62962.350000000006,-0.00039531747247675494,1.587620371484445e-06,1.5876203712534159e-06,-0.0002938946976216749
twap_120_2_SELL_0.05,twap,120.0,2,SELL,0.05,1.297922218321803,0.06489611091609016,0.06489611091609016,1.0,62987.350000000006,62962.25,62962.350000000006,0.00039849271321949276,1.587620371484445e-06,1.587620371484445e-06,0.00026314807655841433
pov_120_2_SELL_0.05,pov,120.0,2,SELL,0.05,1.297922218321803,0.06489611091609016,0.06489611091609016,1.0,62987.350000000006,62962.350000000006,62962.350000000006,0.00039690509284800833,3.17524074296889e-06,-0.0,7.938101857422225e-07
rl_120_2_SELL_0.05,rl,120.0,2,SELL,0.05,1.297922218321803,0.06489611091609016,0.056145284761847006,0.8651563856336807,62987.350000000006,62962.25,62962.350000000006,0.00039849271321949276,1.587620371484445e-06,1.587620371484445e-06,0.0002954823179930438
twap_120_2_BUY_0.1,twap,120.0,2,BUY,0.1,1.297922218321803,0.1297922218321803,0.1297922218321803,1.0,62987.350000000006,62962.45,62962.350000000006,-0.00039531747247675494,3.17524074296889e-06,1.5876203712534159e-06,-0.0002615604561870454
pov_120_2_BUY_0.1,pov,120.0,2,BUY,0.1,1.297922218321803,0.1297922218321803,0.1297922218321803,1.0,62987.350000000006,62962.350000000006,62962.350000000006,-0.00039690509284800833,6.350481485706751e-06,0.0,7.938101856267079e-07
rl_120_2_BUY_0.1,rl,120.0,2,BUY,0.1,1.297922218321803,0.1297922218321803,0.11229056952369401,0.8651563856336807,62987.350000000006,62962.45,62962.350000000006,-0.00039531747247675494,1.587620371484445e-06,1.5876203712534159e-06,-0.0002938946976216749
twap_120_2_SELL_0.1,twap,120.0,2,SELL,0.1,1.297922218321803,0.1297922218321803,0.1297922218321803,1.0,62987.350000000006,62962.15000000001,62962.350000000006,0.0004000803335907462,3.175240742737861e-06,3.175240742737861e-06,0.00026314807655841433
pov_120_2_SELL_0.1,pov,120.0,2,SELL,0.1,1.297922218321803,0.1297922218321803,0.1297922218321803,1.0,62987.350000000006,62962.350000000006,62962.350000000006,0.00039690509284800833,4.762861113991276e-06,-0.0,1.0945796391617236e-06
rl_120_2_SELL_0.1,rl,120.0,2,SELL,0.1,1.297922218321803,0.1297922218321803,0.11229056952369401,0.8651563856336807,62987.350000000006,62962.15000000001,62962.350000000006,0.0004000803335907462,3.175240742737861e-06,3.175240742737861e-06,0.0002954823179930438
twap_120_2_BUY_0.2,twap,120.0,2,BUY,0.2,1.297922218321803,0.2595844436643606,0.2595844436643606,1.0,62987.350000000006,62962.45,62962.350000000006,-0.00039531747247675494,3.17524074296889e-06,1.5876203712534159e-06,-0.0002615604561870454
pov_120_2_BUY_0.2,pov,120.0,2,BUY,0.2,1.297922218321803,0.2595844436643606,0.2595844436643606,1.0,62987.350000000006,62962.350000000006,62962.350000000006,-0.00039690509284800833,9.52572222844461e-06,0.0,7.938101856267079e-07
rl_120_2_BUY_0.2,rl,120.0,2,BUY,0.2,1.297922218321803,0.2595844436643606,0.22458113904738802,0.8651563856336807,62987.350000000006,62962.55,62962.350000000006,-0.00039372985210527046,3.17524074296889e-06,3.175240742737861e-06,-0.0002938946976216749
twap_120_2_SELL_0.2,twap,120.0,2,SELL,0.2,1.297922218321803,0.2595844436643606,0.2595844436643606,1.0,62987.350000000006,62962.15000000001,62962.350000000006,0.0004000803335907462,3.17524074296889e-06,3.175240742737861e-06,0.0002632313502576706
pov_120_2_SELL_0.2,pov,120.0,2,SELL,0.2,1.297922218321803,0.2595844436643606,0.2595844436643606,1.0,62987.350000000006,62962.350000000006,62962.350000000006,0.00039690509284800833,7.938101856960167e-06,-0.0,1.7380050980209236e-06
rl_120_2_SELL_0.2,rl,120.0,2,SELL,0.2,1.297922218321803,0.2595844436643606,0.22458113904738802,0.8651563856336807,62987.350000000006,62962.15000000001,62962.350000000006,0.0004000803335907462,3.17524074296889e-06,3.175240742737861e-06,0.0002954823179930438
twap_120_3_BUY_0.001,twap,120.0,3,BUY,0.001,2.488353868563763,0.002488353868563763,0.002488353868563763,1.0,62980.45,62984.850000000006,62984.850000000006,6.986294953447826e-05,1.5877943076910498e-06,0.0,0.00018087623487399762
pov_120_3_BUY_0.001,pov,120.0,3,BUY,0.001,2.488353868563763,0.002488353868563763,0.002488353868563763,1.0,62980.45,62984.850000000006,62984.850000000006,6.986294953447826e-05,1.5877943074599953e-06,0.0,7.938971538455249e-07
rl_120_3_BUY_0.001,rl,120.0,3,BUY,0.001,2.488353868563763,0.002488353868563763,0.002488353868563763,1.0,62980.45,62984.850000000006,62984.850000000006,6.986294953447826e-05,1.5877943076910498e-06,0.0,0.00017394964063921118
twap_120_3_SELL_0.001,twap,120.0,3,SELL,0.001,2.488353868563763,0.002488353868563763,0.002488353868563763,1.0,62980.45,62984.850000000006,62984.850000000006,-6.986294953447826e-05,1.5877943076910498e-06,-0.0,-0.00017928844056665314
pov_120_3_SELL_0.001,pov,120.0,3,SELL,0.001,2.488353868563763,0.002488353868563763,0.002488353868563763,1.0,62980.45,62984.850000000006,62984.850000000006,-6.986294953447826e-05,1.5877943076910498e-06,-0.0,7.938971537299976e-07
rl_120_3_SELL_0.001,rl,120.0,3,SELL,0.001,2.488353868563763,0.002488353868563763,0.002488353868563763,1.0,62980.45,62984.850000000006,62984.850000000006,-6.986294953447826e-05,1.5877943076910498e-06,-0.0,-0.00017236184633163566
twap_120_3_BUY_0.0025,twap,120.0,3,BUY,0.0025,2.488353868563763,0.006220884671409408,0.006220884671409408,1.0,62980.45,62984.850000000006,62984.850000000006,6.986294953447826e-05,1.5877943076910498e-06,0.0,0.00018087623487399762
pov_120_3_BUY_0.0025,pov,120.0,3,BUY,0.0025,2.488353868563763,0.006220884671409408,0.006220884671409408,1.0,62980.45,62984.850000000006,62984.850000000006,6.986294953447826e-05,1.5877943074599953e-06,0.0,7.938971538455249e-07
rl_120_3_BUY_0.0025,rl,120.0,3,BUY,0.0025,2.488353868563763,0.006220884671409408,0.006220884671409408,1.0,62980.45,62984.95,62984.850000000006,7.145074384193826e-05,1.5877943076910498e-06,1.5877943074599953e-06,0.00017394964063909566
twap_120_3_SELL_0.0025,twap,120.0,3,SELL,0.0025,2.488353868563763,0.006220884671409408,0.006220884671409408,1.0,62980.45,62984.850000000006,62984.850000000006,-6.986294953447826e-05,1.5877943076910498e-06,-0.0,-0.0001792884405664221
pov_120_3_SELL_0.0025,pov,120.0,3,SELL,0.0025,2.488353868563763,0.006220884671409408,0.006220884671409408,1.0,62980.45,62984.850000000006,62984.850000000006,-6.986294953447826e-05,1.5877943076910498e-06,-0.0,7.938971537299976e-07
rl_120_3_SELL_0.0025,rl,120.0,3,SELL,0.0025,2.488353868563763,0.006220884671409408,0.006220884671409408,1.0,62980.45,62984.850000000006,62984.850000000006,-6.986294953447826e-05,1.5877943076910498e-06,-0.0,-0.00017236184633175118
twap_120_3_BUY_0.005,twap,120.0,3,BUY,0.005,2.488353868563763,0.012441769342818817,0.012441769342818817,1.0,62980.45,62984.850000000006,62984.850000000006,6.986294953447826e-05,1.5877943076910498e-06,0.0,0.00018087623487399762
pov_120_3_BUY_0.005,pov,120.0,3,BUY,0.005,2.488353868563763,0.012441769342818817,0.012441769342818817,1.0,62980.45,62984.850000000006,62984.850000000006,6.986294953447826e-05,3.175588615151045e-06,0.0,7.938971538455249e-07
rl_120_3_BUY_0.005,rl,120.0,3,BUY,0.005,2.488353868563763,0.012441769342818817,0.012441769342818817,1.0,62980.45,62984.95,62984.850000000006,7.145074384193826e-05,1.5877943076910498e-06,1.5877943074599953e-06,0.00017394964063909566
twap_120_3_SELL_0.005,twap,120.0,3,SELL,0.005,2.488353868563763,0.012441769342818817,0.012441769342818817,1.0,62980.45,62984.850000000006,62984.850000000006,-6.986294953447826e-05,1.5877943076910498e-06,-0.0,-0.0001792884405664221
pov_120_3_SELL_0.005,pov,120.0,3,SELL,0.005,2.488353868563763,0.012441769342818817,0.012441769342818817,1.0,62980.45,62984.850000000006,62984.850000000006,-6.986294953447826e-05,1.5877943076910498e-06,-0.0,7.938971537299976e-07
rl_120_3_SELL_0.005,rl,120.0,3,SELL,0.005,2.488353868563763,0.012441769342818817,0.012441769342818817,1.0,62980.45,62984.850000000006,62984.850000000006,-6.986294953447826e-05,1.5877943076910498e-06,-0.0,-0.00017236184633175118
twap_120_3_BUY_0.01,twap,120.0,3,BUY,0.01,2.488353868563763,0.024883538685637634,0.024883538685637634,1.0,62980.45,62984.95,62984.850000000006,7.145074384193826e-05,1.5877943076910498e-06,1.5877943074599953e-06,0.00018087623487399762
pov_120_3_BUY_0.01,pov,120.0,3,BUY,0.01,2.488353868563763,0.024883538685637634,0.024883538685637634,1.0,62980.45,62984.850000000006,62984.850000000006,6.986294953447826e-05,3.175588615151045e-06,0.0,7.938971538455249e-07
rl_120_3_BUY_0.01,rl,120.0,3,BUY,0.01,2.488353868563763,0.024883538685637634,0.024883538685637634,1.0,62980.45,62984.95,62984.850000000006,7.145074384193826e-05,1.5877943076910498e-06,1.5877943074599953e-06,0.00017394964063909566
twap_120_3_SELL_0.01,twap,120.0,3,SELL,0.01,2.488353868563763,0.024883538685637634,0.024883538685637634,1.0,62980.45,62984.850000000006,62984.850000000006,-6.986294953447826e-05,3.175588615151045e-06,-0.0,-0.0001792884405664221
pov_120_3_SELL_0.01,pov,120.0,3,SELL,0.01,2.488353868563763,0.024883538685637634,0.024883538685637634,1.0,62980.45,62984.850000000006,62984.850000000006,-6.986294953447826e-05,1.5877943076910498e-06,-0.0,7.938971537299976e-07
rl_120_3_SELL_0.01,rl,120.0,3,SELL,0.01,2.488353868563763,0.024883538685637634,0.024883538685637634,1.0,62980.45,62984.75,62984.850000000006,-6.827515522678721e-05,3.175588615151045e-06,1.5877943076910498e-06,-0.00017236184633175118
twap_120_3_BUY_0.02,twap,120.0,3,BUY,0.02,2.488353868563763,0.04976707737127527,0.04976707737127527,1.0,62980.45,62984.95,62984.850000000006,7.145074384193826e-05,1.5877943076910498e-06,1.5877943074599953e-06,0.00018087623487399762
pov_120_3_BUY_0.02,pov,120.0,3,BUY,0.02,2.488353868563763,0.04976707737127527,0.04976707737127527,1.0,62980.45,62984.850000000006,62984.850000000006,6.986294953447826e-05,4.76338292261104e-06,0.0,7.938971538455249e-07
rl_120_3_BUY_0.02,rl,120.0,3,BUY,0.02,2.488353868563763,0.04976707737127527,0.04976707737127527,1.0,62980.45,62984.95,62984.850000000006,7.145074384193826e-05,1.5877943076910498e-06,1.5877943074599953e-06,0.00017394964063909566
twap_120_3_SELL_0.02,twap,120.0,3,SELL,0.02,2.488353868563763,0.04976707737127527,0.04976707737127527,1.0,62980.45,62984.75,62984.850000000006,-6.827515522678721e-05,3.175588615151045e-06,1.5877943076910498e-06,-0.0001792884405664221
pov_120_3_SELL_0.02,pov,120.0,3,SELL,0.02,2.488353868563763,0.04976707737127527,0.04976707737127527,1.0,62980.45,62984.850000000006,62984.850000000006,-6.986294953447826e-05,3.1755886153820996e-06,-0.0,7.938971537299976e-07
rl_120_3_SELL_0.02,rl,120.0,3,SELL,0.02,2.488353868563763,0.04976707737127527,0.04976707737127527,1.0,62980.45,62984.75,62984.850000000006,-6.827515522678721e-05,3.175588615151045e-06,1.5877943076910498e-06,-0.00017236184633175118
twap_120_3_BUY_0.05,twap,120.0,3,BUY,0.05,2.488353868563763,0.12441769342818816,0.12441769342818816,1.0,62980.45,62984.95,62984.850000000006,7.145074384193826e-05,3.175588615151045e-06,1.5877943074599953e-06,0.00018087623487388207
pov_120_3_BUY_0.05,pov,120.0,3,BUY,0.05,2.488353868563763,0.12441769342818816,0.12441769342818816,1.0,62980.45,62984.850000000006,62984.850000000006,6.986294953447826e-05,6.35117723030209e-06,0.0,7.938971538455249e-07
rl_120_3_BUY_0.05,rl,120.0,3,BUY,0.05,2.488353868563763,0.12441769342818816,0.12441769342818816,1.0,62980.45,62985.05,62984.850000000006,7.303853814962931e-05,3.175588615151045e-06,3.175588615151045e-06,0.00017394964063909566
twap_120_3_SELL_0.05,twap,120.0,3,SELL,0.05,2.488353868563763,0.12441769342818816,0.12441769342818816,1.0,62980.45,62984.75,62984.850000000006,-6.827515522678721e-05,3.1755886153820996e-06,1.5877943076910498e-06,-0.00017928844056619103
pov_120_3_SELL_0.05,pov,120.0,3,SELL,0.05,2.488353868563763,0.12441769342818816,0.12441769342818816,1.0,62980.45,62984.850000000006,62984.850000000006,-6.986294953447826e-05,4.763382922842094e-06,-0.0,7.938971537299976e-07
rl_120_3_SELL_0.05,rl,120.0,3,SELL,0.05,2.488353868563763,0.12441769342818816,0.12441769342818816,1.0,62980.45,62984.65000000001,62984.850000000006,-6.668736091932721e-05,3.1755886153820996e-06,3.175588615151045e-06,-0.0001723618463314046
twap_120_3_BUY_0.1,twap,120.0,3,BUY,0.1,2.488353868563763,0.24883538685637632,0.24883538685637632,1.0,62980.45,62985.05,62984.850000000006,7.303853814962931e-05,3.1755886153820996e-06,3.175588615151045e-06,0.00018087623487388207
pov_120_3_BUY_0.1,pov,120.0,3,BUY,0.1,2.488353868563763,0.24883538685637632,0.24883538685637632,1.0,62980.45,62984.850000000006,62984.850000000006,6.986294953447826e-05,9.526765845453135e-06,0.0,1.6902227866752303e-06
rl_120_3_BUY_0.1,rl,120.0,3,BUY,0.1,2.488353868563763,0.24883538685637632,0.24883538685637632,1.0,62980.45,62985.15000000001,62984.850000000006,7.462633245732035e-05,4.763382922842094e-06,4.763382922842094e-06,0.00017394964063909566
twap_120_3_SELL_0.1,twap,120.0,3,SELL,0.1,2.488353868563763,0.24883538685637632,0.24883538685637632,1.0,62980.45,62984.75,62984.850000000006,-6.827515522678721e-05,4.763382922842094e-06,1.5877943076910498e-06,-0.00017928844056619103
pov_120_3_SELL_0.1,pov,120.0,3,SELL,0.1,2.488353868563763,0.24883538685637632,0.24883538685637632,1.0,62980.45,62984.850000000006,62984.850000000006,-6.986294953447826e-05,7.93897153799314e-06,-0.0,-7.408617081554282e-07
rl_120_3_SELL_0.1,rl,120.0,3,SELL,0.1,2.488353868563763,0.24883538685637632,0.24883538685637632,1.0,62980.45,62984.55,62984.850000000006,-6.509956661163617e-05,4.763382922842094e-06,4.763382922842094e-06,-0.0001723618463314046
twap_120_3_BUY_0.2,twap,120.0,3,BUY,0.2,2.488353868563763,0.49767077371275265,0.49767077371275265,1.0,62980.45,62985.05,62984.850000000006,7.303853814962931e-05,4.763382922842094e-06,3.175588615151045e-06,0.00018087623487388207
pov_120_3_BUY_0.2,pov,120.0,3,BUY,0.2,2.488353868563763,0.49767077371275265,0.49767077371275265,1.0,62980.45,62984.850000000006,62984.850000000006,6.986294953447826e-05,9.526765845453135e-06,0.0,2.471480547479408e-05
rl_120_3_BUY_0.2,rl,120.0,3,BUY,0.2,2.488353868563763,0.49767077371275265,0.49767077371275265,1.0,62980.45,62985.25,62984.850000000006,7.621412676478035e-05,6.35117723030209e-06,6.35117723030209e-06,0.00017394964063909566
twap_120_3_SELL_0.2,twap,120.0,3,SELL,0.2,2.488353868563763,0.49767077371275265,0.49767077371275265,1.0,62980.45,62984.65000000001,62984.850000000006,-6.668736091932721e-05,6.351177230533145e-06,3.175588615151045e-06,-0.00017914574549533148
pov_120_3_SELL_0.2,pov,120.0,3,SELL,0.2,2.488353868563763,0.49767077371275265,0.49767077371275265,1.0,62980.45,62984.850000000006,62984.850000000006,-6.986294953447826e-05,7.93897153799314e-06,-0.0,-0.0001213089477923083
rl_120_3_SELL_0.2,rl,120.0,3,SELL,0.2,2.488353868563763,0.49767077371275265,0.49767077371275265,1.0,62980.45,62984.45,62984.850000000006,-6.351177230394512e-05,6.351177230533145e-06,6.351177230533145e-06,-0.00017216182292621398
twap_120_4_BUY_0.001,twap,120.0,4,BUY,0.001,1.2089078278085923,0.0012089078278085922,0.0012089078278085922,1.0,62989.75,63013.65000000001,63013.65000000001,0.0003794268115051851,1.587559880866661e-06,0.0,0.00019606364527571265
pov_120_4_BUY_0.001,pov,120.0,4,BUY,0.001,1.2089078278085923,0.0012089078278085922,0.0012089078278085922,1.0,62989.75,63013.65000000001,63013.65000000001,0.0003794268115051851,1.587559880866661e-06,0.0,7.937799403178204e-07
rl_120_4_BUY_0.001,rl,120.0,4,BUY,0.001,1.2089078278085923,0.0012089078278085922,0.0012089078278085922,1.0,62989.75,63013.65000000001,63013.65000000001,0.0003794268115051851,1.587559880866661e-06,0.0,0.00024843065070234477
twap_120_4_SELL_0.001,twap,120.0,4,SELL,0.001,1.2089078278085923,0.0012089078278085922,0.0012089078278085922,1.0,62989.75,63013.65000000001,63013.65000000001,-0.0003794268115051851,1.587559880866661e-06,-0.0,-0.00019447608539519253
pov_120_4_SELL_0.001,pov,120.0,4,SELL,0.001,1.2089078278085923,0.0012089078278085922,0.0012089078278085922,1.0,62989.75,63013.65000000001,63013.65000000001,-0.0003794268115051851,1.587559880866661e-06,-0.0,7.937799402023102e-07
rl_120_4_SELL_0.001,rl,120.0,4,SELL,0.001,1.2089078278085923,0.0012089078278085922,0.0012089078278085922,1.0,62989.75,63013.65000000001,63013.65000000001,-0.0003794268115051851,1.587559880866661e-06,-0.0,-0.00024684309082170916
twap_120_4_BUY_0.0025,twap,120.0,4,BUY,0.0025,1.2089078278085923,0.003022269569521481,0.003022269569521481,1.0,62989.75,63013.65000000001,63013.65000000001,0.0003794268115051851,1.587559880866661e-06,0.0,0.00019606364527548163
pov_120_4_BUY_0.0025,pov,120.0,4,BUY,0.0025,1.2089078278085923,0.003022269569521481,0.003022269569521481,1.0,62989.75,63013.65000000001,63013.65000000001,0.0003794268115051851,1.587559880866661e-06,0.0,7.937799405488407e-07
rl_120_4_BUY_0.0025,rl,120.0,4,BUY,0.0025,1.2089078278085923,0.003022269569521481,0.003022269569521481,1.0,62989.75,63013.65000000001,63013.65000000001,0.0003794268115051851,1.587559880866661e-06,0.0,0.0002484306507025758
twap_120_4_SELL_0.0025,twap,120.0,4,SELL,0.0025,1.2089078278085923,0.003022269569521481,0.003022269569521481,1.0,62989.75,63013.65000000001,63013.65000000001,-0.0003794268115051851,1.587559880866661e-06,-0.0,-0.000194476085394846
pov_120_4_SELL_0.0025,pov,120.0,4,SELL,0.0025,1.2089078278085923,0.003022269569521481,0.003022269569521481,1.0,62989.75,63013.65000000001,63013.65000000001,-0.0003794268115051851,1.587559880866661e-06,-0.0,7.937799403178204e-07
rl_120_4_SELL_0.0025,rl,120.0,4,SELL,0.0025,1.2089078278085923,0.003022269569521481,0.003022269569521481,1.0,62989.75,63013.65000000001,63013.65000000001,-0.0003794268115051851,1.587559880866661e-06,-0.0,-0.00024684309082194015
twap_120_4_BUY_0.005,twap,120.0,4,BUY,0.005,1.2089078278085923,0.006044539139042962,0.006044539139042962,1.0,62989.75,63013.65000000001,63013.65000000001,0.0003794268115051851,1.587559880866661e-06,0.0,0.00019606364527548163
pov_120_4_BUY_0.005,pov,120.0,4,BUY,0.005,1.2089078278085923,0.006044539139042962,0.006044539139042962,1.0,62989.75,63013.65000000001,63013.65000000001,0.0003794268115051851,1.587559880866661e-06,0.0,7.937799405488407e-07
rl_120_4_BUY_0.005,rl,120.0,4,BUY,0.005,1.2089078278085923,0.006044539139042962,0.006044539139042962,1.0,62989.75,63013.65000000001,63013.65000000001,0.0003794268115051851,1.587559880866661e-06,0.0,0.0002484306507025758
twap_120_4_SELL_0.005,twap,120.0,4,SELL,0.005,1.2089078278085923,0.006044539139042962,0.006044539139042962,1.0,62989.75,63013.65000000001,63013.65000000001,-0.0003794268115051851,1.587559880866661e-06,-0.0,-0.000194476085394846
pov_120_4_SELL_0.005,pov,120.0,4,SELL,0.005,1.2089078278085923,0.006044539139042962,0.006044539139042962,1.0,62989.75,63013.65000000001,63013.65000000001,-0.0003794268115051851,1.587559880866661e-06,-0.0,7.937799403178204e-07
rl_120_4_SELL_0.005,rl,120.0,4,SELL,0.005,1.2089078278085923,0.006044539139042962,0.006044539139042962,1.0,62989.75,63013.55,63013.65000000001,-0.0003778392516243184,1.587559880866661e-06,1.587559880866661e-06,-0.00024684309082194015
twap_120_4_BUY_0.01,twap,120.0,4,BUY,0.01,1.2089078278085923,0.012089078278085924,0.012089078278085924,1.0,62989.75,63013.65000000001,63013.65000000001,0.0003794268115051851,1.587559880866661e-06,0.0,0.00019606364527548163
pov_120_4_BUY_0.01,pov,120.0,4,BUY,0.01,1.2089078278085923,0.012089078278085924,0.012089078278085924,1.0,62989.75,63013.65000000001,63013.65000000001,0.0003794268115051851,1.587559880866661e-06,0.0,7.937799405488407e-07
rl_120_4_BUY_0.01,rl,120.0,4,BUY,0.01,1.2089078278085923,0.012089078278085924,0.012089078278085924,1.0,62989.75,63013.65000000001,63013.65000000001,0.0003794268115051851,1.587559880866661e-06,0.0,0.0002484306507025758
twap_120_4_SELL_0.01,twap,120.0,4,SELL,0.01,1.2089078278085923,0.012089078278085924,0.012089078278085924,1.0,62989.75,63013.65000000001,63013.65000000001,-0.0003794268115051851,1.587559880866661e-06,-0.0,-0.000194476085394846
pov_120_4_SELL_0.01,pov,120.0,4,SELL,0.01,1.2089078278085923,0.012089078278085924,0.012089078278085924,1.0,62989.75,63013.65000000001,63013.65000000001,-0.0003794268115051851,1.587559880866661e-06,-0.0,7.937799403178204e-07
rl_120_4_SELL_0.01,rl,120.0,4,SELL,0.01,1.2089078278085923,0.012089078278085924,0.012089078278085924,1.0,62989.75,63013.55,63013.65000000001,-0.0003778392516243184,1.587559880866661e-06,1.587559880866661e-06,-0.00024684309082194015
twap_120_4_BUY_0.02,twap,120.0,4,BUY,0.02,1.2089078278085923,0.024178156556171847,0.024178156556171847,1.0,62989.75,63013.65000000001,63013.65000000001,0.0003794268115051851,1.587559880866661e-06,0.0,0.00019606364527548163
pov_120_4_BUY_0.02,pov,120.0,4,BUY,0.02,1.2089078278085923,0.024178156556171847,0.024178156556171847,1.0,62989.75,63013.65000000001,63013.65000000001,0.0003794268115051851,3.175119761502302e-06,0.0,7.937799405488407e-07
rl_120_4_BUY_0.02,rl,120.0,4,BUY,0.02,1.2089078278085923,0.024178156556171847,0.024178156556171847,1.0,62989.75,63013.75,63013.65000000001,0.0003810143713858207,1.587559880866661e-06,1.5875598806356408e-06,0.0002484306507025758
twap_120_4_SELL_0.02,twap,120.0,4,SELL,0.02,1.2089078278085923,0.024178156556171847,0.024178156556171847,1.0,62989.75,63013.55,63013.65000000001,-0.0003778392516243184,1.587559880866661e-06,1.587559880866661e-06,-0.000194476085394846
pov_120_4_SELL_0.02,pov,120.0,4,SELL,0.02,1.2089078278085923,0.024178156556171847,0.024178156556171847,1.0,62989.75,63013.65000000001,63013.65000000001,-0.0003794268115051851,1.587559880866661e-06,-0.0,7.937799403178204e-07
rl_120_4_SELL_0.02,rl,120.0,4,SELL,0.02,1.2089078278085923,0.024178156556171847,0.024178156556171847,1.0,62989.75,63013.55,63013.65000000001,-0.0003778392516243184,1.587559880866661e-06,1.587559880866661e-06,-0.00024684309082194015
twap_120_4_BUY_0.05,twap,120.0,4,BUY,0.05,1.2089078278085923,0.06044539139042962,0.06044539139042962,1.0,62989.75,63013.75,63013.65000000001,0.0003810143713858207,1.587559880866661e-06,1.5875598806356408e-06,0.00019606364527571265
pov_120_4_BUY_0.05,pov,120.0,4,BUY,0.05,1.2089078278085923,0.06044539139042962,0.06044539139042962,1.0,62989.75,63013.65000000001,63013.65000000001,0.0003794268115051851,3.175119761502302e-06,0.0,2.1485159726944116e-05
rl_120_4_BUY_0.05,rl,120.0,4,BUY,0.05,1.2089078278085923,0.06044539139042962,0.06044539139042962,1.0,62989.75,63013.75,63013.65000000001,0.0003810143713858207,1.587559880866661e-06,1.5875598806356408e-06,0.0002484306507024603
twap_120_4_SELL_0.05,twap,120.0,4,SELL,0.05,1.2089078278085923,0.06044539139042962,0.06044539139042962,1.0,62989.75,63013.55,63013.65000000001,-0.0003778392516243184,1.587559880866661e-06,1.587559880866661e-06,-0.00019447608539473047
pov_120_4_SELL_0.05,pov,120.0,4,SELL,0.05,1.2089078278085923,0.06044539139042962,0.06044539139042962,1.0,62989.75,63013.65000000001,63013.65000000001,-0.0003794268115051851,3.175119761733322e-06,-0.0,7.937799403178204e-07
rl_120_4_SELL_0.05,rl,120.0,4,SELL,0.05,1.2089078278085923,0.06044539139042962,0.06044539139042962,1.0,62989.75,63013.55,63013.65000000001,-0.0003778392516243184,1.587559880866661e-06,1.587559880866661e-06,-0.0002468430908218247
twap_120_4_BUY_0.1,twap,120.0,4,BUY,0.1,1.2089078278085923,0.12089078278085924,0.12089078278085924,1.0,62989.75,63013.75,63013.65000000001,0.0003810143713858207,3.175119761733322e-06,1.5875598806356408e-06,0.00019606364527571265
pov_120_4_BUY_0.1,pov,120.0,4,BUY,0.1,1.2089078278085923,0.12089078278085924,0.12089078278085924,1.0,62989.75,63013.65000000001,63013.65000000001,0.0003794268115051851,3.175119761502302e-06,0.0,8.462274316554193e-05
rl_120_4_BUY_0.1,rl,120.0,4,BUY,0.1,1.2089078278085923,0.12089078278085924,0.12089078278085924,1.0,62989.75,63013.850000000006,63013.65000000001,0.00038260193126668735,3.175119761733322e-06,3.175119761502302e-06,0.0002484306507024603
twap_120_4_SELL_0.1,twap,120.0,4,SELL,0.1,1.2089078278085923,0.12089078278085924,0.12089078278085924,1.0,62989.75,63013.55,63013.65000000001,-0.0003778392516243184,1.587559880866661e-06,1.587559880866661e-06,-0.00019447608539473047
pov_120_4_SELL_0.1,pov,120.0,4,SELL,0.1,1.2089078278085923,0.12089078278085924,0.12089078278085924,1.0,62989.75,63013.65000000001,63013.65000000001,-0.0003794268115051851,4.762679642368963e-06,-0.0,7.937799403178204e-07
rl_120_4_SELL_0.1,rl,120.0,4,SELL,0.1,1.2089078278085923,0.12089078278085924,0.12089078278085924,1.0,62989.75,63013.45,63013.65000000001,-0.00037625169174345177,3.175119761733322e-06,3.175119761733322e-06,-0.0002468430908218247
twap_120_4_BUY_0.2,twap,120.0,4,BUY,0.2,1.2089078278085923,0.24178156556171848,0.24178156556171848,1.0,62989.75,63013.75,63013.65000000001,0.0003810143713858207,3.175119761733322e-06,1.5875598806356408e-06,0.0001962135905960886
pov_120_4_BUY_0.2,pov,120.0,4,BUY,0.2,1.2089078278085923,0.24178156556171848,0.24178156556171848,1.0,62989.75,63013.65000000001,63013.65000000001,0.0003794268115051851,6.350239523004604e-06,0.0,0.00014054393204459688
rl_120_4_BUY_0.2,rl,120.0,4,BUY,0.2,1.2089078278085923,0.24178156556171848,0.24178156556171848,1.0,62989.75,63013.850000000006,63013.65000000001,0.00038260193126668735,3.175119761733322e-06,3.175119761502302e-06,0.00024844836142952673
twap_120_4_SELL_0.2,twap,120.0,4,SELL,0.2,1.2089078278085923,0.24178156556171848,0.24178156556171848,1.0,62989.75,63013.45,63013.65000000001,-0.00037625169174345177,3.175119761733322e-06,3.175119761733322e-06,-0.00019447608539473047
pov_120_4_SELL_0.2,pov,120.0,4,SELL,0.2,1.2089078278085923,0.24178156556171848,0.24178156556171848,1.0,62989.75,63013.65000000001,63013.65000000001,-0.0003794268115051851,7.937799403871265e-06,-0.0,7.937799403178204e-07
rl_120_4_SELL_0.2,rl,120.0,4,SELL,0.2,1.2089078278085923,0.24178156556171848,0.24178156556171848,1.0,62989.75,63013.350000000006,63013.65000000001,-0.0003746641318628161,4.762679642368963e-06,4.762679642368963e-06,-0.0002468430908218247
twap_300_0_BUY_0.001,twap,300.0,0,BUY,0.001,3.744126938610444,0.003744126938610444,0.003744126938610444,1.0,63057.350000000006,63073.350000000006,63073.350000000006,0.000253737272498765,1.5858579532095902e-06,0.0,-1.7550161347945092e-05
pov_300_0_BUY_0.001,pov,300.0,0,BUY,0.001,3.744126938610444,0.003744126938610444,0.003744126938610444,1.0,63057.350000000006,63073.350000000006,63073.350000000006,0.000253737272498765,1.5858579532095902e-06,0.0,7.929289764894088e-07
rl_300_0_BUY_0.001,rl,300.0,0,BUY,0.001,3.744126938610444,0.003744126938610444,0.003744126938610444,1.0,63057.350000000006,63073.350000000006,63073.350000000006,0.000253737272498765,1.5858579532095902e-06,0.0,-7.260356495928867e-06
twap_300_0_SELL_0.001,twap,300.0,0,SELL,0.001,3.744126938610444,0.003744126938610444,0.003744126938610444,1.0,63057.350000000006,63073.350000000006,63073.350000000006,-0.000253737272498765,1.5858579532095902e-06,-0.0,1.913601930069314e-05
pov_300_0_SELL_0.001,pov,300.0,0,SELL,0.001,3.744126938610444,0.003744126938610444,0.003744126938610444,1.0,63057.350000000006,63073.350000000006,63073.350000000006,-0.000253737272498765,1.5858579532095902e-06,-0.0,7.929289766047951e-07
rl_300_0_SELL_0.001,rl,300.0,0,SELL,0.001,3.744126938610444,0.003744126938610444,0.003744126938610444,1.0,63057.350000000006,63073.350000000006,63073.350000000006,-0.000253737272498765,1.5858579532095902e-06,-0.0,8.846214448907684e-06
twap_300_0_BUY_0.0025,twap,300.0,0,BUY,0.0025,3.744126938610444,0.00936031734652611,0.00936031734652611,1.0,63057.350000000006,63073.350000000006,63073.350000000006,0.000253737272498765,1.5858579532095902e-06,0.0,-1.755016134771432e-05
pov_300_0_BUY_0.0025,pov,300.0,0,BUY,0.0025,3.744126938610444,0.00936031734652611,0.00936031734652611,1.0,63057.350000000006,63073.350000000006,63073.350000000006,0.000253737272498765,1.5858579532095902e-06,0.0,7.929289764894088e-07
rl_300_0_BUY_0.0025,rl,300.0,0,BUY,0.0025,3.744126938610444,0.00936031734652611,0.00936031734652611,1.0,63057.350000000006,63073.45,63073.350000000006,0.0002553231304517438,1.5858579532095902e-06,1.5858579529788176e-06,-7.260356495698094e-06
twap_300_0_SELL_0.0025,twap,300.0,0,SELL,0.0025,3.744126938610444,0.00936031734652611,0.00936031734652611,1.0,63057.350000000006,63073.350000000006,63073.350000000006,-0.000253737272498765,1.5858579532095902e-06,-0.0,1.913601930092391e-05
pov_300_0_SELL_0.0025,pov,300.0,0,SELL,0.0025,3.744126938610444,0.00936031734652611,0.00936031734652611,1.0,63057.350000000006,63073.350000000006,63073.350000000006,-0.000253737272498765,1.5858579532095902e-06,-0.0,7.929289767201814e-07
rl_300_0_SELL_0.0025,rl,300.0,0,SELL,0.0025,3.744126938610444,0.00936031734652611,0.00936031734652611,1.0,63057.350000000006,63073.350000000006,63073.350000000006,-0.000253737272498765,1.5858579532095902e-06,-0.0,8.846214448907684e-06
twap_300_0_BUY_0.005,twap,300.0,0,BUY,0.005,3.744126938610444,0.01872063469305222,0.01872063469305222,1.0,63057.350000000006,63073.350000000006,63073.350000000006,0.000253737272498765,1.5858579532095902e-06,0.0,-1.755016134771432e-05
pov_300_0_BUY_0.005,pov,300.0,0,BUY,0.005,3.744126938610444,0.01872063469305222,0.01872063469305222,1.0,63057.350000000006,63073.350000000006,63073.350000000006,0.000253737272498765,3.1717159064191805e-06,0.0,7.929289764894088e-07
rl_300_0_BUY_0.005,rl,300.0,0,BUY,0.005,3.744126938610444,0.01872063469305222,0.01872063469305222,1.0,63057.350000000006,63073.45,63073.350000000006,0.0002553231304517438,1.5858579532095902e-06,1.5858579529788176e-06,-7.260356495698094e-06
twap_300_0_SELL_0.005,twap,300.0,0,SELL,0.005,3.744126938610444,0.01872063469305222,0.01872063469305222,1.0,63057.350000000006,63073.350000000006,63073.350000000006,-0.000253737272498765,1.5858579532095902e-06,-0.0,1.913601930092391e-05
pov_300_0_SELL_0.005,pov,300.0,0,SELL,0.005,3.744126938610444,0.01872063469305222,0.01872063469305222,1.0,63057.350000000006,63073.350000000006,63073.350000000006,-0.000253737272498765,1.5858579532095902e-06,-0.0,7.929289767201814e-07
rl_300_0_SELL_0.005,rl,300.0,0,SELL,0.005,3.744126938610444,0.01872063469305222,0.01872063469305222,1.0,63057.350000000006,63073.350000000006,63073.350000000006,-0.000253737272498765,1.5858579532095902e-06,-0.0,8.846214448907684e-06
twap_300_0_BUY_0.01,twap,300.0,0,BUY,0.01,3.744126938610444,0.03744126938610444,0.03744126938610444,1.0,63057.350000000006,63073.45,63073.350000000006,0.0002553231304517438,1.5858579532095902e-06,1.5858579529788176e-06,-1.755016134771432e-05
pov_300_0_BUY_0.01,pov,300.0,0,BUY,0.01,3.744126938610444,0.03744126938610444,0.03744126938610444,1.0,63057.350000000006,63073.350000000006,63073.350000000006,0.000253737272498765,3.1717159064191805e-06,0.0,7.929289764894088e-07
rl_300_0_BUY_0.01,rl,300.0,0,BUY,0.01,3.744126938610444,0.03744126938610444,0.03744126938610444,1.0,63057.350000000006,63073.45,63073.350000000006,0.0002553231304517438,1.5858579532095902e-06,1.5858579529788176e-06,-7.260356495698094e-06
twap_300_0_SELL_0.01,twap,300.0,0,SELL,0.01,3.744126938610444,0.03744126938610444,0.03744126938610444,1.0,63057.350000000006,63073.350000000006,63073.350000000006,-0.000253737272498765,1.5858579532095902e-06,-0.0,1.913601930092391e-05
pov_300_0_SELL_0.01,pov,300.0,0,SELL,0.01,3.744126938610444,0.03744126938610444,0.03744126938610444,1.0,63057.350000000006,63073.350000000006,63073.350000000006,-0.000253737272498765,3.171715906188408e-06,-0.0,7.929289767201814e-07
rl_300_0_SELL_0.01,rl,300.0,0,SELL,0.01,3.744126938610444,0.03744126938610444,0.03744126938610444,1.0,63057.350000000006,63073.25,63073.350000000006,-0.00025215141454555537,1.5858579532095902e-06,1.5858579532095902e-06,8.846214448907684e-06
twap_300_0_BUY_0.02,twap,300.0,0,BUY,0.02,3.744126938610444,0.07488253877220888,0.07488253877220888,1.0,63057.350000000006,63073.45,63073.350000000006,0.0002553231304517438,1.5858579532095902e-06,1.5858579529788176e-06,-1.755016134771432e-05
pov_300_0_BUY_0.02,pov,300.0,0,BUY,0.02,3.744126938610444,0.07488253877220888,0.07488253877220888,1.0,63057.350000000006,63073.350000000006,63073.350000000006,0.000253737272498765,4.757573859397998e-06,0.0,7.929289764894088e-07
rl_300_0_BUY_0.02,rl,300.0,0,BUY,0.02,3.744126938610444,0.07488253877220888,0.07488253877220888,1.0,63057.350000000006,63073.45,63073.350000000006,0.0002553231304517438,1.5858579532095902e-06,1.5858579529788176e-06,-7.260356495698094e-06
twap_300_0_SELL_0.02,twap,300.0,0,SELL,0.02,3.744126938610444,0.07488253877220888,0.07488253877220888,1.0,63057.350000000006,63073.350000000006,63073.350000000006,-0.000253737272498765,1.5858579532095902e-06,-0.0,1.913601930092391e-05
pov_300_0_SELL_0.02,pov,300.0,0,SELL,0.02,3.744126938610444,0.07488253877220888,0.07488253877220888,1.0,63057.350000000006,63073.350000000006,63073.350000000006,-0.000253737272498765,4.757573859167226e-06,-0.0,7.929289767201814e-07
rl_300_0_SELL_0.02,rl,300.0,0,SELL,0.02,3.744126938610444,0.07488253877220888,0.07488253877220888,1.0,63057.350000000006,63073.25,63073.350000000006,-0.00025215141454555537,1.5858579532095902e-06,1.5858579532095902e-06,8.846214448907684e-06
twap_300_0_BUY_0.05,twap,300.0,0,BUY,0.05,3.744126938610444,0.1872063469305222,0.1872063469305222,1.0,63057.350000000006,63073.45,63073.350000000006,0.0002553231304517438,1.5858579532095902e-06,1.5858579529788176e-06,-1.7550161347829706e-05
pov_300_0_BUY_0.05,pov,300.0,0,BUY,0.05,3.744126938610444,0.1872063469305222,0.1872063469305222,1.0,63057.350000000006,63073.350000000006,63073.350000000006,0.000253737272498765,7.929289765586406e-06,0.0,7.929289764894088e-07
rl_300_0_BUY_0.05,rl,300.0,0,BUY,0.05,3.744126938610444,0.1872063469305222,0.1872063469305222,1.0,63057.350000000006,63073.55,63073.350000000006,0.0002569089884049534,3.171715906188408e-06,3.171715906188408e-06,-7.2603564958134805e-06
twap_300_0_SELL_0.05,twap,300.0,0,SELL,0.05,3.744126938610444,0.1872063469305222,0.1872063469305222,1.0,63057.350000000006,63073.25,63073.350000000006,-0.00025215141454555537,1.5858579532095902e-06,1.5858579532095902e-06,1.913601930092391e-05
pov_300_0_SELL_0.05,pov,300.0,0,SELL,0.05,3.744126938610444,0.1872063469305222,0.1872063469305222,1.0,63057.350000000006,63073.350000000006,63073.350000000006,-0.000253737272498765,4.757573859397998e-06,-0.0,1.0742245555869151e-05
rl_300_0_SELL_0.05,rl,300.0,0,SELL,0.05,3.744126938610444,0.1872063469305222,0.1872063469305222,1.0,63057.350000000006,63073.15000000001,63073.350000000006,-0.00025056555659257656,3.1717159064191805e-06,3.171715906188408e-06,9.519143431180962e-06
twap_300_0_BUY_0.1,twap,300.0,0,BUY,0.1,3.744126938610444,0.3744126938610444,0.3744126938610444,1.0,63057.350000000006,63073.45,63073.350000000006,0.0002553231304517438,3.171715906188408e-06,1.5858579529788176e-06,-1.7550161347829706e-05
pov_300_0_BUY_0.1,pov,300.0,0,BUY,0.1,3.744126938610444,0.3744126938610444,0.3744126938610444,1.0,63057.350000000006,63073.350000000006,63073.350000000006,0.000253737272498765,1.1101005672005586e-05,0.0,7.929289764894088e-07
rl_300_0_BUY_0.1,rl,300.0,0,BUY,0.1,3.744126938610444,0.3744126938610444,0.3744126938610444,1.0,63057.350000000006,63073.55,63073.350000000006,0.0002569089884049534,3.171715906188408e-06,3.171715906188408e-06,-7.2603564958134805e-06
twap_300_0_SELL_0.1,twap,300.0,0,SELL,0.1,3.744126938610444,0.3744126938610444,0.3744126938610444,1.0,63057.350000000006,63073.25,63073.350000000006,-0.00025215141454555537,3.1717159064191805e-06,1.5858579532095902e-06,1.9142053195762307e-05
pov_300_0_SELL_0.1,pov,300.0,0,SELL,0.1,3.744126938610444,0.3744126938610444,0.3744126938610444,1.0,63057.350000000006,63073.350000000006,63073.350000000006,-0.000253737272498765,7.929289765586406e-06,-0.0,4.2543178909218145e-06
rl_300_0_SELL_0.1,rl,300.0,0,SELL,0.1,3.744126938610444,0.3744126938610444,0.3744126938610444,1.0,63057.350000000006,63073.05,63073.350000000006,-0.000248979698639367,4.757573859397998e-06,4.757573859397998e-06,9.961621022196192e-06
twap_300_0_BUY_0.2,twap,300.0,0,BUY,0.2,3.744126938610444,0.7488253877220888,0.7488253877220888,1.0,63057.350000000006,63073.55,63073.350000000006,0.0002569089884049534,3.1717159064191805e-06,3.171715906188408e-06,-1.7550161347829706e-05
pov_300_0_BUY_0.2,pov,300.0,0,BUY,0.2,3.744126938610444,0.7488253877220888,0.7488253877220888,1.0,63057.350000000006,63073.350000000006,63073.350000000006,0.000253737272498765,1.4272721578193994e-05,0.0,-1.6954221486257346e-06
rl_300_0_BUY_0.2,rl,300.0,0,BUY,0.2,3.744126938610444,0.7488253877220888,0.7488253877220888,1.0,63057.350000000006,63073.65000000001,63073.350000000006,0.000258494846358163,4.757573859397998e-06,4.757573859397998e-06,-7.2603564958134805e-06
twap_300_0_SELL_0.2,twap,300.0,0,SELL,0.2,3.744126938610444,0.7488253877220888,0.7488253877220888,1.0,63057.350000000006,63073.15000000001,63073.350000000006,-0.00025056555659257656,3.1717159064191805e-06,3.171715906188408e-06,1.933752492625868e-05
pov_300_0_SELL_0.2,pov,300.0,0,SELL,0.2,3.744126938610444,0.7488253877220888,0.7488253877220888,1.0,63057.350000000006,63073.350000000006,63073.350000000006,-0.000253737272498765,1.1101005672005586e-05,-0.0,-3.632989641762162e-05
rl_300_0_SELL_0.2,rl,300.0,0,SELL,0.2,3.744126938610444,0.7488253877220888,0.7488253877220888,1.0,63057.350000000006,63072.95,63073.350000000006,-0.0002473938406861574,6.3434318126075885e-06,6.3434318126075885e-06,1.0182925999450153e-05
twap_300_1_BUY_0.001,twap,300.0,1,BUY,0.001,4.911742951444921,0.004911742951444921,0.004911742951444921,1.0,63004.75,63029.15000000001,63029.15000000001,0.0003872723881930923,1.587181918915967e-06,0.0,8.21631173307481e-05
pov_300_1_BUY_0.001,pov,300.0,1,BUY,0.001,4.911742951444921,0.004911742951444921,0.004911742951444921,1.0,63004.75,63029.15000000001,63029.15000000001,0.0003872723881930923,1.587181918915967e-06,0.0,7.935909594579834e-07
rl_300_1_BUY_0.001,rl,300.0,1,BUY,0.001,4.911742951444921,0.004911742951444921,0.004911742951444921,1.0,63004.75,63029.15000000001,63029.15000000001,0.0003872723881930923,1.587181918915967e-06,0.0,0.00012082722549377323
twap_300_1_SELL_0.001,twap,300.0,1,SELL,0.001,4.911742951444921,0.004911742951444921,0.004911742951444921,1.0,63004.75,63029.15000000001,63029.15000000001,-0.0003872723881930923,1.587181918915967e-06,-0.0,-8.036431115617682e-05
pov_300_1_SELL_0.001,pov,300.0,1,SELL,0.001,4.911742951444921,0.004911742951444921,0.004911742951444921,1.0,63004.75,63029.15000000001,63029.15000000001,-0.0003872723881930923,1.587181918915967e-06,-0.0,7.935909593425008e-07
rl_300_1_SELL_0.001,rl,300.0,1,SELL,0.001,4.911742951444921,0.004911742951444921,0.004911742951444921,1.0,63004.75,63029.15000000001,63029.15000000001,-0.0003872723881930923,1.587181918915967e-06,-0.0,-0.00011913048502016653
twap_300_1_BUY_0.0025,twap,300.0,1,BUY,0.0025,4.911742951444921,0.012279357378612304,0.012279357378612304,1.0,63004.75,63029.15000000001,63029.15000000001,0.0003872723881930923,1.587181918915967e-06,0.0,8.216311733097906e-05
pov_300_1_BUY_0.0025,pov,300.0,1,BUY,0.0025,4.911742951444921,0.012279357378612304,0.012279357378612304,1.0,63004.75,63029.15000000001,63029.15000000001,0.0003872723881930923,1.587181918915967e-06,0.0,7.935909594579834e-07
rl_300_1_BUY_0.0025,rl,300.0,1,BUY,0.0025,4.911742951444921,0.012279357378612304,0.012279357378612304,1.0,63004.75,63029.25,63029.15000000001,0.0003888595701117773,1.587181918915967e-06,1.5871819186850016e-06,0.00012082722549377323
twap_300_1_SELL_0.0025,twap,300.0,1,SELL,0.0025,4.911742951444921,0.012279357378612304,0.012279357378612304,1.0,63004.75,63029.15000000001,63029.15000000001,-0.0003872723881930923,1.587181918915967e-06,-0.0,-8.036431115663876e-05
pov_300_1_SELL_0.0025,pov,300.0,1,SELL,0.0025,4.911742951444921,0.012279357378612304,0.012279357378612304,1.0,63004.75,63029.15000000001,63029.15000000001,-0.0003872723881930923,3.174363837831934e-06,-0.0,7.935909593425008e-07
rl_300_1_SELL_0.0025,rl,300.0,1,SELL,0.0025,4.911742951444921,0.012279357378612304,0.012279357378612304,1.0,63004.75,63029.15000000001,63029.15000000001,-0.0003872723881930923,1.587181918915967e-06,-0.0,-0.00011913048502028201
twap_300_1_BUY_0.005,twap,300.0,1,BUY,0.005,4.911742951444921,0.024558714757224608,0.024558714757224608,1.0,63004.75,63029.15000000001,63029.15000000001,0.0003872723881930923,1.587181918915967e-06,0.0,8.216311733097906e-05
pov_300_1_BUY_0.005,pov,300.0,1,BUY,0.005,4.911742951444921,0.024558714757224608,0.024558714757224608,1.0,63004.75,63029.15000000001,63029.15000000001,0.0003872723881930923,3.1743638376009687e-06,0.0,7.935909594579834e-07
rl_300_1_BUY_0.005,rl,300.0,1,BUY,0.005,4.911742951444921,0.024558714757224608,0.024558714757224608,1.0,63004.75,63029.25,63029.15000000001,0.0003888595701117773,1.587181918915967e-06,1.5871819186850016e-06,0.00012082722549377323
twap_300_1_SELL_0.005,twap,300.0,1,SELL,0.005,4.911742951444921,0.024558714757224608,0.024558714757224608,1.0,63004.75,63029.15000000001,63029.15000000001,-0.0003872723881930923,1.587181918915967e-06,-0.0,-8.036431115663876e-05
pov_300_1_SELL_0.005,pov,300.0,1,SELL,0.005,4.911742951444921,0.024558714757224608,0.024558714757224608,1.0,63004.75,63029.15000000001,63029.15000000001,-0.0003872723881930923,3.174363837831934e-06,-0.0,7.935909593425008e-07
rl_300_1_SELL_0.005,rl,300.0,1,SELL,0.005,4.911742951444921,0.024558714757224608,0.024558714757224608,1.0,63004.75,63029.15000000001,63029.15000000001,-0.0003872723881930923,1.587181918915967e-06,-0.0,-0.00011913048502028201
twap_300_1_BUY_0.01,twap,300.0,1,BUY,0.01,4.911742951444921,0.049117429514449217,0.049117429514449217,1.0,63004.75,63029.25,63029.15000000001,0.0003888595701117773,1.587181918915967e-06,1.5871819186850016e-06,8.216311733097906e-05
pov_300_1_BUY_0.01,pov,300.0,1,BUY,0.01,4.911742951444921,0.049117429514449217,0.049117429514449217,1.0,63004.75,63029.15000000001,63029.15000000001,0.0003872723881930923,3.1743638376009687e-06,0.0,7.935909594579834e-07
rl_300_1_BUY_0.01,rl,300.0,1,BUY,0.01,4.911742951444921,0.049117429514449217,0.049117429514449217,1.0,63004.75,63029.25,63029.15000000001,0.0003888595701117773,1.587181918915967e-06,1.5871819186850016e-06,0.00012082722549377323
twap_300_1_SELL_0.01,twap,300.0,1,SELL,0.01,4.911742951444921,0.049117429514449217,0.049117429514449217,1.0,63004.75,63029.15000000001,63029.15000000001,-0.0003872723881930923,1.587181918915967e-06,-0.0,-8.036431115663876e-05
pov_300_1_SELL_0.01,pov,300.0,1,SELL,0.01,4.911742951444921,0.049117429514449217,0.049117429514449217,1.0,63004.75,63029.15000000001,63029.15000000001,-0.0003872723881930923,4.761545756516935e-06,-0.0,7.935909593425008e-07
rl_300_1_SELL_0.01,rl,300.0,1,SELL,0.01,4.911742951444921,0.049117429514449217,0.049117429514449217,1.0,63004.75,63029.05,63029.15000000001,-0.0003856852062741763,1.587181918915967e-06,1.587181918915967e-06,-0.00011913048502028201
twap_300_1_BUY_0.02,twap,300.0,1,BUY,0.02,4.911742951444921,0.09823485902889843,0.09823485902889843,1.0,63004.75,63029.25,63029.15000000001,0.0003888595701117773,1.587181918915967e-06,1.5871819186850016e-06,8.216311733097906e-05
pov_300_1_BUY_0.02,pov,300.0,1,BUY,0.02,4.911742951444921,0.09823485902889843,0.09823485902889843,1.0,63004.75,63029.15000000001,63029.15000000001,0.0003872723881930923,4.761545756516935e-06,0.0,7.935909594579834e-07
rl_300_1_BUY_0.02,rl,300.0,1,BUY,0.02,4.911742951444921,0.09823485902889843,0.09823485902889843,1.0,63004.75,63029.25,63029.15000000001,0.0003888595701117773,1.587181918915967e-06,1.5871819186850016e-06,0.00012082722549377323
twap_300_1_SELL_0.02,twap,300.0,1,SELL,0.02,4.911742951444921,0.09823485902889843,0.09823485902889843,1.0,63004.75,63029.05,63029.15000000001,-0.0003856852062741763,1.587181918915967e-06,1.587181918915967e-06,-8.036431115663876e-05
pov_300_1_SELL_0.02,pov,300.0,1,SELL,0.02,4.911742951444921,0.09823485902889843,0.09823485902889843,1.0,63004.75,63029.15000000001,63029.15000000001,-0.0003872723881930923,6.348727675432902e-06,-0.0,7.935909593425008e-07
rl_300_1_SELL_0.02,rl,300.0,1,SELL,0.02,4.911742951444921,0.09823485902889843,0.09823485902889843,1.0,63004.75,63029.05,63029.15000000001,-0.0003856852062741763,1.587181918915967e-06,1.587181918915967e-06,-0.00011913048502028201
twap_300_1_BUY_0.05,twap,300.0,1,BUY,0.05,4.911742951444921,0.2455871475722461,0.2455871475722461,1.0,63004.75,63029.25,63029.15000000001,0.0003888595701117773,1.587181918915967e-06,1.5871819186850016e-06,8.216311733097906e-05
pov_300_1_BUY_0.05,pov,300.0,1,BUY,0.05,4.911742951444921,0.2455871475722461,0.2455871475722461,1.0,63004.75,63029.15000000001,63029.15000000001,0.0003872723881930923,7.935909594117904e-06,0.0,7.935909594579834e-07
rl_300_1_BUY_0.05,rl,300.0,1,BUY,0.05,4.911742951444921,0.2455871475722461,0.2455871475722461,1.0,63004.75,63029.350000000006,63029.15000000001,0.0003904467520306933,3.1743638376009687e-06,3.1743638376009687e-06,0.00012082722549342679
twap_300_1_SELL_0.05,twap,300.0,1,SELL,0.05,4.911742951444921,0.2455871475722461,0.2455871475722461,1.0,63004.75,63029.05,63029.15000000001,-0.0003856852062741763,1.587181918915967e-06,1.587181918915967e-06,-8.03643111564078e-05
pov_300_1_SELL_0.05,pov,300.0,1,SELL,0.05,4.911742951444921,0.2455871475722461,0.2455871475722461,1.0,63004.75,63029.15000000001,63029.15000000001,-0.0003872723881930923,9.52309151303387e-06,-0.0,7.935909593425008e-07
rl_300_1_SELL_0.05,rl,300.0,1,SELL,0.05,4.911742951444921,0.2455871475722461,0.2455871475722461,1.0,63004.75,63028.95,63029.15000000001,-0.00038409802435526036,3.174363837831934e-06,3.174363837831934e-06,-0.0001191304850197046
twap_300_1_BUY_0.1,twap,300.0,1,BUY,0.1,4.911742951444921,0.4911742951444922,0.4911742951444922,1.0,63004.75,63029.25,63029.15000000001,0.0003888595701117773,3.1743638376009687e-06,1.5871819186850016e-06,8.221602339495062e-05
pov_300_1_BUY_0.1,pov,300.0,1,BUY,0.1,4.911742951444921,0.4911742951444922,0.4911742951444922,1.0,63004.75,63029.15000000001,63029.15000000001,0.0003872723881930923,7.935909594117904e-06,0.0,6.817830033779138e-05
rl_300_1_BUY_0.1,rl,300.0,1,BUY,0.1,4.911742951444921,0.4911742951444922,0.4911742951444922,1.0,63004.75,63029.45,63029.15000000001,0.00039203393394937825,4.76154575628597e-06,4.76154575628597e-06,0.00012084007252370719
twap_300_1_SELL_0.1,twap,300.0,1,SELL,0.1,4.911742951444921,0.4911742951444922,0.4911742951444922,1.0,63004.75,63029.05,63029.15000000001,-0.0003856852062741763,3.174363837831934e-06,1.587181918915967e-06,-8.03643111564078e-05
pov_300_1_SELL_0.1,pov,300.0,1,SELL,0.1,4.911742951444921,0.4911742951444922,0.4911742951444922,1.0,63004.75,63029.15000000001,63029.15000000001,-0.0003872723881930923,1.2697455350634838e-05,-0.0,7.935909593425008e-07
rl_300_1_SELL_0.1,rl,300.0,1,SELL,0.1,4.911742951444921,0.4911742951444922,0.4911742951444922,1.0,63004.75,63028.95,63029.15000000001,-0.00038409802435526036,4.761545756516935e-06,3.174363837831934e-06,-0.0001191304850197046
twap_300_1_BUY_0.2,twap,300.0,1,BUY,0.2,4.911742951444921,0.9823485902889844,0.9823485902889844,1.0,63004.75,63029.350000000006,63029.15000000001,0.0003904467520306933,4.761545756516935e-06,3.1743638376009687e-06,8.248304044489426e-05
pov_300_1_BUY_0.2,pov,300.0,1,BUY,0.2,4.911742951444921,0.9823485902889844,0.9823485902889844,1.0,63004.75,63029.15000000001,63029.15000000001,0.0003872723881930923,1.4284637269319841e-05,0.0,0.00011384504158980372
rl_300_1_BUY_0.2,rl,300.0,1,BUY,0.2,4.911742951444921,0.9823485902889844,0.9823485902889844,1.0,63004.75,63029.55,63029.15000000001,0.0003936211158682942,6.348727675432902e-06,6.348727675201937e-06,0.00012122450579821702
twap_300_1_SELL_0.2,twap,300.0,1,SELL,0.2,4.911742951444921,0.9823485902889844,0.9823485902889844,1.0,63004.75,63028.95,63029.15000000001,-0.00038409802435526036,4.76154575628597e-06,3.174363837831934e-06,-8.020574328564634e-05
pov_300_1_SELL_0.2,pov,300.0,1,SELL,0.2,4.911742951444921,0.9823485902889844,0.9823485902889844,1.0,63004.75,63029.15000000001,63029.15000000001,-0.0003872723881930923,1.4284637269550807e-05,-0.0,-4.0267690299715846e-05
rl_300_1_SELL_0.2,rl,300.0,1,SELL,0.2,4.911742951444921,0.9823485902889844,0.9823485902889844,1.0,63004.75,63028.75,63029.15000000001,-0.00038092366051765936,6.348727675432902e-06,6.348727675432902e-06,-0.0001190636189205543
twap_300_2_BUY_0.001,twap,300.0,2,BUY,0.001,4.002363041637925,0.004002363041637925,0.004002363041637925,1.0,63018.55,63025.05,63025.05,0.00010314423292824096,1.5868343528345346e-06,0.0,-8.399643173885647e-05
pov_300_2_BUY_0.001,pov,300.0,2,BUY,0.001,4.002363041637925,0.004002363041637925,0.004002363041637925,1.0,63018.55,63025.05,63025.05,0.00010314423292824096,1.5868343528345346e-06,0.0,7.9341717630181e-07
rl_300_2_BUY_0.001,rl,300.0,2,BUY,0.001,4.002363041637925,0.004002363041637925,0.004002363041637925,1.0,63018.55,63025.05,63025.05,0.00010314423292824096,1.5868343528345346e-06,0.0,-7.463883194211173e-05
twap_300_2_SELL_0.001,twap,300.0,2,SELL,0.001,4.002363041637925,0.004002363041637925,0.004002363041637925,1.0,63018.55,63025.05,63025.05,-0.00010314423292824096,1.5868343528345346e-06,-0.0,8.642957774631286e-05
pov_300_2_SELL_0.001,pov,300.0,2,SELL,0.001,4.002363041637925,0.004002363041637925,0.004002363041637925,1.0,63018.55,63025.05,63025.05,-0.00010314423292824096,1.5868343528345346e-06,-0.0,7.934171764172673e-07
rl_300_2_SELL_0.001,rl,300.0,2,SELL,0.001,4.002363041637925,0.004002363041637925,0.004002363041637925,1.0,63018.55,63025.05,63025.05,-0.00010314423292824096,1.5868343528345346e-06,-0.0,7.682964527788579e-05
twap_300_2_BUY_0.0025,twap,300.0,2,BUY,0.0025,4.002363041637925,0.010005907604094812,0.010005907604094812,1.0,63018.55,63025.05,63025.05,0.00010314423292824096,1.5868343528345346e-06,0.0,-8.399643173839464e-05
pov_300_2_BUY_0.0025,pov,300.0,2,BUY,0.0025,4.002363041637925,0.010005907604094812,0.010005907604094812,1.0,63018.55,63025.05,63025.05,0.00010314423292824096,1.5868343528345346e-06,0.0,7.9341717630181e-07
rl_300_2_BUY_0.0025,rl,300.0,2,BUY,0.0025,4.002363041637925,0.010005907604094812,0.010005907604094812,1.0,63018.55,63025.15000000001,63025.05,0.0001047310672810755,1.5868343528345346e-06,1.5868343528345346e-06,-7.463883194222718e-05
twap_300_2_SELL_0.0025,twap,300.0,2,SELL,0.0025,4.002363041637925,0.010005907604094812,0.010005907604094812,1.0,63018.55,63025.05,63025.05,-0.00010314423292824096,1.5868343528345346e-06,-0.0,8.642957774608196e-05
pov_300_2_SELL_0.0025,pov,300.0,2,SELL,0.0025,4.002363041637925,0.010005907604094812,0.010005907604094812,1.0,63018.55,63025.05,63025.05,-0.00010314423292824096,1.5868343528345346e-06,-0.0,7.9341717630181e-07
rl_300_2_SELL_0.0025,rl,300.0,2,SELL,0.0025,4.002363041637925,0.010005907604094812,0.010005907604094812,1.0,63018.55,63025.05,63025.05,-0.00010314423292824096,1.5868343528345346e-06,-0.0,7.682964527811671e-05
twap_300_2_BUY_0.005,twap,300.0,2,BUY,0.005,4.002363041637925,0.020011815208189624,0.020011815208189624,1.0,63018.55,63025.05,63025.05,0.00010314423292824096,1.5868343528345346e-06,0.0,-8.399643173839464e-05
pov_300_2_BUY_0.005,pov,300.0,2,BUY,0.005,4.002363041637925,0.020011815208189624,0.020011815208189624,1.0,63018.55,63025.05,63025.05,0.00010314423292824096,3.1736687054381546e-06,0.0,7.9341717630181e-07
rl_300_2_BUY_0.005,rl,300.0,2,BUY,0.005,4.002363041637925,0.020011815208189624,0.020011815208189624,1.0,63018.55,63025.15000000001,63025.05,0.0001047310672810755,1.5868343528345346e-06,1.5868343528345346e-06,-7.463883194222718e-05
twap_300_2_SELL_0.005,twap,300.0,2,SELL,0.005,4.002363041637925,0.020011815208189624,0.020011815208189624,1.0,63018.55,63025.05,63025.05,-0.00010314423292824096,1.5868343528345346e-06,-0.0,8.642957774608196e-05
pov_300_2_SELL_0.005,pov,300.0,2,SELL,0.005,4.002363041637925,0.020011815208189624,0.020011815208189624,1.0,63018.55,63025.05,63025.05,-0.00010314423292824096,1.5868343528345346e-06,-0.0,7.9341717630181e-07
rl_300_2_SELL_0.005,rl,300.0,2,SELL,0.005,4.002363041637925,0.020011815208189624,0.020011815208189624,1.0,63018.55,63025.05,63025.05,-0.00010314423292824096,1.5868343528345346e-06,-0.0,7.682964527811671e-05
twap_300_2_BUY_0.01,twap,300.0,2,BUY,0.01,4.002363041637925,0.04002363041637925,0.04002363041637925,1.0,63018.55,63025.15000000001,63025.05,0.0001047310672810755,1.5868343528345346e-06,1.5868343528345346e-06,-8.399643173839464e-05
pov_300_2_BUY_0.01,pov,300.0,2,BUY,0.01,4.002363041637925,0.04002363041637925,0.04002363041637925,1.0,63018.55,63025.05,63025.05,0.00010314423292824096,3.1736687054381546e-06,0.0,7.9341717630181e-07
rl_300_2_BUY_0.01,rl,300.0,2,BUY,0.01,4.002363041637925,0.04002363041637925,0.04002363041637925,1.0,63018.55,63025.15000000001,63025.05,0.0001047310672810755,1.5868343528345346e-06,1.5868343528345346e-06,-7.463883194222718e-05
twap_300_2_SELL_0.01,twap,300.0,2,SELL,0.01,4.002363041637925,0.04002363041637925,0.04002363041637925,1.0,63018.55,63025.05,63025.05,-0.00010314423292824096,1.5868343528345346e-06,-0.0,8.642957774608196e-05
pov_300_2_SELL_0.01,pov,300.0,2,SELL,0.01,4.002363041637925,0.04002363041637925,0.04002363041637925,1.0,63018.55,63025.05,63025.05,-0.00010314423292824096,3.1736687054381546e-06,-0.0,7.9341717630181e-07
rl_300_2_SELL_0.01,rl,300.0,2,SELL,0.01,4.002363041637925,0.04002363041637925,0.04002363041637925,1.0,63018.55,63024.95,63025.05,-0.00010155739857540643,1.5868343528345346e-06,1.5868343528345346e-06,7.682964527811671e-05
twap_300_2_BUY_0.02,twap,300.0,2,BUY,0.02,4.002363041637925,0.0800472608327585,0.0800472608327585,1.0,63018.55,63025.15000000001,63025.05,0.0001047310672810755,1.5868343528345346e-06,1.5868343528345346e-06,-8.399643173839464e-05
pov_300_2_BUY_0.02,pov,300.0,2,BUY,0.02,4.002363041637925,0.0800472608327585,0.0800472608327585,1.0,63018.55,63025.05,63025.05,0.00010314423292824096,4.760503058272689e-06,0.0,7.9341717630181e-07
rl_300_2_BUY_0.02,rl,300.0,2,BUY,0.02,4.002363041637925,0.0800472608327585,0.0800472608327585,1.0,63018.55,63025.15000000001,63025.05,0.0001047310672810755,1.5868343528345346e-06,1.5868343528345346e-06,-7.463883194222718e-05
twap_300_2_SELL_0.02,twap,300.0,2,SELL,0.02,4.002363041637925,0.0800472608327585,0.0800472608327585,1.0,63018.55,63025.05,63025.05,-0.00010314423292824096,1.5868343528345346e-06,-0.0,8.642957774608196e-05
pov_300_2_SELL_0.02,pov,300.0,2,SELL,0.02,4.002363041637925,0.0800472608327585,0.0800472608327585,1.0,63018.55,63025.05,63025.05,-0.00010314423292824096,4.760503058272689e-06,-0.0,7.9341717630181e-07
rl_300_2_SELL_0.02,rl,300.0,2,SELL,0.02,4.002363041637925,0.0800472608327585,0.0800472608327585,1.0,63018.55,63024.95,63025.05,-0.00010155739857540643,1.5868343528345346e-06,1.5868343528345346e-06,7.682964527811671e-05
twap_300_2_BUY_0.05,twap,300.0,2,BUY,0.05,4.002363041637925,0.20011815208189626,0.20011815208189626,1.0,63018.55,63025.15000000001,63025.05,0.0001047310672810755,1.5868343528345346e-06,1.5868343528345346e-06,-8.399643173816372e-05
pov_300_2_BUY_0.05,pov,300.0,2,BUY,0.05,4.002363041637925,0.20011815208189626,0.20011815208189626,1.0,63018.55,63025.05,63025.05,0.00010314423292824096,7.934171763710843e-06,0.0,7.9341717630181e-07
rl_300_2_BUY_0.05,rl,300.0,2,BUY,0.05,4.002363041637925,0.20011815208189626,0.20011815208189626,1.0,63018.55,63025.25,63025.05,0.00010631790163367911,3.1736687054381546e-06,3.1736687054381546e-06,-7.463883194199628e-05
twap_300_2_SELL_0.05,twap,300.0,2,SELL,0.05,4.002363041637925,0.20011815208189626,0.20011815208189626,1.0,63018.55,63024.95,63025.05,-0.00010155739857540643,1.5868343528345346e-06,1.5868343528345346e-06,8.648247222440201e-05
pov_300_2_SELL_0.05,pov,300.0,2,SELL,0.05,4.002363041637925,0.20011815208189626,0.20011815208189626,1.0,63018.55,63025.05,63025.05,-0.00010314423292824096,7.934171763710843e-06,-0.0,7.934171764172673e-07
rl_300_2_SELL_0.05,rl,300.0,2,SELL,0.05,4.002363041637925,0.20011815208189626,0.20011815208189626,1.0,63018.55,63024.95,63025.05,-0.00010155739857540643,3.1736687054381546e-06,1.5868343528345346e-06,7.68709443661092e-05
twap_300_2_BUY_0.1,twap,300.0,2,BUY,0.1,4.002363041637925,0.4002363041637925,0.4002363041637925,1.0,63018.55,63025.15000000001,63025.05,0.0001047310672810755,3.1736687056690693e-06,1.5868343528345346e-06,-8.399643173816372e-05
pov_300_2_BUY_0.1,pov,300.0,2,BUY,0.1,4.002363041637925,0.4002363041637925,0.4002363041637925,1.0,63018.55,63025.05,63025.05,0.00010314423292824096,7.934171763710843e-06,0.0,-3.3193710070369e-05
rl_300_2_BUY_0.1,rl,300.0,2,BUY,0.1,4.002363041637925,0.4002363041637925,0.4002363041637925,1.0,63018.55,63025.25,63025.05,0.00010631790163367911,3.1736687056690693e-06,3.1736687054381546e-06,-7.463883194199628e-05
twap_300_2_SELL_0.1,twap,300.0,2,SELL,0.1,4.002363041637925,0.4002363041637925,0.4002363041637925,1.0,63018.55,63024.95,63025.05,-0.00010155739857540643,3.1736687056690693e-06,1.5868343528345346e-06,8.648247222440201e-05
pov_300_2_SELL_0.1,pov,300.0,2,SELL,0.1,4.002363041637925,0.4002363041637925,0.4002363041637925,1.0,63018.55,63025.05,63025.05,-0.00010314423292824096,7.934171763710843e-06,-0.0,2.0923493674511927e-05
rl_300_2_SELL_0.1,rl,300.0,2,SELL,0.1,4.002363041637925,0.4002363041637925,0.4002363041637925,1.0,63018.55,63024.850000000006,63025.05,-9.997056422280282e-05,3.1736687054381546e-06,3.1736687054381546e-06,7.68709443661092e-05
twap_300_2_BUY_0.2,twap,300.0,2,BUY,0.2,4.002363041637925,0.800472608327585,0.800472608327585,1.0,63018.55,63025.25,63025.05,0.00010631790163367911,3.1736687056690693e-06,3.1736687054381546e-06,-8.392487496910595e-05
pov_300_2_BUY_0.2,pov,300.0,2,BUY,0.2,4.002363041637925,0.800472608327585,0.800472608327585,1.0,63018.55,63025.05,63025.05,0.00010314423292824096,9.521006116314463e-06,0.0,-3.8728606102841174e-05
rl_300_2_BUY_0.2,rl,300.0,2,BUY,0.2,4.002363041637925,0.800472608327585,0.800472608327585,1.0,63018.55,63025.350000000006,63025.05,0.00010790473598651365,4.760503058272689e-06,4.760503058272689e-06,-7.463883194199628e-05
twap_300_2_SELL_0.2,twap,300.0,2,SELL,0.2,4.002363041637925,0.800472608327585,0.800472608327585,1.0,63018.55,63024.850000000006,63025.05,-9.997056422280282e-05,4.760503058272689e-06,3.1736687054381546e-06,8.655060713507831e-05
pov_300_2_SELL_0.2,pov,300.0,2,SELL,0.2,4.002363041637925,0.800472608327585,0.800472608327585,1.0,63018.55,63025.05,63025.05,-0.00010314423292824096,9.521006116545378e-06,-0.0,2.1913605009880446e-05
rl_300_2_SELL_0.2,rl,300.0,2,SELL,0.2,4.002363041637925,0.800472608327585,0.800472608327585,1.0,63018.55,63024.75,63025.05,-9.838372986996828e-05,4.760503058272689e-06,4.760503058272689e-06,7.68856408028225e-05
twap_300_3_BUY_0.001,twap,300.0,3,BUY,0.001,9.956051119987377,0.009956051119987376,0.009956051119987376,1.0,62967.350000000006,62944.65000000001,62944.65000000001,-0.00036050429309788466,1.5881246392903743e-06,0.0,-0.000328688862826173
pov_300_3_BUY_0.001,pov,300.0,3,BUY,0.001,9.956051119987377,0.009956051119987376,0.009956051119987376,1.0,62967.350000000006,62944.65000000001,62944.65000000001,-0.00036050429309788466,1.5881246392903743e-06,0.0,8.995920071634431e-06
rl_300_3_BUY_0.001,rl,300.0,3,BUY,0.001,9.956051119987377,0.009956051119987376,0.009956051119987376,1.0,62967.350000000006,62944.65000000001,62944.65000000001,-0.00036050429309788466,1.5881246392903743e-06,0.0,-0.00034999006780491885
twap_300_3_SELL_0.001,twap,300.0,3,SELL,0.001,9.956051119987377,0.009956051119987376,0.009956051119987376,1.0,62967.350000000006,62944.55,62944.65000000001,0.00036209241773717504,1.5881246392903743e-06,1.5881246392903743e-06,0.0003309122373210409
pov_300_3_SELL_0.001,pov,300.0,3,SELL,0.001,9.956051119987377,0.009956051119987376,0.009956051119987376,1.0,62967.350000000006,62944.65000000001,62944.65000000001,0.00036050429309788466,1.5881246392903743e-06,-0.0,7.940623195296359e-07
rl_300_3_SELL_0.001,rl,300.0,3,SELL,0.001,9.956051119987377,0.009956051119987376,0.009956051119987376,1.0,62967.350000000006,62944.55,62944.65000000001,0.00036209241773717504,1.5881246392903743e-06,1.5881246392903743e-06,0.0003520466054750252
twap_300_3_BUY_0.0025,twap,300.0,3,BUY,0.0025,9.956051119987377,0.024890127799968444,0.024890127799968444,1.0,62967.350000000006,62944.65000000001,62944.65000000001,-0.00036050429309788466,1.5881246392903743e-06,0.0,-0.000328688862826173
pov_300_3_BUY_0.0025,pov,300.0,3,BUY,0.0025,9.956051119987377,0.024890127799968444,0.024890127799968444,1.0,62967.350000000006,62944.65000000001,62944.65000000001,-0.00036050429309788466,1.5881246392903743e-06,0.0,2.5038050657941424e-05
rl_300_3_BUY_0.0025,rl,300.0,3,BUY,0.0025,9.956051119987377,0.024890127799968444,0.024890127799968444,1.0,62967.350000000006,62944.65000000001,62944.65000000001,-0.00036050429309788466,1.5881246392903743e-06,0.0,-0.00034999006780514995
twap_300_3_SELL_0.0025,twap,300.0,3,SELL,0.0025,9.956051119987377,0.024890127799968444,0.024890127799968444,1.0,62967.350000000006,62944.55,62944.65000000001,0.00036209241773717504,1.5881246392903743e-06,1.5881246392903743e-06,0.00033091223732069423
pov_300_3_SELL_0.0025,pov,300.0,3,SELL,0.0025,9.956051119987377,0.024890127799968444,0.024890127799968444,1.0,62967.350000000006,62944.65000000001,62944.65000000001,0.00036050429309788466,3.1762492783496463e-06,-0.0,7.940623196451872e-07
rl_300_3_SELL_0.0025,rl,300.0,3,SELL,0.0025,9.956051119987377,0.024890127799968444,0.024890127799968444,1.0,62967.350000000006,62944.55,62944.65000000001,0.00036209241773717504,1.5881246392903743e-06,1.5881246392903743e-06,0.0003520466054751408
twap_300_3_BUY_0.005,twap,300.0,3,BUY,0.005,9.956051119987377,0.04978025559993689,0.04978025559993689,1.0,62967.350000000006,62944.65000000001,62944.65000000001,-0.00036050429309788466,1.5881246392903743e-06,0.0,-0.000328688862826173
pov_300_3_BUY_0.005,pov,300.0,3,BUY,0.005,9.956051119987377,0.04978025559993689,0.04978025559993689,1.0,62967.350000000006,62944.65000000001,62944.65000000001,-0.00036050429309788466,3.1762492783496463e-06,0.0,3.0385427519774137e-05
rl_300_3_BUY_0.005,rl,300.0,3,BUY,0.005,9.956051119987377,0.04978025559993689,0.04978025559993689,1.0,62967.350000000006,62944.65000000001,62944.65000000001,-0.00036050429309788466,1.5881246392903743e-06,0.0,-0.00034999006780514995
twap_300_3_SELL_0.005,twap,300.0,3,SELL,0.005,9.956051119987377,0.04978025559993689,0.04978025559993689,1.0,62967.350000000006,62944.55,62944.65000000001,0.00036209241773717504,1.5881246392903743e-06,1.5881246392903743e-06,0.00033091223732069423
pov_300_3_SELL_0.005,pov,300.0,3,SELL,0.005,9.956051119987377,0.04978025559993689,0.04978025559993689,1.0,62967.350000000006,62944.65000000001,62944.65000000001,0.00036050429309788466,3.1762492783496463e-06,-0.0,7.940623196451872e-07
rl_300_3_SELL_0.005,rl,300.0,3,SELL,0.005,9.956051119987377,0.04978025559993689,0.04978025559993689,1.0,62967.350000000006,62944.55,62944.65000000001,0.00036209241773717504,3.1762492783496463e-06,1.5881246392903743e-06,0.00035209518242139214
twap_300_3_BUY_0.01,twap,300.0,3,BUY,0.01,9.956051119987377,0.09956051119987377,0.09956051119987377,1.0,62967.350000000006,62944.65000000001,62944.65000000001,-0.00036050429309788466,1.5881246392903743e-06,0.0,-0.000328688862826173
pov_300_3_BUY_0.01,pov,300.0,3,BUY,0.01,9.956051119987377,0.09956051119987377,0.09956051119987377,1.0,62967.350000000006,62944.65000000001,62944.65000000001,-0.00036050429309788466,4.7643739176400204e-06,0.0,3.30591159509216e-05
rl_300_3_BUY_0.01,rl,300.0,3,BUY,0.01,9.956051119987377,0.09956051119987377,0.09956051119987377,1.0,62967.350000000006,62944.75,62944.65000000001,-0.00035891616845882537,3.1762492783496463e-06,1.5881246390592718e-06,-0.00034999006780514995
twap_300_3_SELL_0.01,twap,300.0,3,SELL,0.01,9.956051119987377,0.09956051119987377,0.09956051119987377,1.0,62967.350000000006,62944.55,62944.65000000001,0.00036209241773717504,3.1762492783496463e-06,1.5881246392903743e-06,0.00033101621224855896
pov_300_3_SELL_0.01,pov,300.0,3,SELL,0.01,9.956051119987377,0.09956051119987377,0.09956051119987377,1.0,62967.350000000006,62944.65000000001,62944.65000000001,0.00036050429309788466,4.7643739176400204e-06,-0.0,7.940623196451872e-07
rl_300_3_SELL_0.01,rl,300.0,3,SELL,0.01,9.956051119987377,0.09956051119987377,0.09956051119987377,1.0,62967.350000000006,62944.45,62944.65000000001,0.0003636805423764654,3.1762492785807487e-06,3.1762492785807487e-06,0.00035220293383279156
twap_300_3_BUY_0.02,twap,300.0,3,BUY,0.02,9.956051119987377,0.19912102239974755,0.19912102239974755,1.0,62967.350000000006,62944.65000000001,62944.65000000001,-0.00036050429309788466,1.5881246392903743e-06,0.0,-0.000328688862826173
pov_300_3_BUY_0.02,pov,300.0,3,BUY,0.02,9.956051119987377,0.19912102239974755,0.19912102239974755,1.0,62967.350000000006,62944.65000000001,62944.65000000001,-0.00036050429309788466,6.352498556930395e-06,0.0,5.644712257589944e-05
rl_300_3_BUY_0.02,rl,300.0,3,BUY,0.02,9.956051119987377,0.19912102239974755,0.19912102239974755,1.0,62967.350000000006,62944.75,62944.65000000001,-0.00035891616845882537,3.1762492783496463e-06,1.5881246390592718e-06,-0.00034999006780514995
twap_300_3_SELL_0.02,twap,300.0,3,SELL,0.02,9.956051119987377,0.19912102239974755,0.19912102239974755,1.0,62967.350000000006,62944.55,62944.65000000001,0.00036209241773717504,3.1762492783496463e-06,1.5881246392903743e-06,0.00033107009108852923
pov_300_3_SELL_0.02,pov,300.0,3,SELL,0.02,9.956051119987377,0.19912102239974755,0.19912102239974755,1.0,62967.350000000006,62944.65000000001,62944.65000000001,0.00036050429309788466,6.352498556699293e-06,-0.0,-7.109251917587243e-06
rl_300_3_SELL_0.02,rl,300.0,3,SELL,0.02,9.956051119987377,0.19912102239974755,0.19912102239974755,1.0,62967.350000000006,62944.45,62944.65000000001,0.0003636805423764654,3.1762492785807487e-06,3.1762492785807487e-06,0.00035225681331753795
twap_300_3_BUY_0.05,twap,300.0,3,BUY,0.05,9.956051119987377,0.49780255599936885,0.49780255599936885,1.0,62967.350000000006,62944.75,62944.65000000001,-0.00035891616845882537,3.1762492785807487e-06,1.5881246390592718e-06,-0.0003286715629422655
pov_300_3_BUY_0.05,pov,300.0,3,BUY,0.05,9.956051119987377,0.49780255599936885,0.49780255599936885,1.0,62967.350000000006,62944.65000000001,62944.65000000001,-0.00036050429309788466,9.528747835280041e-06,0.0,9.070939605194188e-05
rl_300_3_BUY_0.05,rl,300.0,3,BUY,0.05,9.956051119987377,0.49780255599936885,0.49780255599936885,1.0,62967.350000000006,62944.850000000006,62944.65000000001,-0.000357328043819535,4.7643739176400204e-06,3.1762492783496463e-06,-0.0003499900678054966
twap_300_3_SELL_0.05,twap,300.0,3,SELL,0.05,9.956051119987377,0.49780255599936885,0.49780255599936885,1.0,62967.350000000006,62944.45,62944.65000000001,0.0003636805423764654,3.1762492785807487e-06,3.1762492785807487e-06,0.00033122020438215987
pov_300_3_SELL_0.05,pov,300.0,3,SELL,0.05,9.956051119987377,0.49780255599936885,0.49780255599936885,1.0,62967.350000000006,62944.65000000001,62944.65000000001,0.00036050429309788466,6.352498556699293e-06,-0.0,3.805130582431195e-05
rl_300_3_SELL_0.05,rl,300.0,3,SELL,0.05,9.956051119987377,0.49780255599936885,0.49780255599936885,1.0,62967.350000000006,62944.350000000006,62944.65000000001,0.00036526866701552465,4.7643739176400204e-06,4.7643739176400204e-06,0.000352451226662909
twap_300_3_BUY_0.1,twap,300.0,3,BUY,0.1,9.956051119987377,0.9956051119987377,0.9956051119987377,1.0,62967.350000000006,62944.75,62944.65000000001,-0.00035891616845882537,4.7643739176400204e-06,1.5881246390592718e-06,-0.0003284845150129196
pov_300_3_BUY_0.1,pov,300.0,3,BUY,0.1,9.956051119987377,0.9956051119987377,0.9956051119987377,1.0,62967.350000000006,62944.65000000001,62944.65000000001,-0.00036050429309788466,1.4293121752920061e-05,0.0,8.314938592953491e-05
rl_300_3_BUY_0.1,rl,300.0,3,BUY,0.1,9.956051119987377,0.9956051119987377,0.9956051119987377,1.0,62967.350000000006,62944.95,62944.65000000001,-0.00035573991918047576,6.352498556930395e-06,4.7643739174089185e-06,-0.0003497680229055633
twap_300_3_SELL_0.1,twap,300.0,3,SELL,0.1,9.956051119987377,0.9956051119987377,0.9956051119987377,1.0,62967.350000000006,62944.45,62944.65000000001,0.0003636805423764654,4.7643739176400204e-06,3.1762492785807487e-06,0.00033150311820362633
pov_300_3_SELL_0.1,pov,300.0,3,SELL,0.1,9.956051119987377,0.9956051119987377,0.9956051119987377,1.0,62967.350000000006,62944.65000000001,62944.65000000001,0.00036050429309788466,7.940623195989668e-06,-0.0,0.0002059748347307906
rl_300_3_SELL_0.1,rl,300.0,3,SELL,0.1,9.956051119987377,0.9956051119987377,0.9956051119987377,1.0,62967.350000000006,62944.25,62944.65000000001,0.00036685679165481504,6.352498556930395e-06,6.352498556930395e-06,0.0003526876700317543
twap_300_3_BUY_0.2,twap,300.0,3,BUY,0.2,9.956051119987377,1.9912102239974754,1.9912102239974754,1.0,62967.350000000006,62944.850000000006,62944.65000000001,-0.000357328043819535,6.352498556930395e-06,3.1762492783496463e-06,-0.00032807673390184626
pov_300_3_BUY_0.2,pov,300.0,3,BUY,0.2,9.956051119987377,1.9912102239974754,1.9912102239974754,1.0,62967.350000000006,62944.65000000001,62944.65000000001,-0.00036050429309788466,1.4293121752920061e-05,0.0,4.9684638564752095e-05
rl_300_3_BUY_0.2,rl,300.0,3,BUY,0.2,9.956051119987377,1.9912102239974754,1.9912102239974754,1.0,62967.350000000006,62945.15000000001,62944.65000000001,-0.000352563669901895,9.528747835280041e-06,7.940623195989668e-06,-0.0003492524234143088
twap_300_3_SELL_0.2,twap,300.0,3,SELL,0.2,9.956051119987377,1.9912102239974754,1.9912102239974754,1.0,62967.350000000006,62944.350000000006,62944.65000000001,0.00036526866701552465,6.352498556930395e-06,4.7643739176400204e-06,0.0003318194588402289
pov_300_3_SELL_0.2,pov,300.0,3,SELL,0.2,9.956051119987377,1.9912102239974754,1.9912102239974754,1.0,62967.350000000006,62944.65000000001,62944.65000000001,0.00036050429309788466,1.5881246391979335e-05,-0.0,0.0003680647376892747
rl_300_3_SELL_0.2,rl,300.0,3,SELL,0.2,9.956051119987377,1.9912102239974754,1.9912102239974754,1.0,62967.350000000006,62944.05,62944.65000000001,0.0003700330409331647,9.528747835280041e-06,9.528747835280041e-06,0.00035285045255547566
twap_300_4_BUY_0.001,twap,300.0,4,BUY,0.001,23.556856824086125,0.023556856824086127,0.023556856824086127,1.0,62957.45,62915.350000000006,62915.350000000006,-0.0006687056098998812,1.5883743704012913e-06,0.0,-0.0002354500274922348
pov_300_4_BUY_0.001,pov,300.0,4,BUY,0.001,23.556856824086125,0.023556856824086127,0.023556856824086127,1.0,62957.45,62915.350000000006,62915.350000000006,-0.0006687056098998812,1.5883743704012913e-06,0.0,7.941871852006456e-07
rl_300_4_BUY_0.001,rl,300.0,4,BUY,0.001,23.556856824086125,0.023556856824086127,0.023556856824086127,1.0,62957.45,62915.350000000006,62915.350000000006,-0.0006687056098998812,1.5883743704012913e-06,0.0,-0.00032827703737740063
twap_300_4_SELL_0.001,twap,300.0,4,SELL,0.001,23.556856824086125,0.023556856824086127,0.023556856824086127,1.0,62957.45,62915.25,62915.350000000006,0.0006702939842702824,1.5883743704012913e-06,1.5883743704012913e-06,0.00023703840186275167
pov_300_4_SELL_0.001,pov,300.0,4,SELL,0.001,23.556856824086125,0.023556856824086127,0.023556856824086127,1.0,62957.45,62915.350000000006,62915.350000000006,0.0006687056098998812,3.1767487405714434e-06,-0.0,7.941871850850761e-07
rl_300_4_SELL_0.001,rl,300.0,4,SELL,0.001,23.556856824086125,0.023556856824086127,0.023556856824086127,1.0,62957.45,62915.25,62915.350000000006,0.0006702939842702824,1.5883743704012913e-06,1.5883743704012913e-06,0.0003298654117479175
twap_300_4_BUY_0.0025,twap,300.0,4,BUY,0.0025,23.556856824086125,0.05889214206021531,0.05889214206021531,1.0,62957.45,62915.350000000006,62915.350000000006,-0.0006687056098998812,1.5883743704012913e-06,0.0,-0.00023545002749177253
pov_300_4_BUY_0.0025,pov,300.0,4,BUY,0.0025,23.556856824086125,0.05889214206021531,0.05889214206021531,1.0,62957.45,62915.350000000006,62915.350000000006,-0.0006687056098998812,3.1767487405714434e-06,0.0,7.941871852006456e-07
rl_300_4_BUY_0.0025,rl,300.0,4,BUY,0.0025,23.556856824086125,0.05889214206021531,0.05889214206021531,1.0,62957.45,62915.350000000006,62915.350000000006,-0.0006687056098998812,1.5883743704012913e-06,0.0,-0.0003282770373779785
twap_300_4_SELL_0.0025,twap,300.0,4,SELL,0.0025,23.556856824086125,0.05889214206021531,0.05889214206021531,1.0,62957.45,62915.25,62915.350000000006,0.0006702939842702824,1.5883743704012913e-06,1.5883743704012913e-06,0.00023703840186252052
pov_300_4_SELL_0.0025,pov,300.0,4,SELL,0.0025,23.556856824086125,0.05889214206021531,0.05889214206021531,1.0,62957.45,62915.350000000006,62915.350000000006,0.0006687056098998812,3.1767487408025826e-06,-0.0,-5.0950571414230906e-05
rl_300_4_SELL_0.0025,rl,300.0,4,SELL,0.0025,23.556856824086125,0.05889214206021531,0.05889214206021531,1.0,62957.45,62915.25,62915.350000000006,0.0006702939842702824,1.5883743704012913e-06,1.5883743704012913e-06,0.00032986541174803306
twap_300_4_BUY_0.005,twap,300.0,4,BUY,0.005,23.556856824086125,0.11778428412043063,0.11778428412043063,1.0,62957.45,62915.350000000006,62915.350000000006,-0.0006687056098998812,1.5883743704012913e-06,0.0,-0.00023545002749177253
pov_300_4_BUY_0.005,pov,300.0,4,BUY,0.005,23.556856824086125,0.11778428412043063,0.11778428412043063,1.0,62957.45,62915.350000000006,62915.350000000006,-0.0006687056098998812,4.765123110972735e-06,0.0,7.941871852006456e-07
rl_300_4_BUY_0.005,rl,300.0,4,BUY,0.005,23.556856824086125,0.11778428412043063,0.11778428412043063,1.0,62957.45,62915.45,62915.350000000006,-0.0006671172355297109,1.5883743704012913e-06,1.5883743701701523e-06,-0.0003282770373779785
twap_300_4_SELL_0.005,twap,300.0,4,SELL,0.005,23.556856824086125,0.11778428412043063,0.11778428412043063,1.0,62957.45,62915.25,62915.350000000006,0.0006702939842702824,1.5883743704012913e-06,1.5883743704012913e-06,0.00023703840186252052
pov_300_4_SELL_0.005,pov,300.0,4,SELL,0.005,23.556856824086125,0.11778428412043063,0.11778428412043063,1.0,62957.45,62915.350000000006,62915.350000000006,0.0006687056098998812,4.765123110972735e-06,-0.0,-7.272942322383799e-05
rl_300_4_SELL_0.005,rl,300.0,4,SELL,0.005,23.556856824086125,0.11778428412043063,0.11778428412043063,1.0,62957.45,62915.15000000001,62915.350000000006,0.0006718823586404526,3.1767487405714434e-06,3.1767487405714434e-06,0.00032986541174803306
twap_300_4_BUY_0.01,twap,300.0,4,BUY,0.01,23.556856824086125,0.23556856824086125,0.23556856824086125,1.0,62957.45,62915.45,62915.350000000006,-0.0006671172355297109,3.176748740687013e-06,1.5883743701701523e-06,-0.00023541623049729406
pov_300_4_BUY_0.01,pov,300.0,4,BUY,0.01,23.556856824086125,0.23556856824086125,0.23556856824086125,1.0,62957.45,62915.350000000006,62915.350000000006,-0.0006687056098998812,4.765123110972735e-06,0.0,4.085151499516237e-05
rl_300_4_BUY_0.01,rl,300.0,4,BUY,0.01,23.556856824086125,0.23556856824086125,0.23556856824086125,1.0,62957.45,62915.45,62915.350000000006,-0.0006671172355297109,3.176748740687013e-06,1.5883743701701523e-06,-0.00032816667515254023
twap_300_4_SELL_0.01,twap,300.0,4,SELL,0.01,23.556856824086125,0.23556856824086125,0.23556856824086125,1.0,62957.45,62915.25,62915.350000000006,0.0006702939842702824,3.176748740687013e-06,1.5883743704012913e-06,0.00023706551752140402
pov_300_4_SELL_0.01,pov,300.0,4,SELL,0.01,23.556856824086125,0.23556856824086125,0.23556856824086125,1.0,62957.45,62915.350000000006,62915.350000000006,0.0006687056098998812,7.941871851544179e-06,-0.0,-8.361884912852595e-05
rl_300_4_SELL_0.01,rl,300.0,4,SELL,0.01,23.556856824086125,0.23556856824086125,0.23556856824086125,1.0,62957.45,62915.15000000001,62915.350000000006,0.0006718823586404526,3.176748740687013e-06,3.1767487405714434e-06,0.00032992845554820593
twap_300_4_BUY_0.02,twap,300.0,4,BUY,0.02,23.556856824086125,0.4711371364817225,0.4711371364817225,1.0,62957.45,62915.45,62915.350000000006,-0.0006671172355297109,3.1767487408025826e-06,1.5883743701701523e-06,-0.00023532724732023817
pov_300_4_BUY_0.02,pov,300.0,4,BUY,0.02,23.556856824086125,0.4711371364817225,0.4711371364817225,1.0,62957.45,62915.350000000006,62915.350000000006,-0.0006687056098998812,7.941871851544179e-06,0.0,6.49543568365694e-05
rl_300_4_BUY_0.02,rl,300.0,4,BUY,0.02,23.556856824086125,0.4711371364817225,0.4711371364817225,1.0,62957.45,62915.55,62915.350000000006,-0.0006655288611593096,4.765123110972735e-06,3.1767487405714434e-06,-0.0003280776991785812
twap_300_4_SELL_0.02,twap,300.0,4,SELL,0.02,23.556856824086125,0.4711371364817225,0.4711371364817225,1.0,62957.45,62915.15000000001,62915.350000000006,0.0006718823586404526,3.1767487408025826e-06,3.1767487405714434e-06,0.0002372271037376363
pov_300_4_SELL_0.02,pov,300.0,4,SELL,0.02,23.556856824086125,0.4711371364817225,0.4711371364817225,1.0,62957.45,62915.350000000006,62915.350000000006,0.0006687056098998812,1.111862059234676e-05,-0.0,-8.790416066274541e-05
rl_300_4_SELL_0.02,rl,300.0,4,SELL,0.02,23.556856824086125,0.4711371364817225,0.4711371364817225,1.0,62957.45,62915.05,62915.350000000006,0.0006734707330108539,4.765123110972735e-06,4.765123110972735e-06,0.0003300517191654549
twap_300_4_BUY_0.05,twap,300.0,4,BUY,0.05,23.556856824086125,1.1778428412043063,1.1778428412043063,1.0,62957.45,62915.55,62915.350000000006,-0.0006655288611593096,6.353497481374026e-06,3.1767487405714434e-06,-0.00023524460731217723
pov_300_4_BUY_0.05,pov,300.0,4,BUY,0.05,23.556856824086125,1.1778428412043063,1.1778428412043063,1.0,62957.45,62915.350000000006,62915.350000000006,-0.0006687056098998812,1.4295369332687065e-05,0.0,3.659179306712893e-05
rl_300_4_BUY_0.05,rl,300.0,4,BUY,0.05,23.556856824086125,1.1778428412043063,1.1778428412043063,1.0,62957.45,62915.65000000001,62915.350000000006,-0.0006639404867889084,6.353497481374026e-06,4.765123110972735e-06,-0.0003279184573688805
twap_300_4_SELL_0.05,twap,300.0,4,SELL,0.05,23.556856824086125,1.1778428412043063,1.1778428412043063,1.0,62957.45,62915.05,62915.350000000006,0.0006734707330108539,4.765123110972735e-06,4.765123110972735e-06,0.000237507043445339
pov_300_4_SELL_0.05,pov,300.0,4,SELL,0.05,23.556856824086125,1.1778428412043063,1.1778428412043063,1.0,62957.45,62915.350000000006,62915.350000000006,0.0006687056098998812,1.111862059234676e-05,-0.0,-2.7843009833808465e-05
rl_300_4_SELL_0.05,rl,300.0,4,SELL,0.05,23.556856824086125,1.1778428412043063,1.1778428412043063,1.0,62957.45,62914.95,62915.350000000006,0.0006750591073812551,6.353497481374026e-06,6.353497481374026e-06,0.00033042891003699814
twap_300_4_BUY_0.1,twap,300.0,4,BUY,0.1,23.556856824086125,2.3556856824086125,2.3556856824086125,1.0,62957.45,62915.65000000001,62915.350000000006,-0.0006639404867889084,7.941871851544179e-06,4.765123110972735e-06,-0.00023499289260233482
pov_300_4_BUY_0.1,pov,300.0,4,BUY,0.1,23.556856824086125,2.3556856824086125,2.3556856824086125,1.0,62957.45,62915.350000000006,62915.350000000006,-0.0006687056098998812,1.90604924436598e-05,0.0,3.683020787304988e-05
rl_300_4_BUY_0.1,rl,300.0,4,BUY,0.1,23.556856824086125,2.3556856824086125,2.3556856824086125,1.0,62957.45,62915.850000000006,62915.350000000006,-0.0006607637380483369,9.530246221714331e-06,7.941871851544179e-06,-0.000327584603552532
twap_300_4_SELL_0.1,twap,300.0,4,SELL,0.1,23.556856824086125,2.3556856824086125,2.3556856824086125,1.0,62957.45,62915.05,62915.350000000006,0.0006734707330108539,7.941871851544179e-06,4.765123110972735e-06,0.0002380024031286092
pov_300_4_SELL_0.1,pov,300.0,4,SELL,0.1,23.556856824086125,2.3556856824086125,2.3556856824086125,1.0,62957.45,62915.350000000006,62915.350000000006,0.0006687056098998812,1.4295369332687065e-05,-0.0,1.2461294833349451e-05
rl_300_4_SELL_0.1,rl,300.0,4,SELL,0.1,23.556856824086125,2.3556856824086125,2.3556856824086125,1.0,62957.45,62914.75,62915.350000000006,0.0006782358561218265,1.1118620592115622e-05,9.53024622194547e-06,0.00033105056561558697
twap_300_4_BUY_0.2,twap,300.0,4,BUY,0.2,23.556856824086125,4.711371364817225,4.711371364817225,1.0,62957.45,62915.75,62915.350000000006,-0.0006623521124187382,1.1118620592115622e-05,6.353497481142887e-06,-0.00023439344120526625
pov_300_4_BUY_0.2,pov,300.0,4,BUY,0.2,23.556856824086125,4.711371364817225,4.711371364817225,1.0,62957.45,62915.350000000006,62915.350000000006,-0.0006687056098998812,1.90604924436598e-05,0.0,-4.210060095912083e-06
rl_300_4_BUY_0.2,rl,300.0,4,BUY,0.2,23.556856824086125,4.711371364817225,4.711371364817225,1.0,62957.45,62916.65000000001,62915.350000000006,-0.00064805674308582,2.064886681406109e-05,2.064886681406109e-05,-0.0003265377476143773
twap_300_4_SELL_0.2,twap,300.0,4,SELL,0.2,23.556856824086125,4.711371364817225,4.711371364817225,1.0,62957.45,62914.850000000006,62915.350000000006,0.0006766474817514253,1.2706994962516913e-05,7.941871851544179e-06,0.0002384753755108032
pov_300_4_SELL_0.2,pov,300.0,4,SELL,0.2,23.556856824086125,4.711371364817225,4.711371364817225,1.0,62957.45,62915.350000000006,62915.350000000006,0.0006687056098998812,1.90604924436598e-05,-0.0,0.00013102205763231887
rl_300_4_SELL_0.2,rl,300.0,4,SELL,0.2,23.556856824086125,4.711371364817225,4.711371364817225,1.0,62957.45,62914.25,62915.350000000006,0.0006861777279733708,1.7472118073489647e-05,1.7472118073489647e-05,0.00033187832820021464
twap_600_0_BUY_0.001,twap,600.0,0,BUY,0.001,17.371749283631743,0.017371749283631745,0.017371749283631745,1.0,63008.850000000006,62991.15000000001,62991.15000000001,-0.0002809129193755653,1.587078640632558e-06,0.0,-0.0001360919934270824
pov_600_0_BUY_0.001,pov,600.0,0,BUY,0.001,17.371749283631743,0.017371749283631745,0.017371749283631745,1.0,63008.850000000006,62991.15000000001,62991.15000000001,-0.0002809129193755653,1.5870786404016078e-06,0.0,7.93539320316279e-07
rl_600_0_BUY_0.001,rl,600.0,0,BUY,0.001,17.371749283631743,0.017371749283631745,0.017371749283631745,1.0,63008.850000000006,62991.15000000001,62991.15000000001,-0.0002809129193755653,1.587078640632558e-06,0.0,-0.0001581696008354216
twap_600_0_SELL_0.001,twap,600.0,0,SELL,0.001,17.371749283631743,0.017371749283631745,0.017371749283631745,1.0,63008.850000000006,62991.15000000001,62991.15000000001,0.0002809129193755653,1.587078640632558e-06,-0.0,0.0001378113286202542
pov_600_0_SELL_0.001,pov,600.0,0,SELL,0.001,17.371749283631743,0.017371749283631745,0.017371749283631745,1.0,63008.850000000006,62991.15000000001,62991.15000000001,0.0002809129193755653,3.174157281034166e-06,-0.0,7.93539320316279e-07
rl_600_0_SELL_0.001,rl,600.0,0,SELL,0.001,17.371749283631743,0.017371749283631745,0.017371749283631745,1.0,63008.850000000006,62991.15000000001,62991.15000000001,0.0002809129193755653,1.587078640632558e-06,-0.0,0.00015988103172670306
twap_600_0_BUY_0.0025,twap,600.0,0,BUY,0.0025,17.371749283631743,0.04342937320907936,0.04342937320907936,1.0,63008.850000000006,62991.15000000001,62991.15000000001,-0.0002809129193755653,1.587078640632558e-06,0.0,-0.00013609199342627407
pov_600_0_BUY_0.0025,pov,600.0,0,BUY,0.0025,17.371749283631743,0.04342937320907936,0.04342937320907936,1.0,63008.850000000006,62991.15000000001,62991.15000000001,-0.0002809129193755653,3.174157281034166e-06,0.0,7.935393202008039e-07
rl_600_0_BUY_0.0025,rl,600.0,0,BUY,0.0025,17.371749283631743,0.04342937320907936,0.04342937320907936,1.0,63008.850000000006,62991.15000000001,62991.15000000001,-0.0002809129193755653,1.587078640632558e-06,0.0,-0.00015816960083530612
twap_600_0_SELL_0.0025,twap,600.0,0,SELL,0.0025,17.371749283631743,0.04342937320907936,0.04342937320907936,1.0,63008.850000000006,62991.15000000001,62991.15000000001,0.0002809129193755653,1.587078640632558e-06,-0.0,0.0001378113286201387
pov_600_0_SELL_0.0025,pov,600.0,0,SELL,0.0025,17.371749283631743,0.04342937320907936,0.04342937320907936,1.0,63008.850000000006,62991.15000000001,62991.15000000001,0.0002809129193755653,3.174157281034166e-06,-0.0,-1.2310020452295935e-05
rl_600_0_SELL_0.0025,rl,600.0,0,SELL,0.0025,17.371749283631743,0.04342937320907936,0.04342937320907936,1.0,63008.850000000006,62991.05,62991.15000000001,0.00028249999801619786,1.587078640632558e-06,1.587078640632558e-06,0.00015988103172670306
twap_600_0_BUY_0.005,twap,600.0,0,BUY,0.005,17.371749283631743,0.08685874641815872,0.08685874641815872,1.0,63008.850000000006,62991.15000000001,62991.15000000001,-0.0002809129193755653,1.587078640632558e-06,0.0,-0.00013606554211565076
pov_600_0_BUY_0.005,pov,600.0,0,BUY,0.005,17.371749283631743,0.08685874641815872,0.08685874641815872,1.0,63008.850000000006,62991.15000000001,62991.15000000001,-0.0002809129193755653,3.174157281265116e-06,0.0,9.606020333240379e-06
rl_600_0_BUY_0.005,rl,600.0,0,BUY,0.005,17.371749283631743,0.08685874641815872,0.08685874641815872,1.0,63008.850000000006,62991.25,62991.15000000001,-0.0002793258407351637,1.587078640632558e-06,1.5870786404016078e-06,-0.00015816960083530612
twap_600_0_SELL_0.005,twap,600.0,0,SELL,0.005,17.371749283631743,0.08685874641815872,0.08685874641815872,1.0,63008.850000000006,62991.15000000001,62991.15000000001,0.0002809129193755653,1.587078640632558e-06,-0.0,0.0001378113286201387
pov_600_0_SELL_0.005,pov,600.0,0,SELL,0.005,17.371749283631743,0.08685874641815872,0.08685874641815872,1.0,63008.850000000006,62991.15000000001,62991.15000000001,0.0002809129193755653,3.174157281265116e-06,-0.0,-5.195753866587746e-06
rl_600_0_SELL_0.005,rl,600.0,0,SELL,0.005,17.371749283631743,0.08685874641815872,0.08685874641815872,1.0,63008.850000000006,62991.05,62991.15000000001,0.00028249999801619786,1.587078640632558e-06,1.587078640632558e-06,0.00015988103172670306
twap_600_0_BUY_0.01,twap,600.0,0,BUY,0.01,17.371749283631743,0.17371749283631743,0.17371749283631743,1.0,63008.850000000006,62991.25,62991.15000000001,-0.0002793258407351637,3.174157281034166e-06,1.5870786404016078e-06,-0.00013606554211565076
pov_600_0_BUY_0.01,pov,600.0,0,BUY,0.01,17.371749283631743,0.17371749283631743,0.17371749283631743,1.0,63008.850000000006,62991.15000000001,62991.15000000001,-0.0002809129193755653,4.761235921666724e-06,0.0,1.8221852408633405e-05
rl_600_0_BUY_0.01,rl,600.0,0,BUY,0.01,17.371749283631743,0.17371749283631743,0.17371749283631743,1.0,63008.850000000006,62991.25,62991.15000000001,-0.0002793258407351637,3.174157281034166e-06,1.5870786404016078e-06,-0.00015815349837793632
twap_600_0_SELL_0.01,twap,600.0,0,SELL,0.01,17.371749283631743,0.17371749283631743,0.17371749283631743,1.0,63008.850000000006,62991.05,62991.15000000001,0.00028249999801619786,1.587078640632558e-06,1.587078640632558e-06,0.0001378113286201387
pov_600_0_SELL_0.01,pov,600.0,0,SELL,0.01,17.371749283631743,0.17371749283631743,0.17371749283631743,1.0,63008.850000000006,62991.15000000001,62991.15000000001,0.0002809129193755653,4.761235921666724e-06,-0.0,-6.854968784542581e-06
rl_600_0_SELL_0.01,rl,600.0,0,SELL,0.01,17.371749283631743,0.17371749283631743,0.17371749283631743,1.0,63008.850000000006,62991.05,62991.15000000001,0.00028249999801619786,1.587078640632558e-06,1.587078640632558e-06,0.00015988103172670306
twap_600_0_BUY_0.02,twap,600.0,0,BUY,0.02,17.371749283631743,0.34743498567263487,0.34743498567263487,1.0,63008.850000000006,62991.25,62991.15000000001,-0.0002793258407351637,3.174157281034166e-06,1.5870786404016078e-06,-0.00013606554211565076
pov_600_0_BUY_0.02,pov,600.0,0,BUY,0.02,17.371749283631743,0.34743498567263487,0.34743498567263487,1.0,63008.850000000006,62991.15000000001,62991.15000000001,-0.0002809129193755653,7.93539320270089e-06,0.0,7.12707790364148e-06
rl_600_0_BUY_0.02,rl,600.0,0,BUY,0.02,17.371749283631743,0.34743498567263487,0.34743498567263487,1.0,63008.850000000006,62991.25,62991.15000000001,-0.0002793258407351637,3.174157281034166e-06,1.5870786404016078e-06,-0.00015815349837793632
twap_600_0_SELL_0.02,twap,600.0,0,SELL,0.02,17.371749283631743,0.34743498567263487,0.34743498567263487,1.0,63008.850000000006,62991.05,62991.15000000001,0.00028249999801619786,1.587078640632558e-06,1.587078640632558e-06,0.0001378113286201387
pov_600_0_SELL_0.02,pov,600.0,0,SELL,0.02,17.371749283631743,0.34743498567263487,0.34743498567263487,1.0,63008.850000000006,62991.15000000001,62991.15000000001,0.0002809129193755653,7.93539320270089e-06,-0.0,-6.204872013262792e-06
rl_600_0_SELL_0.02,rl,600.0,0,SELL,0.02,17.371749283631743,0.34743498567263487,0.34743498567263487,1.0,63008.850000000006,62991.05,62991.15000000001,0.00028249999801619786,3.174157281034166e-06,1.587078640632558e-06,0.00015988103172670306
twap_600_0_BUY_0.05,twap,600.0,0,BUY,0.05,17.371749283631743,0.8685874641815872,0.8685874641815872,1.0,63008.850000000006,62991.25,62991.15000000001,-0.0002793258407351637,3.174157281265116e-06,1.5870786404016078e-06,-0.00013605988307391955
pov_600_0_BUY_0.05,pov,600.0,0,BUY,0.05,17.371749283631743,0.8685874641815872,0.8685874641815872,1.0,63008.850000000006,62991.15000000001,62991.15000000001,-0.0002809129193755653,1.4283707765000172e-05,0.0,4.7021320057704007e-07
rl_600_0_BUY_0.05,rl,600.0,0,BUY,0.05,17.371749283631743,0.8685874641815872,0.8685874641815872,1.0,63008.850000000006,62991.350000000006,62991.15000000001,-0.0002777387620945311,3.174157281265116e-06,3.174157281034166e-06,-0.00015809370658419395
twap_600_0_SELL_0.05,twap,600.0,0,SELL,0.05,17.371749283631743,0.8685874641815872,0.8685874641815872,1.0,63008.850000000006,62991.05,62991.15000000001,0.00028249999801619786,3.174157281265116e-06,1.587078640632558e-06,0.0001378113286196768
pov_600_0_SELL_0.05,pov,600.0,0,SELL,0.05,17.371749283631743,0.8685874641815872,0.8685874641815872,1.0,63008.850000000006,62991.15000000001,62991.15000000001,0.0002809129193755653,1.2696629124367614e-05,-0.0,-1.8888511242775296e-05
rl_600_0_SELL_0.05,rl,600.0,0,SELL,0.05,17.371749283631743,0.8685874641815872,0.8685874641815872,1.0,63008.850000000006,62990.95,62991.15000000001,0.00028408707665683044,4.761235921666724e-06,3.174157281265116e-06,0.00015988103172681856
twap_600_0_BUY_0.1,twap,600.0,0,BUY,0.1,17.371749283631743,1.7371749283631743,1.7371749283631743,1.0,63008.850000000006,62991.350000000006,62991.15000000001,-0.0002777387620945311,4.7612359214357735e-06,3.174157281034166e-06,-0.00013587454004218596
pov_600_0_BUY_0.1,pov,600.0,0,BUY,0.1,17.371749283631743,1.7371749283631743,1.7371749283631743,1.0,63008.850000000006,62991.15000000001,62991.15000000001,-0.0002809129193755653,1.587078640540178e-05,0.0,1.5149657716513475e-05
rl_600_0_BUY_0.1,rl,600.0,0,BUY,0.1,17.371749283631743,1.7371749283631743,1.7371749283631743,1.0,63008.850000000006,62991.45,62991.15000000001,-0.00027615168345412953,4.761235921666724e-06,4.7612359214357735e-06,-0.00015791011802525177
twap_600_0_SELL_0.1,twap,600.0,0,SELL,0.1,17.371749283631743,1.7371749283631743,1.7371749283631743,1.0,63008.850000000006,62990.95,62991.15000000001,0.00028408707665683044,4.761235921666724e-06,3.174157281265116e-06,0.00013794583626006052
pov_600_0_SELL_0.1,pov,600.0,0,SELL,0.1,17.371749283631743,1.7371749283631743,1.7371749283631743,1.0,63008.850000000006,62991.15000000001,62991.15000000001,0.0002809129193755653,1.2696629124367614e-05,-0.0,-7.218524618500203e-05
rl_600_0_SELL_0.1,rl,600.0,0,SELL,0.1,17.371749283631743,1.7371749283631743,1.7371749283631743,1.0,63008.850000000006,62990.850000000006,62991.15000000001,0.000285674155297232,6.348314562068332e-06,4.761235921666724e-06,0.00015992633124583243
twap_600_0_BUY_0.2,twap,600.0,0,BUY,0.2,17.371749283631743,3.4743498567263487,3.4743498567263487,1.0,63008.850000000006,62991.45,62991.15000000001,-0.00027615168345412953,6.348314562299282e-06,4.7612359214357735e-06,-0.0001355834423031264
pov_600_0_BUY_0.2,pov,600.0,0,BUY,0.2,17.371749283631743,3.4743498567263487,3.4743498567263487,1.0,63008.850000000006,62991.15000000001,62991.15000000001,-0.0002809129193755653,2.3806179608102668e-05,0.0,-8.861062598444273e-05
rl_600_0_BUY_0.2,rl,600.0,0,BUY,0.2,17.371749283631743,3.4743498567263487,3.4743498567263487,1.0,63008.850000000006,62991.65000000001,62991.15000000001,-0.00027297752617286443,7.93539320270089e-06,7.93539320270089e-06,-0.00015772058547089141
twap_600_0_SELL_0.2,twap,600.0,0,SELL,0.2,17.371749283631743,3.4743498567263487,3.4743498567263487,1.0,63008.850000000006,62990.850000000006,62991.15000000001,0.000285674155297232,6.348314562299282e-06,4.761235921666724e-06,0.00013812339745663258
pov_600_0_SELL_0.2,pov,600.0,0,SELL,0.2,17.371749283631743,3.4743498567263487,3.4743498567263487,1.0,63008.850000000006,62991.15000000001,62991.15000000001,0.0002809129193755653,2.0632022327068503e-05,-0.0,-0.00010898225233478907
rl_600_0_SELL_0.2,rl,600.0,0,SELL,0.2,17.371749283631743,3.4743498567263487,3.4743498567263487,1.0,63008.850000000006,62990.65000000001,62991.15000000001,0.0002888483125782662,7.93539320270089e-06,7.93539320270089e-06,0.00016004604684406864
twap_600_1_BUY_0.001,twap,600.0,1,BUY,0.001,18.53275921366127,0.01853275921366127,0.01853275921366127,1.0,63032.95,63080.25,63080.25,0.0007504011790659157,1.5864718374409063e-06,0.0,0.00037245070501490396
pov_600_1_BUY_0.001,pov,600.0,1,BUY,0.001,18.53275921366127,0.01853275921366127,0.01853275921366127,1.0,63032.95,63080.25,63080.25,0.0007504011790659157,3.1729436748818125e-06,0.0,7.932359187204531e-07
rl_600_1_BUY_0.001,rl,600.0,1,BUY,0.001,18.53275921366127,0.01853275921366127,0.01853275921366127,1.0,63032.95,63080.25,63080.25,0.0007504011790659157,1.5864718374409063e-06,0.0,0.0004560347854673888
twap_600_1_SELL_0.001,twap,600.0,1,SELL,0.001,18.53275921366127,0.01853275921366127,0.01853275921366127,1.0,63032.95,63080.25,63080.25,-0.0007504011790659157,1.5864718374409063e-06,-0.0,-0.00037044117402075055
pov_600_1_SELL_0.001,pov,600.0,1,SELL,0.001,18.53275921366127,0.01853275921366127,0.01853275921366127,1.0,63032.95,63080.25,63080.25,-0.0007504011790659157,1.5864718372100443e-06,-0.0,7.932359186050221e-07
rl_600_1_SELL_0.001,rl,600.0,1,SELL,0.001,18.53275921366127,0.01853275921366127,0.01853275921366127,1.0,63032.95,63080.25,63080.25,-0.0007504011790659157,1.5864718374409063e-06,-0.0,-0.00045386826616237064
twap_600_1_BUY_0.0025,twap,600.0,1,BUY,0.0025,18.53275921366127,0.04633189803415317,0.04633189803415317,1.0,63032.95,63080.25,63080.25,0.0007504011790659157,1.5864718374409063e-06,0.0,0.0003724507050150194
pov_600_1_BUY_0.0025,pov,600.0,1,BUY,0.0025,18.53275921366127,0.04633189803415317,0.04633189803415317,1.0,63032.95,63080.25,63080.25,0.0007504011790659157,4.7594155120918566e-06,0.0,7.932359187204531e-07
rl_600_1_BUY_0.0025,rl,600.0,1,BUY,0.0025,18.53275921366127,0.04633189803415317,0.04633189803415317,1.0,63032.95,63080.350000000006,63080.25,0.0007519876509033567,1.5864718374409063e-06,1.5864718374409063e-06,0.0004560347854670425
twap_600_1_SELL_0.0025,twap,600.0,1,SELL,0.0025,18.53275921366127,0.04633189803415317,0.04633189803415317,1.0,63032.95,63080.25,63080.25,-0.0007504011790659157,1.5864718374409063e-06,-0.0,-0.00037044117402109685
pov_600_1_SELL_0.0025,pov,600.0,1,SELL,0.0025,18.53275921366127,0.04633189803415317,0.04633189803415317,1.0,63032.95,63080.25,63080.25,-0.0007504011790659157,3.1729436746509503e-06,-0.0,7.932359186050221e-07
rl_600_1_SELL_0.0025,rl,600.0,1,SELL,0.0025,18.53275921366127,0.04633189803415317,0.04633189803415317,1.0,63032.95,63080.25,63080.25,-0.0007504011790659157,1.5864718374409063e-06,-0.0,-0.00045386826616237064
twap_600_1_BUY_0.005,twap,600.0,1,BUY,0.005,18.53275921366127,0.09266379606830634,0.09266379606830634,1.0,63032.95,63080.25,63080.25,0.0007504011790659157,1.5864718374409063e-06,0.0,0.0003724507050150194
pov_600_1_BUY_0.005,pov,600.0,1,BUY,0.005,18.53275921366127,0.09266379606830634,0.09266379606830634,1.0,63032.95,63080.25,63080.25,0.0007504011790659157,4.7594155120918566e-06,0.0,1.8803640388734966e-05
rl_600_1_BUY_0.005,rl,600.0,1,BUY,0.005,18.53275921366127,0.09266379606830634,0.09266379606830634,1.0,63032.95,63080.350000000006,63080.25,0.0007519876509033567,1.5864718374409063e-06,1.5864718374409063e-06,0.0004560347854670425
twap_600_1_SELL_0.005,twap,600.0,1,SELL,0.005,18.53275921366127,0.09266379606830634,0.09266379606830634,1.0,63032.95,63080.25,63080.25,-0.0007504011790659157,1.5864718374409063e-06,-0.0,-0.00037044117402109685
pov_600_1_SELL_0.005,pov,600.0,1,SELL,0.005,18.53275921366127,0.09266379606830634,0.09266379606830634,1.0,63032.95,63080.25,63080.25,-0.0007504011790659157,4.759415511860994e-06,-0.0,7.932359186050221e-07
rl_600_1_SELL_0.005,rl,600.0,1,SELL,0.005,18.53275921366127,0.09266379606830634,0.09266379606830634,1.0,63032.95,63080.15000000001,63080.25,-0.0007488147072287057,3.1729436746509503e-06,1.5864718372100443e-06,-0.00045386826616237064
twap_600_1_BUY_0.01,twap,600.0,1,BUY,0.01,18.53275921366127,0.18532759213661268,0.18532759213661268,1.0,63032.95,63080.350000000006,63080.25,0.0007519876509033567,1.5864718374409063e-06,1.5864718374409063e-06,0.0003724507050150194
pov_600_1_BUY_0.01,pov,600.0,1,BUY,0.01,18.53275921366127,0.18532759213661268,0.18532759213661268,1.0,63032.95,63080.25,63080.25,0.0007504011790659157,6.345887349301901e-06,0.0,4.946023408749946e-05
rl_600_1_BUY_0.01,rl,600.0,1,BUY,0.01,18.53275921366127,0.18532759213661268,0.18532759213661268,1.0,63032.95,63080.350000000006,63080.25,0.0007519876509033567,3.1729436747663814e-06,1.5864718374409063e-06,0.0004560347854670425
twap_600_1_SELL_0.01,twap,600.0,1,SELL,0.01,18.53275921366127,0.18532759213661268,0.18532759213661268,1.0,63032.95,63080.15000000001,63080.25,-0.0007488147072287057,1.5864718374409063e-06,1.5864718372100443e-06,-0.00037044117402109685
pov_600_1_SELL_0.01,pov,600.0,1,SELL,0.01,18.53275921366127,0.18532759213661268,0.18532759213661268,1.0,63032.95,63080.25,63080.25,-0.0007504011790659157,6.345887349301901e-06,-0.0,7.932359186050221e-07
rl_600_1_SELL_0.01,rl,600.0,1,SELL,0.01,18.53275921366127,0.18532759213661268,0.18532759213661268,1.0,63032.95,63080.15000000001,63080.25,-0.0007488147072287057,3.1729436746509503e-06,1.5864718372100443e-06,-0.00045386826616237064
twap_600_1_BUY_0.02,twap,600.0,1,BUY,0.02,18.53275921366127,0.37065518427322536,0.37065518427322536,1.0,63032.95,63080.350000000006,63080.25,0.0007519876509033567,3.1729436747663814e-06,1.5864718374409063e-06,0.0003724771462123716
pov_600_1_BUY_0.02,pov,600.0,1,BUY,0.02,18.53275921366127,0.37065518427322536,0.37065518427322536,1.0,63032.95,63080.25,63080.25,0.0007504011790659157,7.932359186742808e-06,0.0,6.102795546769077e-05
rl_600_1_BUY_0.02,rl,600.0,1,BUY,0.02,18.53275921366127,0.37065518427322536,0.37065518427322536,1.0,63032.95,63080.350000000006,63080.25,0.0007519876509033567,3.1729436747663814e-06,1.5864718374409063e-06,0.000456093658290427
twap_600_1_SELL_0.02,twap,600.0,1,SELL,0.02,18.53275921366127,0.37065518427322536,0.37065518427322536,1.0,63032.95,63080.15000000001,63080.25,-0.0007488147072287057,1.5864718374409063e-06,1.5864718372100443e-06,-0.00037044117402109685
pov_600_1_SELL_0.02,pov,600.0,1,SELL,0.02,18.53275921366127,0.37065518427322536,0.37065518427322536,1.0,63032.95,63080.25,63080.25,-0.0007504011790659157,9.518831023952851e-06,-0.0,-1.9600229515862245e-06
rl_600_1_SELL_0.02,rl,600.0,1,SELL,0.02,18.53275921366127,0.37065518427322536,0.37065518427322536,1.0,63032.95,63080.15000000001,63080.25,-0.0007488147072287057,4.7594155120918566e-06,1.5864718372100443e-06,-0.00045386826616237064
twap_600_1_BUY_0.05,twap,600.0,1,BUY,0.05,18.53275921366127,0.9266379606830635,0.9266379606830635,1.0,63032.95,63080.350000000006,63080.25,0.0007519876509033567,3.1729436748818125e-06,1.5864718374409063e-06,0.00037260464226832605
pov_600_1_BUY_0.05,pov,600.0,1,BUY,0.05,18.53275921366127,0.9266379606830635,0.9266379606830635,1.0,63032.95,63080.25,63080.25,0.0007504011790659157,7.932359186742808e-06,0.0,0.0002089873436992064
rl_600_1_BUY_0.05,rl,600.0,1,BUY,0.05,18.53275921366127,0.9266379606830635,0.9266379606830635,1.0,63032.95,63080.45,63080.25,0.0007535741227405666,4.7594155120918566e-06,3.1729436746509503e-06,0.00045621304450793327
twap_600_1_SELL_0.05,twap,600.0,1,SELL,0.05,18.53275921366127,0.9266379606830635,0.9266379606830635,1.0,63032.95,63080.15000000001,63080.25,-0.0007488147072287057,3.1729436748818125e-06,1.5864718372100443e-06,-0.00037043130258929905
pov_600_1_SELL_0.05,pov,600.0,1,SELL,0.05,18.53275921366127,0.9266379606830635,0.9266379606830635,1.0,63032.95,63080.25,63080.25,-0.0007504011790659157,9.518831023952851e-06,-0.0,-7.942636152583823e-05
rl_600_1_SELL_0.05,rl,600.0,1,SELL,0.05,18.53275921366127,0.9266379606830635,0.9266379606830635,1.0,63032.95,63080.05,63080.25,-0.0007472282353912648,6.345887349301901e-06,3.1729436746509503e-06,-0.00045384624246900087
twap_600_1_BUY_0.1,twap,600.0,1,BUY,0.1,18.53275921366127,1.853275921366127,1.853275921366127,1.0,63032.95,63080.45,63080.25,0.0007535741227405666,4.7594155120918566e-06,3.1729436746509503e-06,0.00037280676072977637
pov_600_1_BUY_0.1,pov,600.0,1,BUY,0.1,18.53275921366127,1.853275921366127,1.853275921366127,1.0,63032.95,63080.25,63080.25,0.0007504011790659157,1.5864718373485615e-05,0.0,0.00035794071480685835
rl_600_1_BUY_0.1,rl,600.0,1,BUY,0.1,18.53275921366127,1.853275921366127,1.853275921366127,1.0,63032.95,63080.55,63080.25,0.0007551605945780075,6.345887349532763e-06,4.7594155120918566e-06,0.00045643026318333474
twap_600_1_SELL_0.1,twap,600.0,1,SELL,0.1,18.53275921366127,1.853275921366127,1.853275921366127,1.0,63032.95,63080.05,63080.25,-0.0007472282353912648,4.7594155120918566e-06,3.1729436746509503e-06,-0.00037032715813995615
pov_600_1_SELL_0.1,pov,600.0,1,SELL,0.1,18.53275921366127,1.853275921366127,1.853275921366127,1.0,63032.95,63080.25,63080.25,-0.0007504011790659157,1.5864718373485615e-05,-0.0,-0.00022507392176104158
rl_600_1_SELL_0.1,rl,600.0,1,SELL,0.1,18.53275921366127,1.853275921366127,1.853275921366127,1.0,63032.95,63079.95,63080.25,-0.0007456417635538239,7.932359186742808e-06,4.7594155120918566e-06,-0.0004537282174325331
twap_600_1_BUY_0.2,twap,600.0,1,BUY,0.2,18.53275921366127,3.706551842732254,3.706551842732254,1.0,63032.95,63080.55,63080.25,0.0007551605945780075,6.345887349532763e-06,4.7594155120918566e-06,0.0003730627953886719
pov_600_1_BUY_0.2,pov,600.0,1,BUY,0.2,18.53275921366127,3.706551842732254,3.706551842732254,1.0,63032.95,63080.25,63080.25,0.0007504011790659157,2.697002123487937e-05,0.0,0.0004303756322742586
rl_600_1_BUY_0.2,rl,600.0,1,BUY,0.2,18.53275921366127,3.706551842732254,3.706551842732254,1.0,63032.95,63080.850000000006,63080.25,0.0007599200100900994,1.1105302861393758e-05,9.518831024183713e-06,0.00045682240592274156
twap_600_1_SELL_0.2,twap,600.0,1,SELL,0.2,18.53275921366127,3.706551842732254,3.706551842732254,1.0,63032.95,63079.95,63080.25,-0.0007456417635538239,6.345887349532763e-06,4.7594155120918566e-06,-0.0003701805779928468
pov_600_1_SELL_0.2,pov,600.0,1,SELL,0.2,18.53275921366127,3.706551842732254,3.706551842732254,1.0,63032.95,63080.25,63080.25,-0.0007504011790659157,1.745119021092652e-05,-0.0,-0.00031047231495209983
rl_600_1_SELL_0.2,rl,600.0,1,SELL,0.2,18.53275921366127,3.706551842732254,3.706551842732254,1.0,63032.95,63079.850000000006,63080.25,-0.0007440552917166138,1.2691774698834663e-05,6.345887349301901e-06,-0.00045349722886223556
twap_600_2_BUY_0.001,twap,600.0,2,BUY,0.001,15.36732192546781,0.01536732192546781,0.01536732192546781,1.0,62993.15000000001,63016.05,63016.05,0.0003635315903394921,1.587474193715043e-06,0.0,2.2304012420379607e-05
pov_600_2_BUY_0.001,pov,600.0,2,BUY,0.001,15.36732192546781,0.01536732192546781,0.01536732192546781,1.0,62993.15000000001,63016.05,63016.05,0.0003635315903394921,1.587474193715043e-06,0.0,7.937370967420175e-07
rl_600_2_BUY_0.001,rl,600.0,2,BUY,0.001,15.36732192546781,0.01536732192546781,0.01536732192546781,1.0,62993.15000000001,63016.05,63016.05,0.0003635315903394921,1.587474193715043e-06,0.0,0.0001609292868588849
twap_600_2_SELL_0.001,twap,600.0,2,SELL,0.001,15.36732192546781,0.01536732192546781,0.01536732192546781,1.0,62993.15000000001,63016.05,63016.05,-0.0003635315903394921,1.587474193715043e-06,-0.0,-2.0716538226664564e-05
pov_600_2_SELL_0.001,pov,600.0,2,SELL,0.001,15.36732192546781,0.01536732192546781,0.01536732192546781,1.0,62993.15000000001,63016.05,63016.05,-0.0003635315903394921,3.174948387199078e-06,-0.0,7.937370968575215e-07
rl_600_2_SELL_0.001,rl,600.0,2,SELL,0.001,15.36732192546781,0.01536732192546781,0.01536732192546781,1.0,62993.15000000001,63016.05,63016.05,-0.0003635315903394921,1.587474193715043e-06,-0.0,-0.00015934181266493886
twap_600_2_BUY_0.0025,twap,600.0,2,BUY,0.0025,15.36732192546781,0.03841830481366953,0.03841830481366953,1.0,62993.15000000001,63016.05,63016.05,0.0003635315903394921,1.587474193715043e-06,0.0,2.2304012420957128e-05
pov_600_2_BUY_0.0025,pov,600.0,2,BUY,0.0025,15.36732192546781,0.03841830481366953,0.03841830481366953,1.0,62993.15000000001,63016.05,63016.05,0.0003635315903394921,3.174948387430086e-06,0.0,7.937370966265135e-07
rl_600_2_BUY_0.0025,rl,600.0,2,BUY,0.0025,15.36732192546781,0.03841830481366953,0.03841830481366953,1.0,62993.15000000001,63016.15000000001,63016.05,0.00036511906453320713,1.587474193715043e-06,1.587474193715043e-06,0.00016092928685865389
twap_600_2_SELL_0.0025,twap,600.0,2,SELL,0.0025,15.36732192546781,0.03841830481366953,0.03841830481366953,1.0,62993.15000000001,63016.05,63016.05,-0.0003635315903394921,1.587474193715043e-06,-0.0,-2.0716538227588596e-05
pov_600_2_SELL_0.0025,pov,600.0,2,SELL,0.0025,15.36732192546781,0.03841830481366953,0.03841830481366953,1.0,62993.15000000001,63016.05,63016.05,-0.0003635315903394921,4.762422580683113e-06,-0.0,7.937370968575215e-07
rl_600_2_SELL_0.0025,rl,600.0,2,SELL,0.0025,15.36732192546781,0.03841830481366953,0.03841830481366953,1.0,62993.15000000001,63016.05,63016.05,-0.0003635315903394921,1.587474193715043e-06,-0.0,-0.00015934181266493886
twap_600_2_BUY_0.005,twap,600.0,2,BUY,0.005,15.36732192546781,0.07683660962733906,0.07683660962733906,1.0,62993.15000000001,63016.15000000001,63016.05,0.00036511906453320713,1.587474193715043e-06,1.587474193715043e-06,2.2304012420957128e-05
pov_600_2_BUY_0.005,pov,600.0,2,BUY,0.005,15.36732192546781,0.07683660962733906,0.07683660962733906,1.0,62993.15000000001,63016.05,63016.05,0.0003635315903394921,3.174948387430086e-06,0.0,7.937370966265135e-07
rl_600_2_BUY_0.005,rl,600.0,2,BUY,0.005,15.36732192546781,0.07683660962733906,0.07683660962733906,1.0,62993.15000000001,63016.15000000001,63016.05,0.00036511906453320713,1.587474193715043e-06,1.587474193715043e-06,0.00016092928685865389
twap_600_2_SELL_0.005,twap,600.0,2,SELL,0.005,15.36732192546781,0.07683660962733906,0.07683660962733906,1.0,62993.15000000001,63016.05,63016.05,-0.0003635315903394921,1.587474193715043e-06,-0.0,-2.0716538227588596e-05
pov_600_2_SELL_0.005,pov,600.0,2,SELL,0.005,15.36732192546781,0.07683660962733906,0.07683660962733906,1.0,62993.15000000001,63016.05,63016.05,-0.0003635315903394921,4.762422580683113e-06,-0.0,6.595122096162782e-06
rl_600_2_SELL_0.005,rl,600.0,2,SELL,0.005,15.36732192546781,0.07683660962733906,0.07683660962733906,1.0,62993.15000000001,63016.05,63016.05,-0.0003635315903394921,1.587474193715043e-06,-0.0,-0.00015934181266493886
twap_600_2_BUY_0.01,twap,600.0,2,BUY,0.01,15.36732192546781,0.1536732192546781,0.1536732192546781,1.0,62993.15000000001,63016.15000000001,63016.05,0.00036511906453320713,1.587474193715043e-06,1.587474193715043e-06,2.2304012420957128e-05
pov_600_2_BUY_0.01,pov,600.0,2,BUY,0.01,15.36732192546781,0.1536732192546781,0.1536732192546781,1.0,62993.15000000001,63016.05,63016.05,0.0003635315903394921,4.762422580914121e-06,0.0,-1.84736886806656e-05
rl_600_2_BUY_0.01,rl,600.0,2,BUY,0.01,15.36732192546781,0.1536732192546781,0.1536732192546781,1.0,62993.15000000001,63016.15000000001,63016.05,0.00036511906453320713,3.174948387430086e-06,1.587474193715043e-06,0.00016092928685865389
twap_600_2_SELL_0.01,twap,600.0,2,SELL,0.01,15.36732192546781,0.1536732192546781,0.1536732192546781,1.0,62993.15000000001,63016.05,63016.05,-0.0003635315903394921,1.587474193715043e-06,-0.0,-2.0716538227588596e-05
pov_600_2_SELL_0.01,pov,600.0,2,SELL,0.01,15.36732192546781,0.1536732192546781,0.1536732192546781,1.0,62993.15000000001,63016.05,63016.05,-0.0003635315903394921,4.762422580914121e-06,-0.0,3.861886185633528e-05
rl_600_2_SELL_0.01,rl,600.0,2,SELL,0.01,15.36732192546781,0.1536732192546781,0.1536732192546781,1.0,62993.15000000001,63015.95,63016.05,-0.000361944116145777,1.587474193715043e-06,1.587474193715043e-06,-0.00015934181266493886
twap_600_2_BUY_0.02,twap,600.0,2,BUY,0.02,15.36732192546781,0.3073464385093562,0.3073464385093562,1.0,62993.15000000001,63016.15000000001,63016.05,0.00036511906453320713,1.587474193715043e-06,1.587474193715043e-06,2.2330470324131808e-05
pov_600_2_BUY_0.02,pov,600.0,2,BUY,0.02,15.36732192546781,0.3073464385093562,0.3073464385093562,1.0,62993.15000000001,63016.05,63016.05,0.0003635315903394921,7.9373709681132e-06,0.0,-4.376440805172917e-05
rl_600_2_BUY_0.02,rl,600.0,2,BUY,0.02,15.36732192546781,0.3073464385093562,0.3073464385093562,1.0,62993.15000000001,63016.15000000001,63016.05,0.00036511906453320713,3.174948387430086e-06,1.587474193715043e-06,0.0001609445729473626
twap_600_2_SELL_0.02,twap,600.0,2,SELL,0.02,15.36732192546781,0.3073464385093562,0.3073464385093562,1.0,62993.15000000001,63015.95,63016.05,-0.000361944116145777,1.587474193715043e-06,1.587474193715043e-06,-2.0716538227588596e-05
pov_600_2_SELL_0.02,pov,600.0,2,SELL,0.02,15.36732192546781,0.3073464385093562,0.3073464385093562,1.0,62993.15000000001,63016.05,63016.05,-0.0003635315903394921,7.9373709681132e-06,-0.0,5.4630731736306026e-05
rl_600_2_SELL_0.02,rl,600.0,2,SELL,0.02,15.36732192546781,0.3073464385093562,0.3073464385093562,1.0,62993.15000000001,63015.95,63016.05,-0.000361944116145777,3.174948387199078e-06,1.587474193715043e-06,-0.00015934181266493886
twap_600_2_BUY_0.05,twap,600.0,2,BUY,0.05,15.36732192546781,0.7683660962733905,0.7683660962733905,1.0,62993.15000000001,63016.15000000001,63016.05,0.00036511906453320713,3.174948387430086e-06,1.587474193715043e-06,2.241711660377021e-05
pov_600_2_BUY_0.05,pov,600.0,2,BUY,0.05,15.36732192546781,0.7683660962733905,0.7683660962733905,1.0,62993.15000000001,63016.05,63016.05,0.0003635315903394921,9.524845161597234e-06,0.0,-6.172592535459889e-05
rl_600_2_BUY_0.05,rl,600.0,2,BUY,0.05,15.36732192546781,0.7683660962733905,0.7683660962733905,1.0,62993.15000000001,63016.25,63016.05,0.00036670653872669114,7.9373709681132e-06,3.174948387199078e-06,0.00016116692735531013
twap_600_2_SELL_0.05,twap,600.0,2,SELL,0.05,15.36732192546781,0.7683660962733905,0.7683660962733905,1.0,62993.15000000001,63015.95,63016.05,-0.000361944116145777,3.174948387430086e-06,1.587474193715043e-06,-2.0670930812708937e-05
pov_600_2_SELL_0.05,pov,600.0,2,SELL,0.05,15.36732192546781,0.7683660962733905,0.7683660962733905,1.0,62993.15000000001,63016.05,63016.05,-0.0003635315903394921,9.524845161828242e-06,-0.0,0.00010904191680789759
rl_600_2_SELL_0.05,rl,600.0,2,SELL,0.05,15.36732192546781,0.7683660962733905,0.7683660962733905,1.0,62993.15000000001,63015.850000000006,63016.05,-0.000360356641952293,4.762422580683113e-06,3.174948387199078e-06,-0.00015922809274258358
twap_600_2_BUY_0.1,twap,600.0,2,BUY,0.1,15.36732192546781,1.536732192546781,1.536732192546781,1.0,62993.15000000001,63016.25,63016.05,0.00036670653872669114,4.762422580683113e-06,3.174948387199078e-06,2.2564485200210524e-05
pov_600_2_BUY_0.1,pov,600.0,2,BUY,0.1,15.36732192546781,1.536732192546781,1.536732192546781,1.0,62993.15000000001,63016.05,63016.05,0.0003635315903394921,1.58747419362264e-05,0.0,-0.0001516426055035296
rl_600_2_BUY_0.1,rl,600.0,2,BUY,0.1,15.36732192546781,1.536732192546781,1.536732192546781,1.0,62993.15000000001,63016.25,63016.05,0.00036670653872669114,1.269979354902732e-05,3.174948387199078e-06,0.00016174586962224423
twap_600_2_SELL_0.1,twap,600.0,2,SELL,0.1,15.36732192546781,1.536732192546781,1.536732192546781,1.0,62993.15000000001,63015.850000000006,63016.05,-0.000360356641952293,3.174948387430086e-06,3.174948387199078e-06,-2.0627603463579306e-05
pov_600_2_SELL_0.1,pov,600.0,2,SELL,0.1,15.36732192546781,1.536732192546781,1.536732192546781,1.0,62993.15000000001,63016.05,63016.05,-0.0003635315903394921,1.269979354902732e-05,-0.0,0.0001909301330113488
rl_600_2_SELL_0.1,rl,600.0,2,SELL,0.1,15.36732192546781,1.536732192546781,1.536732192546781,1.0,62993.15000000001,63015.75,63016.05,-0.00035876916775857796,6.349896774398156e-06,4.762422580914121e-06,-0.00015918475882878698
twap_600_2_BUY_0.2,twap,600.0,2,BUY,0.2,15.36732192546781,3.073464385093562,3.073464385093562,1.0,62993.15000000001,63016.350000000006,63016.05,0.0003682940129204062,6.349896774629164e-06,4.762422580914121e-06,2.2768690027657554e-05
pov_600_2_BUY_0.2,pov,600.0,2,BUY,0.2,15.36732192546781,3.073464385093562,3.073464385093562,1.0,62993.15000000001,63016.05,63016.05,0.0003635315903394921,1.746221612994144e-05,0.0,-0.00018217269856200648
rl_600_2_BUY_0.2,rl,600.0,2,BUY,0.2,15.36732192546781,3.073464385093562,3.073464385093562,1.0,62993.15000000001,63016.350000000006,63016.05,0.0003682940129204062,1.746221612994144e-05,4.762422580914121e-06,0.0001625572062991329
twap_600_2_SELL_0.2,twap,600.0,2,SELL,0.2,15.36732192546781,3.073464385093562,3.073464385093562,1.0,62993.15000000001,63015.75,63016.05,-0.00035876916775857796,6.349896774629164e-06,4.762422580914121e-06,-2.0540168572756167e-05
pov_600_2_SELL_0.2,pov,600.0,2,SELL,0.2,15.36732192546781,3.073464385093562,3.073464385093562,1.0,62993.15000000001,63016.05,63016.05,-0.0003635315903394921,1.269979354902732e-05,-0.0,0.00020956895660351912
rl_600_2_SELL_0.2,rl,600.0,2,SELL,0.2,15.36732192546781,3.073464385093562,3.073464385093562,1.0,62993.15000000001,63015.65000000001,63016.05,-0.00035718169356509395,1.58747419362264e-05,6.349896774398156e-06,-0.00015875316001735706
twap_600_3_BUY_0.001,twap,600.0,3,BUY,0.001,15.187356815954947,0.015187356815954949,0.015187356815954949,1.0,63057.55,63058.850000000006,63058.850000000006,2.061608800219657e-05,1.5858529233346485e-06,0.0,1.7180073334356106e-05
pov_600_3_BUY_0.001,pov,600.0,3,BUY,0.001,15.187356815954947,0.015187356815954949,0.015187356815954949,1.0,63057.55,63058.850000000006,63058.850000000006,2.061608800219657e-05,1.5858529233346485e-06,0.0,7.929264615519382e-07
rl_600_3_BUY_0.001,rl,600.0,3,BUY,0.001,15.187356815954947,0.015187356815954949,0.015187356815954949,1.0,63057.55,63058.850000000006,63058.850000000006,2.061608800219657e-05,1.5858529233346485e-06,0.0,5.0794668075430374e-05
twap_600_3_SELL_0.001,twap,600.0,3,SELL,0.001,15.187356815954947,0.015187356815954949,0.015187356815954949,1.0,63057.55,63058.850000000006,63058.850000000006,-2.061608800219657e-05,1.5858529233346485e-06,-0.0,-1.5488496883014536e-05
pov_600_3_SELL_0.001,pov,600.0,3,SELL,0.001,15.187356815954947,0.015187356815954949,0.015187356815954949,1.0,63057.55,63058.850000000006,63058.850000000006,-2.061608800219657e-05,1.5858529233346485e-06,-0.0,7.929264616673242e-07
rl_600_3_SELL_0.001,rl,600.0,3,SELL,0.001,15.187356815954947,0.015187356815954949,0.015187356815954949,1.0,63057.55,63058.850000000006,63058.850000000006,-2.061608800219657e-05,1.5858529233346485e-06,-0.0,-4.9146320804974253e-05
twap_600_3_BUY_0.0025,twap,600.0,3,BUY,0.0025,15.187356815954947,0.03796839203988737,0.03796839203988737,1.0,63057.55,63058.95,63058.850000000006,2.2201940925300446e-05,1.5858529233346485e-06,1.5858529231038765e-06,1.718007333424072e-05
pov_600_3_BUY_0.0025,pov,600.0,3,BUY,0.0025,15.187356815954947,0.03796839203988737,0.03796839203988737,1.0,63057.55,63058.850000000006,63058.850000000006,2.061608800219657e-05,3.171705846438525e-06,0.0,7.929264616673242e-07
rl_600_3_BUY_0.0025,rl,600.0,3,BUY,0.0025,15.187356815954947,0.03796839203988737,0.03796839203988737,1.0,63057.55,63058.850000000006,63058.850000000006,2.061608800219657e-05,1.5858529233346485e-06,0.0,5.079466807554576e-05
twap_600_3_SELL_0.0025,twap,600.0,3,SELL,0.0025,15.187356815954947,0.03796839203988737,0.03796839203988737,1.0,63057.55,63058.850000000006,63058.850000000006,-2.061608800219657e-05,1.5858529233346485e-06,-0.0,-1.5488496883014536e-05
pov_600_3_SELL_0.0025,pov,600.0,3,SELL,0.0025,15.187356815954947,0.03796839203988737,0.03796839203988737,1.0,63057.55,63058.850000000006,63058.850000000006,-2.061608800219657e-05,3.171705846669297e-06,-0.0,-5.386404544051307e-07
rl_600_3_SELL_0.0025,rl,600.0,3,SELL,0.0025,15.187356815954947,0.03796839203988737,0.03796839203988737,1.0,63057.55,63058.850000000006,63058.850000000006,-2.061608800219657e-05,1.5858529233346485e-06,-0.0,-4.914632080474348e-05
twap_600_3_BUY_0.005,twap,600.0,3,BUY,0.005,15.187356815954947,0.07593678407977474,0.07593678407977474,1.0,63057.55,63058.95,63058.850000000006,2.2201940925300446e-05,1.5858529233346485e-06,1.5858529231038765e-06,1.718007333424072e-05
pov_600_3_BUY_0.005,pov,600.0,3,BUY,0.005,15.187356815954947,0.07593678407977474,0.07593678407977474,1.0,63057.55,63058.850000000006,63058.850000000006,2.061608800219657e-05,4.757558769542402e-06,0.0,7.929264616673242e-07
rl_600_3_BUY_0.005,rl,600.0,3,BUY,0.005,15.187356815954947,0.07593678407977474,0.07593678407977474,1.0,63057.55,63058.850000000006,63058.850000000006,2.061608800219657e-05,1.5858529233346485e-06,0.0,5.079466807554576e-05
twap_600_3_SELL_0.005,twap,600.0,3,SELL,0.005,15.187356815954947,0.07593678407977474,0.07593678407977474,1.0,63057.55,63058.850000000006,63058.850000000006,-2.061608800219657e-05,1.5858529233346485e-06,-0.0,-1.5488496883014536e-05
pov_600_3_SELL_0.005,pov,600.0,3,SELL,0.005,15.187356815954947,0.07593678407977474,0.07593678407977474,1.0,63057.55,63058.850000000006,63058.850000000006,-2.061608800219657e-05,3.171705846669297e-06,-0.0,3.830459988272182e-06
rl_600_3_SELL_0.005,rl,600.0,3,SELL,0.005,15.187356815954947,0.07593678407977474,0.07593678407977474,1.0,63057.55,63058.850000000006,63058.850000000006,-2.061608800219657e-05,1.5858529233346485e-06,-0.0,-4.914632080474348e-05
twap_600_3_BUY_0.01,twap,600.0,3,BUY,0.01,15.187356815954947,0.15187356815954947,0.15187356815954947,1.0,63057.55,63058.95,63058.850000000006,2.2201940925300446e-05,1.5858529233346485e-06,1.5858529231038765e-06,1.718007333424072e-05
pov_600_3_BUY_0.01,pov,600.0,3,BUY,0.01,15.187356815954947,0.15187356815954947,0.15187356815954947,1.0,63057.55,63058.850000000006,63058.850000000006,2.061608800219657e-05,4.757558769773173e-06,0.0,2.174438392044989e-06
rl_600_3_BUY_0.01,rl,600.0,3,BUY,0.01,15.187356815954947,0.15187356815954947,0.15187356815954947,1.0,63057.55,63058.850000000006,63058.850000000006,2.061608800219657e-05,1.5858529233346485e-06,0.0,5.079466807554576e-05
twap_600_3_SELL_0.01,twap,600.0,3,SELL,0.01,15.187356815954947,0.15187356815954947,0.15187356815954947,1.0,63057.55,63058.850000000006,63058.850000000006,-2.061608800219657e-05,1.5858529233346485e-06,-0.0,-1.5488496883014536e-05
pov_600_3_SELL_0.01,pov,600.0,3,SELL,0.01,15.187356815954947,0.15187356815954947,0.15187356815954947,1.0,63057.55,63058.850000000006,63058.850000000006,-2.061608800219657e-05,4.757558769773173e-06,-0.0,1.838017399390494e-05
rl_600_3_SELL_0.01,rl,600.0,3,SELL,0.01,15.187356815954947,0.15187356815954947,0.15187356815954947,1.0,63057.55,63058.850000000006,63058.850000000006,-2.061608800219657e-05,3.171705846438525e-06,-0.0,-4.914632080474348e-05
twap_600_3_BUY_0.02,twap,600.0,3,BUY,0.02,15.187356815954947,0.30374713631909894,0.30374713631909894,1.0,63057.55,63058.95,63058.850000000006,2.2201940925300446e-05,1.5858529233346485e-06,1.5858529231038765e-06,1.718007333424072e-05
pov_600_3_BUY_0.02,pov,600.0,3,BUY,0.02,15.187356815954947,0.30374713631909894,0.30374713631909894,1.0,63057.55,63058.850000000006,63058.850000000006,2.061608800219657e-05,6.34341169287705e-06,0.0,-1.8927935571388852e-06
rl_600_3_BUY_0.02,rl,600.0,3,BUY,0.02,15.187356815954947,0.30374713631909894,0.30374713631909894,1.0,63057.55,63058.850000000006,63058.850000000006,2.061608800219657e-05,3.171705846669297e-06,0.0,5.08527230730682e-05
twap_600_3_SELL_0.02,twap,600.0,3,SELL,0.02,15.187356815954947,0.30374713631909894,0.30374713631909894,1.0,63057.55,63058.850000000006,63058.850000000006,-2.061608800219657e-05,1.5858529233346485e-06,-0.0,-1.5488496883014536e-05
pov_600_3_SELL_0.02,pov,600.0,3,SELL,0.02,15.187356815954947,0.30374713631909894,0.30374713631909894,1.0,63057.55,63058.850000000006,63058.850000000006,-2.061608800219657e-05,7.929264616211699e-06,-0.0,3.178849115314427e-05
rl_600_3_SELL_0.02,rl,600.0,3,SELL,0.02,15.187356815954947,0.30374713631909894,0.30374713631909894,1.0,63057.55,63058.850000000006,63058.850000000006,-2.061608800219657e-05,3.171705846438525e-06,-0.0,-4.914632080474348e-05
twap_600_3_BUY_0.05,twap,600.0,3,BUY,0.05,15.187356815954947,0.7593678407977474,0.7593678407977474,1.0,63057.55,63058.95,63058.850000000006,2.2201940925300446e-05,3.171705846438525e-06,1.5858529231038765e-06,1.7206504217050153e-05
pov_600_3_BUY_0.05,pov,600.0,3,BUY,0.05,15.187356815954947,0.7593678407977474,0.7593678407977474,1.0,63057.55,63058.850000000006,63058.850000000006,2.061608800219657e-05,1.1100970462650223e-05,0.0,-1.257239695267655e-05
rl_600_3_BUY_0.05,rl,600.0,3,BUY,0.05,15.187356815954947,0.7593678407977474,0.7593678407977474,1.0,63057.55,63058.850000000006,63058.850000000006,2.061608800219657e-05,6.3434116931078214e-06,0.0,5.125367431004061e-05
twap_600_3_SELL_0.05,twap,600.0,3,SELL,0.05,15.187356815954947,0.7593678407977474,0.7593678407977474,1.0,63057.55,63058.75,63058.850000000006,-1.903023507886192e-05,3.171705846669297e-06,1.5858529233346485e-06,-1.5462066002166665e-05
pov_600_3_SELL_0.05,pov,600.0,3,SELL,0.05,15.187356815954947,0.7593678407977474,0.7593678407977474,1.0,63057.55,63058.850000000006,63058.850000000006,-2.061608800219657e-05,9.515117539315576e-06,-0.0,-7.029341196905264e-06
rl_600_3_SELL_0.05,rl,600.0,3,SELL,0.05,15.187356815954947,0.7593678407977474,0.7593678407977474,1.0,63057.55,63058.850000000006,63058.850000000006,-2.061608800219657e-05,4.757558769773173e-06,-0.0,-4.9132387281901945e-05
twap_600_3_BUY_0.1,twap,600.0,3,BUY,0.1,15.187356815954947,1.5187356815954949,1.5187356815954949,1.0,63057.55,63059.05,63058.850000000006,2.3787793848635093e-05,4.757558769657788e-06,3.171705846438525e-06,1.7207518978416272e-05
pov_600_3_BUY_0.1,pov,600.0,3,BUY,0.1,15.187356815954947,1.5187356815954949,1.5187356815954949,1.0,63057.55,63058.850000000006,63058.850000000006,2.061608800219657e-05,1.2686823385984872e-05,0.0,2.604005815194835e-05
rl_600_3_BUY_0.1,rl,600.0,3,BUY,0.1,15.187356815954947,1.5187356815954949,1.5187356815954949,1.0,63057.55,63058.850000000006,63058.850000000006,2.061608800219657e-05,9.515117539546346e-06,0.0,5.1431286255529686e-05
twap_600_3_SELL_0.1,twap,600.0,3,SELL,0.1,15.187356815954947,1.5187356815954949,1.5187356815954949,1.0,63057.55,63058.75,63058.850000000006,-1.903023507886192e-05,6.343411692992436e-06,1.5858529233346485e-06,-1.5412283023710006e-05
pov_600_3_SELL_0.1,pov,600.0,3,SELL,0.1,15.187356815954947,1.5187356815954949,1.5187356815954949,1.0,63057.55,63058.850000000006,63058.850000000006,-2.061608800219657e-05,1.4272676309088749e-05,-0.0,-4.074416387468224e-05
rl_600_3_SELL_0.1,rl,600.0,3,SELL,0.1,15.187356815954947,1.5187356815954949,1.5187356815954949,1.0,63057.55,63058.850000000006,63058.850000000006,-2.061608800219657e-05,7.929264616211699e-06,-0.0,-4.912004950006109e-05
twap_600_3_BUY_0.2,twap,600.0,3,BUY,0.2,15.187356815954947,3.0374713631909898,3.0374713631909898,1.0,63057.55,63059.15000000001,63058.850000000006,2.5373646771969744e-05,6.3434116931078214e-06,4.757558769773173e-06,1.7412554821860948e-05
pov_600_3_BUY_0.2,pov,600.0,3,BUY,0.2,15.187356815954947,3.0374713631909898,3.0374713631909898,1.0,63057.55,63058.850000000006,63058.850000000006,2.061608800219657e-05,1.9030235079092693e-05,0.0,5.488136070605819e-05
rl_600_3_BUY_0.2,rl,600.0,3,BUY,0.2,15.187356815954947,3.0374713631909898,3.0374713631909898,1.0,63057.55,63058.850000000006,63058.850000000006,2.061608800219657e-05,1.2686823385984872e-05,0.0,5.1897299313402135e-05
twap_600_3_SELL_0.2,twap,600.0,3,SELL,0.2,15.187356815954947,3.0374713631909898,3.0374713631909898,1.0,63057.55,63058.65000000001,63058.850000000006,-1.7444382155758045e-05,7.929264616211699e-06,3.171705846438525e-06,-1.5208915173086121e-05
pov_600_3_SELL_0.2,pov,600.0,3,SELL,0.2,15.187356815954947,3.0374713631909898,3.0374713631909898,1.0,63057.55,63058.850000000006,63058.850000000006,-2.061608800219657e-05,2.3787793848635093e-05,-0.0,-6.358657409572949e-05
rl_600_3_SELL_0.2,rl,600.0,3,SELL,0.2,15.187356815954947,3.0374713631909898,3.0374713631909898,1.0,63057.55,63058.850000000006,63058.850000000006,-2.061608800219657e-05,1.1100970462650223e-05,-0.0,-4.9000767221396825e-05
twap_600_4_BUY_0.001,twap,600.0,4,BUY,0.001,40.056395233641496,0.0400563952336415,0.0400563952336415,1.0,63039.05,63061.75,63061.75,0.0003600942590346315,1.5863183218310041e-06,0.0,1.3880285315097927e-05
pov_600_4_BUY_0.001,pov,600.0,4,BUY,0.001,40.056395233641496,0.0400563952336415,0.0400563952336415,1.0,63039.05,63061.75,63061.75,0.0003600942590346315,4.7589549652621725e-06,0.0,9.09010118578706e-07
rl_600_4_BUY_0.001,rl,600.0,4,BUY,0.001,40.056395233641496,0.0400563952336415,0.0400563952336415,1.0,63039.05,63061.75,63061.75,0.0003600942590346315,1.5863183218310041e-06,0.0,6.30157694322652e-05
twap_600_4_SELL_0.001,twap,600.0,4,SELL,0.001,40.056395233641496,0.0400563952336415,0.0400563952336415,1.0,63039.05,63061.65000000001,63061.75,-0.0003585079407130314,1.5863183218310041e-06,1.5863183216001644e-06,-1.2267528354277343e-05
pov_600_4_SELL_0.001,pov,600.0,4,SELL,0.001,40.056395233641496,0.0400563952336415,0.0400563952336415,1.0,63039.05,63061.75,63061.75,-0.0003600942590346315,1.5863183218310041e-06,-0.0,-1.823943518973716e-05
rl_600_4_SELL_0.001,rl,600.0,4,SELL,0.001,40.056395233641496,0.0400563952336415,0.0400563952336415,1.0,63039.05,63061.65000000001,63061.75,-0.0003585079407130314,1.5863183218310041e-06,1.5863183216001644e-06,-6.141362802204916e-05
twap_600_4_BUY_0.0025,twap,600.0,4,BUY,0.0025,40.056395233641496,0.10014098808410374,0.10014098808410374,1.0,63039.05,63061.75,63061.75,0.0003600942590346315,1.5863183218310041e-06,0.0,1.3880285314174568e-05
pov_600_4_BUY_0.0025,pov,600.0,4,BUY,0.0025,40.056395233641496,0.10014098808410374,0.10014098808410374,1.0,63039.05,63061.75,63061.75,0.0003600942590346315,4.7589549652621725e-06,0.0,2.642263694802921e-05
rl_600_4_BUY_0.0025,rl,600.0,4,BUY,0.0025,40.056395233641496,0.10014098808410374,0.10014098808410374,1.0,63039.05,63061.75,63061.75,0.0003600942590346315,3.1726366436620083e-06,0.0,6.301576943284229e-05
twap_600_4_SELL_0.0025,twap,600.0,4,SELL,0.0025,40.056395233641496,0.10014098808410374,0.10014098808410374,1.0,63039.05,63061.65000000001,63061.75,-0.0003585079407130314,1.5863183218310041e-06,1.5863183216001644e-06,-1.2267528354046503e-05
pov_600_4_SELL_0.0025,pov,600.0,4,SELL,0.0025,40.056395233641496,0.10014098808410374,0.10014098808410374,1.0,63039.05,63061.75,63061.75,-0.0003600942590346315,3.1726366434311685e-06,-0.0,-4.663361003338849e-05
rl_600_4_SELL_0.0025,rl,600.0,4,SELL,0.0025,40.056395233641496,0.10014098808410374,0.10014098808410374,1.0,63039.05,63061.65000000001,63061.75,-0.0003585079407130314,1.5863183218310041e-06,1.5863183216001644e-06,-6.141362802251084e-05
twap_600_4_BUY_0.005,twap,600.0,4,BUY,0.005,40.056395233641496,0.20028197616820748,0.20028197616820748,1.0,63039.05,63061.75,63061.75,0.0003600942590346315,1.5863183218310041e-06,0.0,1.3880285314174568e-05
pov_600_4_BUY_0.005,pov,600.0,4,BUY,0.005,40.056395233641496,0.20028197616820748,0.20028197616820748,1.0,63039.05,63061.75,63061.75,0.0003600942590346315,4.7589549652621725e-06,0.0,-9.093507141462386e-05
rl_600_4_BUY_0.005,rl,600.0,4,BUY,0.005,40.056395233641496,0.20028197616820748,0.20028197616820748,1.0,63039.05,63061.75,63061.75,0.0003600942590346315,3.1726366436620083e-06,0.0,6.301576943284229e-05
twap_600_4_SELL_0.005,twap,600.0,4,SELL,0.005,40.056395233641496,0.20028197616820748,0.20028197616820748,1.0,63039.05,63061.65000000001,63061.75,-0.0003585079407130314,1.5863183218310041e-06,1.5863183216001644e-06,-1.2267528354046503e-05
pov_600_4_SELL_0.005,pov,600.0,4,SELL,0.005,40.056395233641496,0.20028197616820748,0.20028197616820748,1.0,63039.05,63061.75,63061.75,-0.0003600942590346315,6.345273287093177e-06,-0.0,-4.98876369058054e-05
rl_600_4_SELL_0.005,rl,600.0,4,SELL,0.005,40.056395233641496,0.20028197616820748,0.20028197616820748,1.0,63039.05,63061.65000000001,63061.75,-0.0003585079407130314,3.1726366434311685e-06,1.5863183216001644e-06,-6.141362802251084e-05
twap_600_4_BUY_0.01,twap,600.0,4,BUY,0.01,40.056395233641496,0.40056395233641495,0.40056395233641495,1.0,63039.05,63061.850000000006,63061.75,0.0003616805773564625,1.5863183218310041e-06,1.5863183218310041e-06,1.3880285314174568e-05
pov_600_4_BUY_0.01,pov,600.0,4,BUY,0.01,40.056395233641496,0.40056395233641495,0.40056395233641495,1.0,63039.05,63061.75,63061.75,0.0003600942590346315,7.931591608693342e-06,0.0,-0.0001718999751819053
rl_600_4_BUY_0.01,rl,600.0,4,BUY,0.01,40.056395233641496,0.40056395233641495,0.40056395233641495,1.0,63039.05,63061.850000000006,63061.75,0.0003616805773564625,4.7589549652621725e-06,1.5863183218310041e-06,6.301576943284229e-05
twap_600_4_SELL_0.01,twap,600.0,4,SELL,0.01,40.056395233641496,0.40056395233641495,0.40056395233641495,1.0,63039.05,63061.65000000001,63061.75,-0.0003585079407130314,1.5863183218310041e-06,1.5863183216001644e-06,-1.2267528354046503e-05
pov_600_4_SELL_0.01,pov,600.0,4,SELL,0.01,40.056395233641496,0.40056395233641495,0.40056395233641495,1.0,63039.05,63061.75,63061.75,-0.0003600942590346315,9.517909930524345e-06,-0.0,-4.4952401839716334e-05
rl_600_4_SELL_0.01,rl,600.0,4,SELL,0.01,40.056395233641496,0.40056395233641495,0.40056395233641495,1.0,63039.05,63061.65000000001,63061.75,-0.0003585079407130314,3.1726366436620083e-06,1.5863183216001644e-06,-6.141362802251084e-05
twap_600_4_BUY_0.02,twap,600.0,4,BUY,0.02,40.056395233641496,0.8011279046728299,0.8011279046728299,1.0,63039.05,63061.850000000006,63061.75,0.0003616805773564625,3.1726366436620083e-06,1.5863183218310041e-06,1.3904218030238757e-05
pov_600_4_BUY_0.02,pov,600.0,4,BUY,0.02,40.056395233641496,0.8011279046728299,0.8011279046728299,1.0,63039.05,63061.75,63061.75,0.0003600942590346315,7.931591608693342e-06,0.0,-0.0002202781466259315
rl_600_4_BUY_0.02,rl,600.0,4,BUY,0.02,40.056395233641496,0.8011279046728299,0.8011279046728299,1.0,63039.05,63061.850000000006,63061.75,0.0003616805773564625,6.345273287093177e-06,1.5863183218310041e-06,6.301576943284229e-05
twap_600_4_SELL_0.02,twap,600.0,4,SELL,0.02,40.056395233641496,0.8011279046728299,0.8011279046728299,1.0,63039.05,63061.55,63061.75,-0.0003569216223912004,3.1726366436620083e-06,3.1726366434311685e-06,-1.2267528354046503e-05
pov_600_4_SELL_0.02,pov,600.0,4,SELL,0.02,40.056395233641496,0.8011279046728299,0.8011279046728299,1.0,63039.05,63061.75,63061.75,-0.0003600942590346315,9.517909930524345e-06,-0.0,4.4074292488823904e-05
rl_600_4_SELL_0.02,rl,600.0,4,SELL,0.02,40.056395233641496,0.8011279046728299,0.8011279046728299,1.0,63039.05,63061.55,63061.75,-0.0003569216223912004,4.758954965031333e-06,3.1726366434311685e-06,-6.141362802251084e-05
twap_600_4_BUY_0.05,twap,600.0,4,BUY,0.05,40.056395233641496,2.002819761682075,2.002819761682075,1.0,63039.05,63061.95,63061.75,0.0003632668956780627,4.7589549652621725e-06,3.1726366434311685e-06,1.4026079048547035e-05
pov_600_4_BUY_0.05,pov,600.0,4,BUY,0.05,40.056395233641496,2.002819761682075,2.002819761682075,1.0,63039.05,63061.75,63061.75,0.0003600942590346315,2.0622138182648856e-05,0.0,-0.00026918868415149507
rl_600_4_BUY_0.05,rl,600.0,4,BUY,0.05,40.056395233641496,2.002819761682075,2.002819761682075,1.0,63039.05,63061.95,63061.75,0.0003632668956780627,1.4276864895786517e-05,3.1726366434311685e-06,6.373918204434103e-05
twap_600_4_SELL_0.05,twap,600.0,4,SELL,0.05,40.056395233641496,2.002819761682075,2.002819761682075,1.0,63039.05,63061.55,63061.75,-0.0003569216223912004,4.758954965031333e-06,3.1726366434311685e-06,-1.2183116014101077e-05
pov_600_4_SELL_0.05,pov,600.0,4,SELL,0.05,40.056395233641496,2.002819761682075,2.002819761682075,1.0,63039.05,63061.75,63061.75,-0.0003600942590346315,2.0622138182648856e-05,-0.0,0.00013308539442555593
rl_600_4_SELL_0.05,rl,600.0,4,SELL,0.05,40.056395233641496,2.002819761682075,2.002819761682075,1.0,63039.05,63061.55,63061.75,-0.0003569216223912004,7.931591608693342e-06,3.1726366434311685e-06,-6.136123852497113e-05
twap_600_4_BUY_0.1,twap,600.0,4,BUY,0.1,40.056395233641496,4.00563952336415,4.00563952336415,1.0,63039.05,63062.05,63061.75,0.0003648532139998937,6.345273287093177e-06,4.7589549652621725e-06,1.4241961345239913e-05
pov_600_4_BUY_0.1,pov,600.0,4,BUY,0.1,40.056395233641496,4.00563952336415,4.00563952336415,1.0,63039.05,63061.75,63061.75,0.0003600942590346315,2.0622138182648856e-05,0.0,-0.00035246697858767027
rl_600_4_BUY_0.1,rl,600.0,4,BUY,0.1,40.056395233641496,4.00563952336415,4.00563952336415,1.0,63039.05,63062.05,63061.75,0.0003648532139998937,2.3794774826080026e-05,4.7589549652621725e-06,6.495821169258609e-05
twap_600_4_SELL_0.1,twap,600.0,4,SELL,0.1,40.056395233641496,4.00563952336415,4.00563952336415,1.0,63039.05,63061.45,63061.75,-0.0003553353040693694,7.931591608693342e-06,4.7589549652621725e-06,-1.1914499179155945e-05
pov_600_4_SELL_0.1,pov,600.0,4,SELL,0.1,40.056395233641496,4.00563952336415,4.00563952336415,1.0,63039.05,63061.75,63061.75,-0.0003600942590346315,2.0622138182648856e-05,-0.0,0.0002855410159211204
rl_600_4_SELL_0.1,rl,600.0,4,SELL,0.1,40.056395233641496,4.00563952336415,4.00563952336415,1.0,63039.05,63061.45,63061.75,-0.0003553353040693694,9.517909930293506e-06,4.7589549652621725e-06,-6.109553760387541e-05
twap_600_4_BUY_0.2,twap,600.0,4,BUY,0.2,40.056395233641496,8.0112790467283,8.0112790467283,1.0,63039.05,63062.15000000001,63061.75,0.0003664395323217247,9.517909930524345e-06,6.345273287093177e-06,1.4871980244695644e-05
pov_600_4_BUY_0.2,pov,600.0,4,BUY,0.2,40.056395233641496,8.0112790467283,8.0112790467283,1.0,63039.05,63061.75,63061.75,0.0003600942590346315,2.8553729791342198e-05,0.0,-0.0003330721840847655
rl_600_4_BUY_0.2,rl,600.0,4,BUY,0.2,40.056395233641496,8.0112790467283,8.0112790467283,1.0,63039.05,63062.15000000001,63061.75,0.0003664395323217247,3.172636643477337e-05,6.345273287093177e-06,6.637106415097855e-05
twap_600_4_SELL_0.2,twap,600.0,4,SELL,0.2,40.056395233641496,8.0112790467283,8.0112790467283,1.0,63039.05,63061.350000000006,63061.75,-0.0003537489857477692,1.110422825235535e-05,6.345273286862337e-06,-1.1283106633454693e-05
pov_600_4_SELL_0.2,pov,600.0,4,SELL,0.2,40.056395233641496,8.0112790467283,8.0112790467283,1.0,63039.05,63061.75,63061.75,-0.0003600942590346315,2.9346888952257698e-05,-0.0,0.00019034431223888547
rl_600_4_SELL_0.2,rl,600.0,4,SELL,0.2,40.056395233641496,8.0112790467283,8.0112790467283,1.0,63039.05,63061.350000000006,63061.75,-0.0003537489857477692,1.903581986081785e-05,6.345273286862337e-06,-6.009082839635514e-05
