run_id,strategy,duration,seed,side,participation,market_volume,quantity,filled,completion,arrival_mid,end_mid,baseline_end_mid,peak_impact_observed,peak_impact_causal,end_impact_causal,shortfall,paired_execution_cost,penalized_execution_cost
twap_120_0_BUY_0.001,twap,120.0,0,BUY,0.001,4.811332827747923,0.004811332827747923,0.004811332827747923,1.0,62987.350000000006,62987.350000000006,62987.350000000006,0.0,1.587620371484445e-06,0.0,-0.00013904908419461913,7.938101856857232e-07,7.938101856857232e-07
pov_120_0_BUY_0.001,pov,120.0,0,BUY,0.001,4.811332827747923,0.004811332827747923,0.004811332827747923,1.0,62987.350000000006,62987.350000000006,62987.350000000006,0.0,1.587620371484445e-06,0.0,7.938101856267079e-07,7.938101856271077e-07,7.938101856271077e-07
frontload_120_0_BUY_0.001,frontload,120.0,0,BUY,0.001,4.811332827747923,0.004811332827747923,0.004811332827747923,1.0,62987.350000000006,62987.350000000006,62987.350000000006,0.0,1.587620371484445e-06,0.0,-6.808231962452787e-05,7.938101857179617e-07,7.938101857179617e-07
adaptive_120_0_BUY_0.001,adaptive,120.0,0,BUY,0.001,4.811332827747923,0.004811332827747923,0.004811332827747923,1.0,62987.350000000006,62987.350000000006,62987.350000000006,0.0,1.587620371484445e-06,0.0,-0.00021231323214441065,7.938101856388308e-07,7.938101856388308e-07
rl2_120_0_BUY_0.001,rl2,120.0,0,BUY,0.001,4.811332827747923,0.004811332827747923,0.004811332827747923,1.0,62987.350000000006,62987.350000000006,62987.350000000006,0.0,1.587620371484445e-06,0.0,-0.00017232516284402177,7.938101856798616e-07,7.938101856798616e-07
twap_120_0_SELL_0.001,twap,120.0,0,SELL,0.001,4.811332827747923,0.004811332827747923,0.004811332827747923,1.0,62987.350000000006,62987.350000000006,62987.350000000006,-0.0,1.587620371484445e-06,-0.0,0.00014063670456587255,7.938101856857231e-07,7.938101856857231e-07
pov_120_0_SELL_0.001,pov,120.0,0,SELL,0.001,4.811332827747923,0.004811332827747923,0.004811332827747923,1.0,62987.350000000006,62987.350000000006,62987.350000000006,-0.0,1.587620371484445e-06,-0.0,7.938101858577371e-07,7.938101858146768e-07,7.938101858146768e-07
frontload_120_0_SELL_0.001,frontload,120.0,0,SELL,0.001,4.811332827747923,0.004811332827747923,0.004811332827747923,1.0,62987.350000000006,62987.350000000006,62987.350000000006,-0.0,1.587620371484445e-06,-0.0,6.966993999566578e-05,7.938101856417616e-07,7.938101856417616e-07
adaptive_120_0_SELL_0.001,adaptive,120.0,0,SELL,0.001,4.811332827747923,0.004811332827747923,0.004811332827747923,1.0,62987.350000000006,62987.350000000006,62987.350000000006,-0.0,1.587620371484445e-06,-0.0,0.00013261511889648051,7.938101856622768e-07,7.938101856622768e-07
rl2_120_0_SELL_0.001,rl2,120.0,0,SELL,0.001,4.811332827747923,0.004811332827747923,0.004811332827747923,1.0,62987.350000000006,62987.25,62987.350000000006,1.587620371484445e-06,1.587620371484445e-06,1.587620371484445e-06,0.00010027015375739016,7.938101857589923e-07,7.938101857589923e-07
twap_120_0_BUY_0.0025,twap,120.0,0,BUY,0.0025,4.811332827747923,0.012028332069369808,0.012028332069369808,1.0,62987.350000000006,62987.350000000006,62987.350000000006,0.0,1.587620371484445e-06,0.0,-0.0001390490841942726,7.938101856646215e-07,7.938101856646215e-07
pov_120_0_BUY_0.0025,pov,120.0,0,BUY,0.0025,4.811332827747923,0.012028332069369808,0.012028332069369808,1.0,62987.350000000006,62987.350000000006,62987.350000000006,0.0,1.587620371484445e-06,0.0,7.938101857422225e-07,7.938101856646215e-07,7.938101856646215e-07
frontload_120_0_BUY_0.0025,frontload,120.0,0,BUY,0.0025,4.811332827747923,0.012028332069369808,0.012028332069369808,1.0,62987.350000000006,62987.350000000006,62987.350000000006,0.0,1.587620371484445e-06,0.0,-6.808231962429684e-05,7.938101856317969e-07,7.938101856317969e-07
adaptive_120_0_BUY_0.0025,adaptive,120.0,0,BUY,0.0025,4.811332827747923,0.012028332069369808,0.012028332069369808,1.0,62987.350000000006,62987.350000000006,62987.350000000006,0.0,1.587620371484445e-06,0.0,-0.00021231369738956824,7.938101857115139e-07,7.938101857115139e-07
rl2_120_0_BUY_0.0025,rl2,120.0,0,BUY,0.0025,4.811332827747923,0.012028332069369808,0.012028332069369808,1.0,62987.350000000006,62987.350000000006,62987.350000000006,0.0,1.587620371484445e-06,0.0,-0.00017232516284425279,7.938101856224184e-07,7.938101856224184e-07
twap_120_0_SELL_0.0025,twap,120.0,0,SELL,0.0025,4.811332827747923,0.012028332069369808,0.012028332069369808,1.0,62987.350000000006,62987.25,62987.350000000006,1.587620371484445e-06,1.587620371484445e-06,1.587620371484445e-06,0.00014063670456564153,7.938101857115137e-07,7.938101857115137e-07
pov_120_0_SELL_0.0025,pov,120.0,0,SELL,0.0025,4.811332827747923,0.012028332069369808,0.012028332069369808,1.0,62987.350000000006,62987.350000000006,62987.350000000006,-0.0,1.587620371484445e-06,-0.0,7.938101857422225e-07,7.938101858146768e-07,7.938101858146768e-07
frontload_120_0_SELL_0.0025,frontload,120.0,0,SELL,0.0025,4.811332827747923,0.012028332069369808,0.012028332069369808,1.0,62987.350000000006,62987.350000000006,62987.350000000006,-0.0,1.587620371484445e-06,-0.0,6.966993999601232e-05,7.938101857115138e-07,7.938101857115138e-07
adaptive_120_0_SELL_0.0025,adaptive,120.0,0,SELL,0.0025,4.811332827747923,0.012028332069369808,0.012028332069369808,1.0,62987.350000000006,62987.25,62987.350000000006,1.587620371484445e-06,1.587620371484445e-06,1.587620371484445e-06,0.00013261337675991245,7.938101856833785e-07,7.938101856833785e-07
rl2_120_0_SELL_0.0025,rl2,120.0,0,SELL,0.0025,4.811332827747923,0.012028332069369808,0.012028332069369808,1.0,62987.350000000006,62987.25,62987.350000000006,1.587620371484445e-06,1.587620371484445e-06,1.587620371484445e-06,0.00010027015375739016,7.938101856669662e-07,7.938101856669662e-07
twap_120_0_BUY_0.005,twap,120.0,0,BUY,0.005,4.811332827747923,0.024056664138739615,0.024056664138739615,1.0,62987.350000000006,62987.350000000006,62987.350000000006,0.0,1.587620371484445e-06,0.0,-0.0001390490841942726,7.938101856646215e-07,7.938101856646215e-07
pov_120_0_BUY_0.005,pov,120.0,0,BUY,0.005,4.811332827747923,0.024056664138739615,0.024056664138739615,1.0,62987.350000000006,62987.350000000006,62987.350000000006,0.0,3.175240742737861e-06,0.0,7.938101857422225e-07,7.938101856646215e-07,7.938101856646215e-07
frontload_120_0_BUY_0.005,frontload,120.0,0,BUY,0.005,4.811332827747923,0.024056664138739615,0.024056664138739615,1.0,62987.350000000006,62987.350000000006,62987.350000000006,0.0,1.587620371484445e-06,0.0,-6.808231962429684e-05,7.938101856317969e-07,7.938101856317969e-07
adaptive_120_0_BUY_0.005,adaptive,120.0,0,BUY,0.005,4.811332827747923,0.024056664138739615,0.024056664138739615,1.0,62987.350000000006,62987.350000000006,62987.350000000006,0.0,1.587620371484445e-06,0.0,-0.00021231416096623311,7.938101856833785e-07,7.938101856833785e-07
rl2_120_0_BUY_0.005,rl2,120.0,0,BUY,0.005,4.811332827747923,0.024056664138739615,0.024056664138739615,1.0,62987.350000000006,62987.45,62987.350000000006,1.5876203712534159e-06,1.587620371484445e-06,1.5876203712534159e-06,-0.00017232516284425279,7.938101856224184e-07,7.938101856224184e-07
twap_120_0_SELL_0.005,twap,120.0,0,SELL,0.005,4.811332827747923,0.024056664138739615,0.024056664138739615,1.0,62987.350000000006,62987.25,62987.350000000006,1.587620371484445e-06,1.587620371484445e-06,1.587620371484445e-06,0.00014063670456564153,7.938101857115137e-07,7.938101857115137e-07
pov_120_0_SELL_0.005,pov,120.0,0,SELL,0.005,4.811332827747923,0.024056664138739615,0.024056664138739615,1.0,62987.350000000006,62987.350000000006,62987.350000000006,-0.0,3.175240742737861e-06,-0.0,7.938101857422225e-07,7.938101858146768e-07,7.938101858146768e-07
frontload_120_0_SELL_0.005,frontload,120.0,0,SELL,0.005,4.811332827747923,0.024056664138739615,0.024056664138739615,1.0,62987.350000000006,62987.350000000006,62987.350000000006,-0.0,1.587620371484445e-06,-0.0,6.966993999601232e-05,7.938101857115138e-07,7.938101857115138e-07
adaptive_120_0_SELL_0.005,adaptive,120.0,0,SELL,0.005,4.811332827747923,0.024056664138739615,0.024056664138739615,1.0,62987.350000000006,62987.25,62987.350000000006,1.587620371484445e-06,1.587620371484445e-06,1.587620371484445e-06,0.00013261141745938947,7.938101856739999e-07,7.938101856739999e-07
rl2_120_0_SELL_0.005,rl2,120.0,0,SELL,0.005,4.811332827747923,0.024056664138739615,0.024056664138739615,1.0,62987.350000000006,62987.25,62987.350000000006,1.587620371484445e-06,1.587620371484445e-06,1.587620371484445e-06,0.00010027015375739016,7.938101856669662e-07,7.938101856669662e-07
twap_120_0_BUY_0.01,twap,120.0,0,BUY,0.01,4.811332827747923,0.04811332827747923,0.04811332827747923,1.0,62987.350000000006,62987.45,62987.350000000006,1.5876203712534159e-06,1.587620371484445e-06,1.5876203712534159e-06,-0.0001390490841942726,7.938101856646215e-07,7.938101856646215e-07
pov_120_0_BUY_0.01,pov,120.0,0,BUY,0.01,4.811332827747923,0.04811332827747923,0.04811332827747923,1.0,62987.350000000006,62987.350000000006,62987.350000000006,0.0,4.762861114222305e-06,0.0,7.938101857422225e-07,7.938101856646215e-07,7.938101856646215e-07
frontload_120_0_BUY_0.01,frontload,120.0,0,BUY,0.01,4.811332827747923,0.04811332827747923,0.04811332827747923,1.0,62987.350000000006,62987.350000000006,62987.350000000006,0.0,1.587620371484445e-06,0.0,-6.808231962429684e-05,7.938101856317969e-07,7.938101856317969e-07
adaptive_120_0_BUY_0.01,adaptive,120.0,0,BUY,0.01,4.811332827747923,0.04811332827747923,0.04811332827747923,1.0,62987.350000000006,62987.350000000006,62987.350000000006,0.0,1.587620371484445e-06,0.0,-0.00021231469201566037,7.938101856693107e-07,7.938101856693107e-07
rl2_120_0_BUY_0.01,rl2,120.0,0,BUY,0.01,4.811332827747923,0.04811332827747923,0.04811332827747923,1.0,62987.350000000006,62987.45,62987.350000000006,1.5876203712534159e-06,1.587620371484445e-06,1.5876203712534159e-06,-0.00017232516284425279,7.938101856224184e-07,7.938101856224184e-07
twap_120_0_SELL_0.01,twap,120.0,0,SELL,0.01,4.811332827747923,0.04811332827747923,0.04811332827747923,1.0,62987.350000000006,62987.25,62987.350000000006,1.587620371484445e-06,1.587620371484445e-06,1.587620371484445e-06,0.00014063670456564153,7.938101857115137e-07,7.938101857115137e-07
pov_120_0_SELL_0.01,pov,120.0,0,SELL,0.01,4.811332827747923,0.04811332827747923,0.04811332827747923,1.0,62987.350000000006,62987.350000000006,62987.350000000006,-0.0,3.175240742737861e-06,-0.0,7.938101857422225e-07,7.938101858146768e-07,7.938101858146768e-07
frontload_120_0_SELL_0.01,frontload,120.0,0,SELL,0.01,4.811332827747923,0.04811332827747923,0.04811332827747923,1.0,62987.350000000006,62987.25,62987.350000000006,1.587620371484445e-06,1.587620371484445e-06,1.587620371484445e-06,6.966993999601232e-05,7.938101857115138e-07,7.938101857115138e-07
adaptive_120_0_SELL_0.01,adaptive,120.0,0,SELL,0.01,4.811332827747923,0.04811332827747923,0.04811332827747923,1.0,62987.350000000006,62987.25,62987.350000000006,1.587620371484445e-06,1.587620371484445e-06,1.587620371484445e-06,0.00013260865351915068,7.938101856927569e-07,7.938101856927569e-07
rl2_120_0_SELL_0.01,rl2,120.0,0,SELL,0.01,4.811332827747923,0.04811332827747923,0.04811332827747923,1.0,62987.350000000006,62987.15000000001,62987.350000000006,3.175240742737861e-06,3.175240742737861e-06,3.175240742737861e-06,0.00010027015375739016,7.938101856669662e-07,7.938101856669662e-07
twap_120_0_BUY_0.02,twap,120.0,0,BUY,0.02,4.811332827747923,0.09622665655495846,0.09622665655495846,1.0,62987.350000000006,62987.45,62987.350000000006,1.5876203712534159e-06,1.587620371484445e-06,1.5876203712534159e-06,-0.0001390490841942726,7.938101856646215e-07,7.938101856646215e-07
pov_120_0_BUY_0.02,pov,120.0,0,BUY,0.02,4.811332827747923,0.09622665655495846,0.09622665655495846,1.0,62987.350000000006,62987.350000000006,62987.350000000006,0.0,6.350481485475722e-06,0.0,7.938101857422225e-07,7.938101856646215e-07,7.938101856646215e-07
frontload_120_0_BUY_0.02,frontload,120.0,0,BUY,0.02,4.811332827747923,0.09622665655495846,0.09622665655495846,1.0,62987.350000000006,62987.350000000006,62987.350000000006,0.0,3.175240742737861e-06,0.0,-6.808231962429684e-05,7.938101856317969e-07,7.938101856317969e-07
adaptive_120_0_BUY_0.02,adaptive,120.0,0,BUY,0.02,4.811332827747923,0.09622665655495846,0.09622665655495846,1.0,62987.350000000006,62987.350000000006,62987.350000000006,0.0,3.175240742737861e-06,0.0,-0.00021231514300019583,7.938101856458644e-07,7.938101856458644e-07
rl2_120_0_BUY_0.02,rl2,120.0,0,BUY,0.02,4.811332827747923,0.09622665655495846,0.09622665655495846,1.0,62987.350000000006,62987.55,62987.350000000006,3.175240742737861e-06,3.175240742737861e-06,3.175240742737861e-06,-0.00017232516284425279,7.938101856224184e-07,7.938101856224184e-07
twap_120_0_SELL_0.02,twap,120.0,0,SELL,0.02,4.811332827747923,0.09622665655495846,0.09622665655495846,1.0,62987.350000000006,62987.25,62987.350000000006,1.587620371484445e-06,1.587620371484445e-06,1.587620371484445e-06,0.00014063670456564153,7.938101857115137e-07,7.938101857115137e-07
pov_120_0_SELL_0.02,pov,120.0,0,SELL,0.02,4.811332827747923,0.09622665655495846,0.09622665655495846,1.0,62987.350000000006,62987.350000000006,62987.350000000006,-0.0,4.762861114222305e-06,-0.0,7.938101857422225e-07,7.938101858146768e-07,7.938101858146768e-07
frontload_120_0_SELL_0.02,frontload,120.0,0,SELL,0.02,4.811332827747923,0.09622665655495846,0.09622665655495846,1.0,62987.350000000006,62987.25,62987.350000000006,1.587620371484445e-06,1.587620371484445e-06,1.587620371484445e-06,6.966993999601232e-05,7.938101857115138e-07,7.938101857115138e-07
adaptive_120_0_SELL_0.02,adaptive,120.0,0,SELL,0.02,4.811332827747923,0.09622665655495846,0.09622665655495846,1.0,62987.350000000006,62987.25,62987.350000000006,1.587620371484445e-06,1.587620371484445e-06,1.587620371484445e-06,0.00013260210367281998,7.938101856646215e-07,7.938101856646215e-07
rl2_120_0_SELL_0.02,rl2,120.0,0,SELL,0.02,4.811332827747923,0.09622665655495846,0.09622665655495846,1.0,62987.350000000006,62987.15000000001,62987.350000000006,3.175240742737861e-06,3.175240742737861e-06,3.175240742737861e-06,0.00010027015375739016,7.938101856669662e-07,7.938101856669662e-07
twap_120_0_BUY_0.05,twap,120.0,0,BUY,0.05,4.811332827747923,0.24056664138739614,0.24056664138739614,1.0,62987.350000000006,62987.45,62987.350000000006,1.5876203712534159e-06,3.175240742737861e-06,1.5876203712534159e-06,-0.00013904908419461913,7.938101856796271e-07,7.938101856796271e-07
pov_120_0_BUY_0.05,pov,120.0,0,BUY,0.05,4.811332827747923,0.24056664138739614,0.24056664138739614,1.0,62987.350000000006,62987.350000000006,62987.350000000006,0.0,7.938101856960167e-06,0.0,1.9229970352639784e-05,7.938101856346104e-07,7.938101856346104e-07
frontload_120_0_BUY_0.05,frontload,120.0,0,BUY,0.05,4.811332827747923,0.24056664138739614,0.24056664138739614,1.0,62987.350000000006,62987.45,62987.350000000006,1.5876203712534159e-06,3.17524074296889e-06,1.5876203712534159e-06,-6.808231962487442e-05,7.938101856646215e-07,7.938101856646215e-07
adaptive_120_0_BUY_0.05,adaptive,120.0,0,BUY,0.05,4.811332827747923,0.24056664138739614,0.24056664138739614,1.0,62987.350000000006,62987.350000000006,62987.350000000006,0.0,3.175240742737861e-06,0.0,-0.0002123145008452595,7.938101856346104e-07,7.938101856346104e-07
rl2_120_0_BUY_0.05,rl2,120.0,0,BUY,0.05,4.811332827747923,0.24056664138739614,0.24056664138739614,1.0,62987.350000000006,62987.65000000001,62987.350000000006,4.762861114222305e-06,4.762861114222305e-06,4.762861114222305e-06,-0.00017232516284448383,7.938101856083507e-07,7.938101856083507e-07
twap_120_0_SELL_0.05,twap,120.0,0,SELL,0.05,4.811332827747923,0.24056664138739614,0.24056664138739614,1.0,62987.350000000006,62987.15000000001,62987.350000000006,3.175240742737861e-06,3.17524074296889e-06,3.175240742737861e-06,0.00014063670456598807,7.938101857096381e-07,7.938101857096381e-07
pov_120_0_SELL_0.05,pov,120.0,0,SELL,0.05,4.811332827747923,0.24056664138739614,0.24056664138739614,1.0,62987.350000000006,62987.350000000006,62987.350000000006,-0.0,7.938101856960167e-06,-0.0,7.938101857422225e-07,7.938101857546547e-07,7.938101857546547e-07
frontload_120_0_SELL_0.05,frontload,120.0,0,SELL,0.05,4.811332827747923,0.24056664138739614,0.24056664138739614,1.0,62987.350000000006,62987.25,62987.350000000006,1.587620371484445e-06,4.762861114222305e-06,1.587620371484445e-06,7.01118073643648e-05,1.2356775537390005e-06,1.2356775537390005e-06
adaptive_120_0_SELL_0.05,adaptive,120.0,0,SELL,0.05,4.811332827747923,0.24056664138739614,0.24056664138739614,1.0,62987.350000000006,62987.15000000001,62987.350000000006,3.175240742737861e-06,3.17524074296889e-06,3.175240742737861e-06,0.0001405197107051862,7.938101857321465e-07,7.938101857321465e-07
rl2_120_0_SELL_0.05,rl2,120.0,0,SELL,0.05,4.811332827747923,0.24056664138739614,0.24056664138739614,1.0,62987.350000000006,62986.95,62987.350000000006,6.350481485706751e-06,6.350481485706751e-06,6.350481485706751e-06,0.00010027015375750567,7.938101857358979e-07,7.938101857358979e-07
twap_120_0_BUY_0.1,twap,120.0,0,BUY,0.1,4.811332827747923,0.4811332827747923,0.4811332827747923,1.0,62987.350000000006,62987.55,62987.350000000006,3.175240742737861e-06,4.762861114222305e-06,3.175240742737861e-06,-0.00013904908419461913,7.938101856796271e-07,7.938101856796271e-07
pov_120_0_BUY_0.1,pov,120.0,0,BUY,0.1,4.811332827747923,0.4811332827747923,0.4811332827747923,1.0,62987.350000000006,62987.350000000006,62987.350000000006,0.0,9.52572222844461e-06,0.0,8.066099679609028e-05,7.938101856346104e-07,7.938101856346104e-07
frontload_120_0_BUY_0.1,frontload,120.0,0,BUY,0.1,4.811332827747923,0.4811332827747923,0.4811332827747923,1.0,62987.350000000006,62987.45,62987.350000000006,1.5876203712534159e-06,4.762861114222305e-06,1.5876203712534159e-06,-6.808231962487442e-05,7.938101856646215e-07,7.938101856646215e-07
adaptive_120_0_BUY_0.1,adaptive,120.0,0,BUY,0.1,4.811332827747923,0.4811332827747923,0.4811332827747923,1.0,62987.350000000006,62987.350000000006,62987.350000000006,0.0,4.762861114222305e-06,0.0,-0.00021230773881145772,7.938101856308591e-07,7.938101856308591e-07
rl2_120_0_BUY_0.1,rl2,120.0,0,BUY,0.1,4.811332827747923,0.4811332827747923,0.4811332827747923,1.0,62987.350000000006,62987.75,62987.350000000006,6.350481485475722e-06,6.350481485475722e-06,6.350481485475722e-06,-9.286390605935029e-05,7.938101856458645e-07,7.938101856458645e-07
twap_120_0_SELL_0.1,twap,120.0,0,SELL,0.1,4.811332827747923,0.4811332827747923,0.4811332827747923,1.0,62987.350000000006,62987.15000000001,62987.350000000006,3.175240742737861e-06,4.762861114222305e-06,3.175240742737861e-06,0.00014089076586861306,1.0478714883042598e-06,1.0478714883042598e-06
pov_120_0_SELL_0.1,pov,120.0,0,SELL,0.1,4.811332827747923,0.4811332827747923,0.4811332827747923,1.0,62987.350000000006,62987.350000000006,62987.350000000006,-0.0,1.1113342599698028e-05,-0.0,7.938101857422225e-07,7.938101857546547e-07,7.938101857546547e-07
frontload_120_0_SELL_0.1,frontload,120.0,0,SELL,0.1,4.811332827747923,0.4811332827747923,0.4811332827747923,1.0,62987.350000000006,62987.25,62987.350000000006,1.587620371484445e-06,7.938101856960167e-06,1.587620371484445e-06,7.060359682283107e-05,1.7274670121985684e-06,1.7274670121985684e-06
adaptive_120_0_SELL_0.1,adaptive,120.0,0,SELL,0.1,4.811332827747923,0.4811332827747923,0.4811332827747923,1.0,62987.350000000006,62987.05,62987.350000000006,4.762861114222305e-06,4.762861114222305e-06,4.762861114222305e-06,0.00015121129149360735,7.938101857096381e-07,7.938101857096381e-07
rl2_120_0_SELL_0.1,rl2,120.0,0,SELL,0.1,4.811332827747923,0.4811332827747923,0.4811332827747923,1.0,62987.350000000006,62986.850000000006,62987.350000000006,7.938101856960167e-06,7.938101856960167e-06,7.938101856960167e-06,0.00010027015375750567,7.938101857358979e-07,7.938101857358979e-07
twap_120_0_BUY_0.2,twap,120.0,0,BUY,0.2,4.811332827747923,0.9622665655495846,0.9622665655495846,1.0,62987.350000000006,62987.65000000001,62987.350000000006,4.762861114222305e-06,6.350481485475722e-06,4.762861114222305e-06,-0.00013904908419461913,7.938101856796271e-07,7.938101856796271e-07
pov_120_0_BUY_0.2,pov,120.0,0,BUY,0.2,4.811332827747923,0.9622665655495846,0.9622665655495846,1.0,62987.350000000006,62987.350000000006,62987.350000000006,0.0,1.5876203713920334e-05,0.0,0.00011137651001787328,7.938101856946326e-07,7.938101856946326e-07
frontload_120_0_BUY_0.2,frontload,120.0,0,BUY,0.2,4.811332827747923,0.9622665655495846,0.9622665655495846,1.0,62987.350000000006,62987.55,62987.350000000006,3.175240742737861e-06,7.938101856960167e-06,3.175240742737861e-06,-6.790186868953377e-05,9.74261120961741e-07,9.74261120961741e-07
adaptive_120_0_BUY_0.2,adaptive,120.0,0,BUY,0.2,4.811332827747923,0.9622665655495846,0.9622665655495846,1.0,62987.350000000006,62987.350000000006,62987.350000000006,0.0,6.350481485706751e-06,0.0,-0.00021229623001847118,7.938101856571188e-07,7.938101856571188e-07
rl2_120_0_BUY_0.2,rl2,120.0,0,BUY,0.2,4.811332827747923,0.9622665655495846,0.9622665655495846,1.0,62987.350000000006,62987.350000000006,62987.350000000006,0.0,2.2226685199627083e-05,0.0,-0.0003121801450708466,3.997274386315733e-06,3.997274386315733e-06
twap_120_0_SELL_0.2,twap,120.0,0,SELL,0.2,4.811332827747923,0.9622665655495846,0.9622665655495846,1.0,62987.350000000006,62987.05,62987.350000000006,4.762861114222305e-06,7.938101856960167e-06,4.762861114222305e-06,0.00014116979880817384,1.326904427953606e-06,1.326904427953606e-06
pov_120_0_SELL_0.2,pov,120.0,0,SELL,0.2,4.811332827747923,0.9622665655495846,0.9622665655495846,1.0,62987.350000000006,62987.350000000006,62987.350000000006,-0.0,1.2700962971182472e-05,-0.0,9.051822244885266e-06,7.938101856289834e-07,7.938101856289834e-07
frontload_120_0_SELL_0.2,frontload,120.0,0,SELL,0.2,4.811332827747923,0.9622665655495846,0.9622665655495846,1.0,62987.350000000006,62987.15000000001,62987.350000000006,3.175240742737861e-06,1.1113342599698028e-05,3.175240742737861e-06,7.13003891931284e-05,2.42425938258001e-06,2.42425938258001e-06
adaptive_120_0_SELL_0.2,adaptive,120.0,0,SELL,0.2,4.811332827747923,0.9622665655495846,0.9622665655495846,1.0,62987.350000000006,62986.95,62987.350000000006,6.350481485706751e-06,6.350481485706751e-06,6.350481485706751e-06,0.00015515770806233539,7.948468563635013e-07,7.948468563635013e-07
rl2_120_0_SELL_0.2,rl2,120.0,0,SELL,0.2,4.811332827747923,0.9622665655495846,0.9622665655495846,1.0,62987.350000000006,62986.350000000006,62987.350000000006,1.5876203713920334e-05,1.5876203713920334e-05,1.5876203713920334e-05,9.39624344857139e-05,2.0375143062118124e-06,2.0375143062118124e-06
twap_120_1_BUY_0.001,twap,120.0,1,BUY,0.001,2.1060715582135368,0.0021060715582135368,0.0021060715582135368,1.0,63024.55,63067.350000000006,63067.350000000006,0.0006791004457787149,1.586683284621957e-06,0.0,0.0003116510418030761,7.93341642252581e-07,7.93341642252581e-07
pov_120_1_BUY_0.001,pov,120.0,1,BUY,0.001,2.1060715582135368,0.0021060715582135368,0.0021060715582135368,1.0,63024.55,63067.350000000006,63067.350000000006,0.0006791004457787149,0.0,0.0,7.933416421955321e-07,7.933416421589014e-07,7.933416421589014e-07
frontload_120_1_BUY_0.001,frontload,120.0,1,BUY,0.001,2.1060715582135368,0.0021060715582135368,0.0021060715582135368,1.0,63024.55,63067.350000000006,63067.350000000006,0.0006791004457787149,1.586683284621957e-06,0.0,0.00020410160222909238,7.933416422224698e-07,7.933416422224698e-07
adaptive_120_1_BUY_0.001,adaptive,120.0,1,BUY,0.001,2.1060715582135368,0.0021060715582135368,0.0021060715582135368,1.0,63024.55,63067.350000000006,63067.350000000006,0.0006791004457787149,1.586683284621957e-06,0.0,0.00030587577854618395,7.93341642185667e-07,7.93341642185667e-07
rl2_120_1_BUY_0.001,rl2,120.0,1,BUY,0.001,2.1060715582135368,0.0021060715582135368,0.0021060715582135368,1.0,63024.55,63067.350000000006,63067.350000000006,0.0006791004457787149,1.586683284621957e-06,0.0,0.0004946987930421257,7.93341642252581e-07,7.93341642252581e-07
twap_120_1_SELL_0.001,twap,120.0,1,SELL,0.001,2.1060715582135368,0.0021060715582135368,0.0021060715582135368,1.0,63024.55,63067.350000000006,63067.350000000006,-0.0006791004457787149,1.586683284621957e-06,-0.0,-0.00031006435851856963,7.93341642252581e-07,7.93341642252581e-07
pov_120_1_SELL_0.001,pov,120.0,1,SELL,0.001,2.1060715582135368,0.0021060715582135368,0.0021060715582135368,1.0,63024.55,63067.350000000006,63067.350000000006,-0.0006791004457787149,1.586683284621957e-06,-0.0,7.933416423109785e-07,7.933416423730264e-07,7.933416423730264e-07
frontload_120_1_SELL_0.001,frontload,120.0,1,SELL,0.001,2.1060715582135368,0.0021060715582135368,0.0021060715582135368,1.0,63024.55,63067.350000000006,63067.350000000006,-0.0006791004457787149,1.586683284621957e-06,-0.0,-0.0002025149189447013,7.933416423295322e-07,7.933416423295322e-07
adaptive_120_1_SELL_0.001,adaptive,120.0,1,SELL,0.001,2.1060715582135368,0.0021060715582135368,0.0021060715582135368,1.0,63024.55,63067.350000000006,63067.350000000006,-0.0006791004457787149,1.586683284621957e-06,-0.0,-0.00031467501014757857,7.933416422793469e-07,7.933416422793469e-07
rl2_120_1_SELL_0.001,rl2,120.0,1,SELL,0.001,2.1060715582135368,0.0021060715582135368,0.0021060715582135368,1.0,63024.55,63067.350000000006,63067.350000000006,-0.0006791004457787149,1.5866832843910642e-06,-0.0,-0.0004576054703996476,7.933416422994209e-07,7.933416422994209e-07
twap_120_1_BUY_0.0025,twap,120.0,1,BUY,0.0025,2.1060715582135368,0.005265178895533842,0.005265178895533842,1.0,63024.55,63067.350000000006,63067.350000000006,0.0006791004457787149,1.586683284621957e-06,0.0,0.00031165104180284523,7.933416422231387e-07,7.933416422231387e-07
pov_120_1_BUY_0.0025,pov,120.0,1,BUY,0.0025,2.1060715582135368,0.005265178895533842,0.005265178895533842,1.0,63024.55,63067.350000000006,63067.350000000006,0.0006791004457787149,0.0,0.0,7.933416423109785e-07,7.933416422017264e-07,7.933416422017264e-07
frontload_120_1_BUY_0.0025,frontload,120.0,1,BUY,0.0025,2.1060715582135368,0.005265178895533842,0.005265178895533842,1.0,63024.55,63067.350000000006,63067.350000000006,0.0006791004457787149,1.586683284621957e-06,0.0,0.00020410160222932326,7.933416422070795e-07,7.933416422070795e-07
adaptive_120_1_BUY_0.0025,adaptive,120.0,1,BUY,0.0025,2.1060715582135368,0.005265178895533842,0.005265178895533842,1.0,63024.55,63067.350000000006,63067.350000000006,0.0006791004457787149,1.586683284621957e-06,0.0,0.0003058774379157538,7.933416422070795e-07,7.933416422070795e-07
rl2_120_1_BUY_0.0025,rl2,120.0,1,BUY,0.0025,2.1060715582135368,0.005265178895533842,0.005265178895533842,1.0,63024.55,63067.45,63067.350000000006,0.000680687129063106,1.586683284621957e-06,1.5866832843910642e-06,0.0004946987930421257,7.933416422445513e-07,7.933416422445513e-07
twap_120_1_SELL_0.0025,twap,120.0,1,SELL,0.0025,2.1060715582135368,0.005265178895533842,0.005265178895533842,1.0,63024.55,63067.350000000006,63067.350000000006,-0.0006791004457787149,1.586683284621957e-06,-0.0,-0.0003100643585183387,7.93341642308789e-07,7.93341642308789e-07
pov_120_1_SELL_0.0025,pov,120.0,1,SELL,0.0025,2.1060715582135368,0.005265178895533842,0.005265178895533842,1.0,63024.55,63067.350000000006,63067.350000000006,-0.0006791004457787149,1.586683284621957e-06,-0.0,7.933416423109785e-07,7.933416423730264e-07,7.933416423730264e-07
frontload_120_1_SELL_0.0025,frontload,120.0,1,SELL,0.0025,2.1060715582135368,0.005265178895533842,0.005265178895533842,1.0,63024.55,63067.350000000006,63067.350000000006,-0.0006791004457787149,1.586683284621957e-06,-0.0,-0.0002025149189447013,7.933416422927296e-07,7.933416422927296e-07
adaptive_120_1_SELL_0.0025,adaptive,120.0,1,SELL,0.0025,2.1060715582135368,0.005265178895533842,0.005265178895533842,1.0,63024.55,63067.350000000006,63067.350000000006,-0.0006791004457787149,1.586683284621957e-06,-0.0,-0.0003146760933707901,7.933416422820233e-07,7.933416422820233e-07
rl2_120_1_SELL_0.0025,rl2,120.0,1,SELL,0.0025,2.1060715582135368,0.005265178895533842,0.005265178895533842,1.0,63024.55,63067.350000000006,63067.350000000006,-0.0006791004457787149,1.586683284621957e-06,-0.0,-0.00045760547039941666,7.933416422632872e-07,7.933416422632872e-07
twap_120_1_BUY_0.005,twap,120.0,1,BUY,0.005,2.1060715582135368,0.010530357791067684,0.010530357791067684,1.0,63024.55,63067.350000000006,63067.350000000006,0.0006791004457787149,1.586683284621957e-06,0.0,0.00031165104180284523,7.933416422231387e-07,7.933416422231387e-07
pov_120_1_BUY_0.005,pov,120.0,1,BUY,0.005,2.1060715582135368,0.010530357791067684,0.010530357791067684,1.0,63024.55,63067.350000000006,63067.350000000006,0.0006791004457787149,1.586683284621957e-06,0.0,7.933416423109785e-07,7.933416422017264e-07,7.933416422017264e-07
frontload_120_1_BUY_0.005,frontload,120.0,1,BUY,0.005,2.1060715582135368,0.010530357791067684,0.010530357791067684,1.0,63024.55,63067.350000000006,63067.350000000006,0.0006791004457787149,1.586683284621957e-06,0.0,0.00020410160222932326,7.933416422070795e-07,7.933416422070795e-07
adaptive_120_1_BUY_0.005,adaptive,120.0,1,BUY,0.005,2.1060715582135368,0.010530357791067684,0.010530357791067684,1.0,63024.55,63067.350000000006,63067.350000000006,0.0006791004457787149,1.586683284621957e-06,0.0,0.000305879311645628,7.933416422284921e-07,7.933416422284921e-07
rl2_120_1_BUY_0.005,rl2,120.0,1,BUY,0.005,2.1060715582135368,0.010530357791067684,0.010530357791067684,1.0,63024.55,63067.45,63067.350000000006,0.000680687129063106,1.586683284621957e-06,1.5866832843910642e-06,0.0004946987930421257,7.933416422445513e-07,7.933416422445513e-07
twap_120_1_SELL_0.005,twap,120.0,1,SELL,0.005,2.1060715582135368,0.010530357791067684,0.010530357791067684,1.0,63024.55,63067.350000000006,63067.350000000006,-0.0006791004457787149,1.586683284621957e-06,-0.0,-0.0003100643585183387,7.93341642308789e-07,7.93341642308789e-07
pov_120_1_SELL_0.005,pov,120.0,1,SELL,0.005,2.1060715582135368,0.010530357791067684,0.010530357791067684,1.0,63024.55,63067.350000000006,63067.350000000006,-0.0006791004457787149,3.173366569013021e-06,-0.0,7.933416423109785e-07,7.933416423730264e-07,7.933416423730264e-07
frontload_120_1_SELL_0.005,frontload,120.0,1,SELL,0.005,2.1060715582135368,0.010530357791067684,0.010530357791067684,1.0,63024.55,63067.350000000006,63067.350000000006,-0.0006791004457787149,1.586683284621957e-06,-0.0,-0.0002025149189447013,7.933416422927296e-07,7.933416422927296e-07
adaptive_120_1_SELL_0.005,adaptive,120.0,1,SELL,0.005,2.1060715582135368,0.010530357791067684,0.010530357791067684,1.0,63024.55,63067.350000000006,63067.350000000006,-0.0006791004457787149,1.586683284621957e-06,-0.0,-0.00031467731459089725,7.933416422927294e-07,7.933416422927294e-07
rl2_120_1_SELL_0.005,rl2,120.0,1,SELL,0.005,2.1060715582135368,0.010530357791067684,0.010530357791067684,1.0,63024.55,63067.350000000006,63067.350000000006,-0.0006791004457787149,1.586683284621957e-06,-0.0,-0.00045760547039941666,7.933416422632872e-07,7.933416422632872e-07
twap_120_1_BUY_0.01,twap,120.0,1,BUY,0.01,2.1060715582135368,0.02106071558213537,0.02106071558213537,1.0,63024.55,63067.45,63067.350000000006,0.000680687129063106,1.586683284621957e-06,1.5866832843910642e-06,0.00031165104180284523,7.933416422231387e-07,7.933416422231387e-07
pov_120_1_BUY_0.01,pov,120.0,1,BUY,0.01,2.1060715582135368,0.02106071558213537,0.02106071558213537,1.0,63024.55,63067.350000000006,63067.350000000006,0.0006791004457787149,1.586683284621957e-06,0.0,7.933416423109785e-07,7.933416422017264e-07,7.933416422017264e-07
frontload_120_1_BUY_0.01,frontload,120.0,1,BUY,0.01,2.1060715582135368,0.02106071558213537,0.02106071558213537,1.0,63024.55,63067.350000000006,63067.350000000006,0.0006791004457787149,1.586683284621957e-06,0.0,0.00020410160222932326,7.933416422070795e-07,7.933416422070795e-07
adaptive_120_1_BUY_0.01,adaptive,120.0,1,BUY,0.01,2.1060715582135368,0.02106071558213537,0.02106071558213537,1.0,63024.55,63067.350000000006,63067.350000000006,0.0006791004457787149,1.586683284621957e-06,0.0,0.00030588196748736413,7.933416422070795e-07,7.933416422070795e-07
rl2_120_1_BUY_0.01,rl2,120.0,1,BUY,0.01,2.1060715582135368,0.02106071558213537,0.02106071558213537,1.0,63024.55,63067.45,63067.350000000006,0.000680687129063106,1.586683284621957e-06,1.5866832843910642e-06,0.0004946987930421257,7.933416422445513e-07,7.933416422445513e-07
twap_120_1_SELL_0.01,twap,120.0,1,SELL,0.01,2.1060715582135368,0.02106071558213537,0.02106071558213537,1.0,63024.55,63067.350000000006,63067.350000000006,-0.0006791004457787149,1.586683284621957e-06,-0.0,-0.0003100643585183387,7.93341642308789e-07,7.93341642308789e-07
pov_120_1_SELL_0.01,pov,120.0,1,SELL,0.01,2.1060715582135368,0.02106071558213537,0.02106071558213537,1.0,63024.55,63067.350000000006,63067.350000000006,-0.0006791004457787149,3.173366569013021e-06,-0.0,7.933416423109785e-07,7.933416423730264e-07,7.933416423730264e-07
frontload_120_1_SELL_0.01,frontload,120.0,1,SELL,0.01,2.1060715582135368,0.02106071558213537,0.02106071558213537,1.0,63024.55,63067.350000000006,63067.350000000006,-0.0006791004457787149,1.586683284621957e-06,-0.0,-0.0002025149189447013,7.933416422927296e-07,7.933416422927296e-07
adaptive_120_1_SELL_0.01,adaptive,120.0,1,SELL,0.01,2.1060715582135368,0.02106071558213537,0.02106071558213537,1.0,63024.55,63067.350000000006,63067.350000000006,-0.0006791004457787149,1.586683284621957e-06,-0.0,-0.00031467904228499647,7.933416423087889e-07,7.933416423087889e-07
rl2_120_1_SELL_0.01,rl2,120.0,1,SELL,0.01,2.1060715582135368,0.02106071558213537,0.02106071558213537,1.0,63024.55,63067.25,63067.350000000006,-0.000677513762494093,1.586683284621957e-06,1.586683284621957e-06,-0.00045760547039941666,7.933416422632872e-07,7.933416422632872e-07
twap_120_1_BUY_0.02,twap,120.0,1,BUY,0.02,2.1060715582135368,0.04212143116427074,0.04212143116427074,1.0,63024.55,63067.45,63067.350000000006,0.000680687129063106,1.586683284621957e-06,1.5866832843910642e-06,0.00031165104180284523,7.933416422231387e-07,7.933416422231387e-07
pov_120_1_BUY_0.02,pov,120.0,1,BUY,0.02,2.1060715582135368,0.04212143116427074,0.04212143116427074,1.0,63024.55,63067.350000000006,63067.350000000006,0.0006791004457787149,3.173366569243914e-06,0.0,7.933416423109785e-07,7.933416422017264e-07,7.933416422017264e-07
frontload_120_1_BUY_0.02,frontload,120.0,1,BUY,0.02,2.1060715582135368,0.04212143116427074,0.04212143116427074,1.0,63024.55,63067.350000000006,63067.350000000006,0.0006791004457787149,1.586683284621957e-06,0.0,0.00020410160222932326,7.933416422070795e-07,7.933416422070795e-07
adaptive_120_1_BUY_0.02,adaptive,120.0,1,BUY,0.02,2.1060715582135368,0.04212143116427074,0.04212143116427074,1.0,63024.55,63067.45,63067.350000000006,0.000680687129063106,1.586683284621957e-06,1.5866832843910642e-06,0.0003058857338626593,7.93341642233845e-07,7.93341642233845e-07
rl2_120_1_BUY_0.02,rl2,120.0,1,BUY,0.02,2.1060715582135368,0.04212143116427074,0.04212143116427074,1.0,63024.55,63067.55,63067.350000000006,0.000682273812347728,3.173366569013021e-06,3.173366569013021e-06,0.0004946987930421257,7.933416422445513e-07,7.933416422445513e-07
twap_120_1_SELL_0.02,twap,120.0,1,SELL,0.02,2.1060715582135368,0.04212143116427074,0.04212143116427074,1.0,63024.55,63067.25,63067.350000000006,-0.000677513762494093,1.586683284621957e-06,1.586683284621957e-06,-0.0003100643585183387,7.93341642308789e-07,7.93341642308789e-07
pov_120_1_SELL_0.02,pov,120.0,1,SELL,0.02,2.1060715582135368,0.04212143116427074,0.04212143116427074,1.0,63024.55,63067.350000000006,63067.350000000006,-0.0006791004457787149,4.760049853404085e-06,-0.0,7.933416423109785e-07,7.933416423730264e-07,7.933416423730264e-07
frontload_120_1_SELL_0.02,frontload,120.0,1,SELL,0.02,2.1060715582135368,0.04212143116427074,0.04212143116427074,1.0,63024.55,63067.350000000006,63067.350000000006,-0.0006791004457787149,1.586683284621957e-06,-0.0,-0.0002025149189447013,7.933416422927296e-07,7.933416422927296e-07
adaptive_120_1_SELL_0.02,adaptive,120.0,1,SELL,0.02,2.1060715582135368,0.04212143116427074,0.04212143116427074,1.0,63024.55,63067.350000000006,63067.350000000006,-0.0006791004457787149,1.586683284621957e-06,-0.0,-0.00031468148631917913,7.933416423302015e-07,7.933416423302015e-07
rl2_120_1_SELL_0.02,rl2,120.0,1,SELL,0.02,2.1060715582135368,0.04212143116427074,0.04212143116427074,1.0,63024.55,63067.25,63067.350000000006,-0.000677513762494093,1.586683284621957e-06,1.586683284621957e-06,-0.00045760547039941666,7.933416422632872e-07,7.933416422632872e-07
twap_120_1_BUY_0.05,twap,120.0,1,BUY,0.05,2.1060715582135368,0.10530357791067685,0.10530357791067685,1.0,63024.55,63067.45,63067.350000000006,0.000680687129063106,1.586683284621957e-06,1.5866832843910642e-06,0.0003116510418030761,7.933416422188562e-07,7.933416422188562e-07
pov_120_1_BUY_0.05,pov,120.0,1,BUY,0.05,2.1060715582135368,0.10530357791067685,0.10530357791067685,1.0,63024.55,63067.350000000006,63067.350000000006,0.0006791004457787149,4.760049853634978e-06,0.0,7.933416421955321e-07,7.933416421332063e-07,7.933416421332063e-07
frontload_120_1_BUY_0.05,frontload,120.0,1,BUY,0.05,2.1060715582135368,0.10530357791067685,0.10530357791067685,1.0,63024.55,63067.45,63067.350000000006,0.000680687129063106,1.586683284621957e-06,1.5866832843910642e-06,0.00020410160222932326,7.933416422231387e-07,7.933416422231387e-07
adaptive_120_1_BUY_0.05,adaptive,120.0,1,BUY,0.05,2.1060715582135368,0.10530357791067685,0.10530357791067685,1.0,63024.55,63067.45,63067.350000000006,0.000680687129063106,1.586683284621957e-06,1.5866832843910642e-06,0.00030589323545680526,7.933416421674665e-07,7.933416421674665e-07
rl2_120_1_BUY_0.05,rl2,120.0,1,BUY,0.05,2.1060715582135368,0.10530357791067685,0.10530357791067685,1.0,63024.55,63067.65000000001,63067.350000000006,0.0006838604956323499,4.760049853634978e-06,4.760049853634978e-06,0.0004946987930421257,7.933416422317038e-07,7.933416422317038e-07
twap_120_1_SELL_0.05,twap,120.0,1,SELL,0.05,2.1060715582135368,0.10530357791067685,0.10530357791067685,1.0,63024.55,63067.25,63067.350000000006,-0.000677513762494093,1.586683284621957e-06,1.586683284621957e-06,-0.00031006435851856963,7.933416422188562e-07,7.933416422188562e-07
pov_120_1_SELL_0.05,pov,120.0,1,SELL,0.05,2.1060715582135368,0.10530357791067685,0.10530357791067685,1.0,63024.55,63067.350000000006,63067.350000000006,-0.0006791004457787149,6.346733138026042e-06,-0.0,7.933416423109785e-07,7.933416424072863e-07,7.933416424072863e-07
frontload_120_1_SELL_0.05,frontload,120.0,1,SELL,0.05,2.1060715582135368,0.10530357791067685,0.10530357791067685,1.0,63024.55,63067.350000000006,63067.350000000006,-0.0006791004457787149,3.173366569013021e-06,-0.0,-0.0002025149189447013,7.933416423130713e-07,7.933416423130713e-07
adaptive_120_1_SELL_0.05,adaptive,120.0,1,SELL,0.05,2.1060715582135368,0.10530357791067685,0.10530357791067685,1.0,63024.55,63067.350000000006,63067.350000000006,-0.0006791004457787149,3.173366569013021e-06,-0.0,-0.0003146863345199763,7.933416423087888e-07,7.933416423087888e-07
rl2_120_1_SELL_0.05,rl2,120.0,1,SELL,0.05,2.1060715582135368,0.10530357791067685,0.10530357791067685,1.0,63024.55,63067.15000000001,63067.350000000006,-0.0006759270792097019,3.173366569243914e-06,3.173366569013021e-06,-0.0004576054703996476,7.933416422702462e-07,7.933416422702462e-07
twap_120_1_BUY_0.1,twap,120.0,1,BUY,0.1,2.1060715582135368,0.2106071558213537,0.2106071558213537,1.0,63024.55,63067.55,63067.350000000006,0.000682273812347728,3.173366569013021e-06,3.173366569013021e-06,0.0003116510418030761,7.933416422188562e-07,7.933416422188562e-07
pov_120_1_BUY_0.1,pov,120.0,1,BUY,0.1,2.1060715582135368,0.2106071558213537,0.2106071558213537,1.0,63024.55,63067.350000000006,63067.350000000006,0.0006791004457787149,7.933416422648e-06,0.0,7.933416421955321e-07,7.933416421332063e-07,7.933416421332063e-07
frontload_120_1_BUY_0.1,frontload,120.0,1,BUY,0.1,2.1060715582135368,0.2106071558213537,0.2106071558213537,1.0,63024.55,63067.45,63067.350000000006,0.000680687129063106,3.173366569243914e-06,1.5866832843910642e-06,0.00020410160222932326,7.933416422231387e-07,7.933416422231387e-07
adaptive_120_1_BUY_0.1,adaptive,120.0,1,BUY,0.1,2.1060715582135368,0.2106071558213537,0.2106071558213537,1.0,63024.55,63067.45,63067.350000000006,0.000680687129063106,3.173366569013021e-06,1.5866832843910642e-06,0.0003059017208920111,7.933416422531163e-07,7.933416422531163e-07
rl2_120_1_BUY_0.1,rl2,120.0,1,BUY,0.1,2.1060715582135368,0.2106071558213537,0.2106071558213537,1.0,63024.55,63067.75,63067.350000000006,0.000685447178916741,6.346733138026042e-06,6.346733138026042e-06,0.0004946987930421257,7.933416422317038e-07,7.933416422317038e-07
twap_120_1_SELL_0.1,twap,120.0,1,SELL,0.1,2.1060715582135368,0.2106071558213537,0.2106071558213537,1.0,63024.55,63067.25,63067.350000000006,-0.000677513762494093,3.173366569243914e-06,1.586683284621957e-06,-0.00031006435851856963,7.933416422188562e-07,7.933416422188562e-07
pov_120_1_SELL_0.1,pov,120.0,1,SELL,0.1,2.1060715582135368,0.2106071558213537,0.2106071558213537,1.0,63024.55,63067.350000000006,63067.350000000006,-0.0006791004457787149,7.933416422648e-06,-0.0,7.933416423109785e-07,7.933416424072863e-07,7.933416424072863e-07
frontload_120_1_SELL_0.1,frontload,120.0,1,SELL,0.1,2.1060715582135368,0.2106071558213537,0.2106071558213537,1.0,63024.55,63067.25,63067.350000000006,-0.000677513762494093,4.760049853404085e-06,1.586683284621957e-06,-0.0002025149189447013,7.933416423130713e-07,7.933416423130713e-07
adaptive_120_1_SELL_0.1,adaptive,120.0,1,SELL,0.1,2.1060715582135368,0.2106071558213537,0.2106071558213537,1.0,63024.55,63067.350000000006,63067.350000000006,-0.0006791004457787149,3.173366569243914e-06,-0.0,-0.0003146917871471135,7.933416423173538e-07,7.933416423173538e-07
rl2_120_1_SELL_0.1,rl2,120.0,1,SELL,0.1,2.1060715582135368,0.2106071558213537,0.2106071558213537,1.0,63024.55,63067.05,63067.350000000006,-0.00067434039592508,4.760049853634978e-06,4.760049853634978e-06,-0.0004890113869573489,7.933416422359863e-07,7.933416422359863e-07
twap_120_1_BUY_0.2,twap,120.0,1,BUY,0.2,2.1060715582135368,0.4212143116427074,0.4212143116427074,1.0,63024.55,63067.55,63067.350000000006,0.000682273812347728,3.173366569243914e-06,3.173366569013021e-06,0.0003116510418030761,7.933416422188562e-07,7.933416422188562e-07
pov_120_1_BUY_0.2,pov,120.0,1,BUY,0.2,2.1060715582135368,0.4212143116427074,0.4212143116427074,1.0,63024.55,63067.350000000006,63067.350000000006,0.0006791004457787149,9.520099707269956e-06,0.0,3.798775874399454e-05,7.933416422017263e-07,7.933416422017263e-07
frontload_120_1_BUY_0.2,frontload,120.0,1,BUY,0.2,2.1060715582135368,0.4212143116427074,0.4212143116427074,1.0,63024.55,63067.45,63067.350000000006,0.000680687129063106,4.760049853634978e-06,1.5866832843910642e-06,0.00020410160222932326,7.933416422231387e-07,7.933416422231387e-07
adaptive_120_1_BUY_0.2,adaptive,120.0,1,BUY,0.2,2.1060715582135368,0.4212143116427074,0.4212143116427074,1.0,63024.55,63067.55,63067.350000000006,0.000682273812347728,4.760049853634978e-06,3.173366569013021e-06,0.0003059137483949993,7.933416422017264e-07,7.933416422017264e-07
rl2_120_1_BUY_0.2,rl2,120.0,1,BUY,0.2,2.1060715582135368,0.4212143116427074,0.4212143116427074,1.0,63024.55,63067.850000000006,63067.350000000006,0.0006870338622013629,7.933416422648e-06,7.933416422648e-06,0.0004525507773867511,7.933416422359863e-07,7.933416422359863e-07
twap_120_1_SELL_0.2,twap,120.0,1,SELL,0.2,2.1060715582135368,0.4212143116427074,0.4212143116427074,1.0,63024.55,63067.15000000001,63067.350000000006,-0.0006759270792097019,4.760049853404085e-06,3.173366569013021e-06,-0.00031006435851856963,7.933416422188562e-07,7.933416422188562e-07
pov_120_1_SELL_0.2,pov,120.0,1,SELL,0.2,2.1060715582135368,0.4212143116427074,0.4212143116427074,1.0,63024.55,63067.350000000006,63067.350000000006,-0.0006791004457787149,1.110678299166102e-05,-0.0,7.933416423109785e-07,7.933416424072863e-07,7.933416424072863e-07
frontload_120_1_SELL_0.2,frontload,120.0,1,SELL,0.2,2.1060715582135368,0.4212143116427074,0.4212143116427074,1.0,63024.55,63067.25,63067.350000000006,-0.000677513762494093,4.760049853634978e-06,1.586683284621957e-06,-0.0002025149189447013,7.933416423130713e-07,7.933416423130713e-07
adaptive_120_1_SELL_0.2,adaptive,120.0,1,SELL,0.2,2.1060715582135368,0.4212143116427074,0.4212143116427074,1.0,63024.55,63067.350000000006,63067.350000000006,-0.0006791004457787149,4.760049853634978e-06,-0.0,-0.0003146994455439123,7.933416423002238e-07,7.933416423002238e-07
rl2_120_1_SELL_0.2,rl2,120.0,1,SELL,0.2,2.1060715582135368,0.4212143116427074,0.4212143116427074,1.0,63024.55,63067.350000000006,63067.350000000006,-0.0006791004457787149,1.1106782991891913e-05,-0.0,-0.00041416158427695876,2.3626723546666316e-06,2.3626723546666316e-06
twap_120_2_BUY_0.001,twap,120.0,2,BUY,0.001,1.297922218321803,0.001297922218321803,0.001297922218321803,1.0,62987.350000000006,62962.350000000006,62962.350000000006,-0.00039690509284800833,1.587620371484445e-06,0.0,-0.0002615604561869299,7.938101856430592e-07,7.938101856430592e-07
pov_120_2_BUY_0.001,pov,120.0,2,BUY,0.001,1.297922218321803,0.001297922218321803,0.001297922218321803,1.0,62987.350000000006,62962.350000000006,62962.350000000006,-0.00039690509284800833,1.587620371484445e-06,0.0,7.938101856267079e-07,7.938101856647875e-07,7.938101856647875e-07
frontload_120_2_BUY_0.001,frontload,120.0,2,BUY,0.001,1.297922218321803,0.001297922218321803,0.001297922218321803,1.0,62987.350000000006,62962.350000000006,62962.350000000006,-0.00039690509284800833,1.587620371484445e-06,0.0,-0.00016233686095810682,7.93810185637627e-07,7.93810185637627e-07
adaptive_120_2_BUY_0.001,adaptive,120.0,2,BUY,0.001,1.297922218321803,0.001297922218321803,0.001297922218321803,1.0,62987.350000000006,62962.350000000006,62962.350000000006,-0.00039690509284800833,1.587620371484445e-06,0.0,-0.0003023794499103737,7.938101856810839e-07,7.938101856810839e-07
rl2_120_2_BUY_0.001,rl2,120.0,2,BUY,0.001,1.297922218321803,0.001297922218321803,0.001297922218321803,1.0,62987.350000000006,62962.350000000006,62962.350000000006,-0.00039690509284800833,1.587620371484445e-06,0.0,-0.00037086653444045855,7.938101856620714e-07,7.938101856620714e-07
twap_120_2_SELL_0.001,twap,120.0,2,SELL,0.001,1.297922218321803,0.001297922218321803,0.001297922218321803,1.0,62987.350000000006,62962.350000000006,62962.350000000006,0.00039690509284800833,1.587620371484445e-06,-0.0,0.0002631480765580678,7.938101857191084e-07,7.938101857191084e-07
pov_120_2_SELL_0.001,pov,120.0,2,SELL,0.001,1.297922218321803,0.001297922218321803,0.001297922218321803,1.0,62987.350000000006,62962.350000000006,62962.350000000006,0.00039690509284800833,1.587620371484445e-06,-0.0,7.938101858577371e-07,7.938101858386148e-07,7.938101858386148e-07
frontload_120_2_SELL_0.001,frontload,120.0,2,SELL,0.001,1.297922218321803,0.001297922218321803,0.001297922218321803,1.0,62987.350000000006,62962.350000000006,62962.350000000006,0.00039690509284800833,1.587620371484445e-06,-0.0,0.00016392448132936024,7.938101857191087e-07,7.938101857191087e-07
adaptive_120_2_SELL_0.001,adaptive,120.0,2,SELL,0.001,1.297922218321803,0.001297922218321803,0.001297922218321803,1.0,62987.350000000006,62962.350000000006,62962.350000000006,0.00039690509284800833,1.587620371484445e-06,-0.0,0.00025952710142053696,7.93810185691948e-07,7.93810185691948e-07
rl2_120_2_SELL_0.001,rl2,120.0,2,SELL,0.001,1.297922218321803,0.001297922218321803,0.001297922218321803,1.0,62987.350000000006,62962.25,62962.350000000006,0.00039849271321949276,1.587620371484445e-06,1.587620371484445e-06,0.0003624975193373587,7.938101857163925e-07,7.938101857163925e-07
twap_120_2_BUY_0.0025,twap,120.0,2,BUY,0.0025,1.297922218321803,0.003244805545804508,0.003244805545804508,1.0,62987.350000000006,62962.350000000006,62962.350000000006,-0.00039690509284800833,1.587620371484445e-06,0.0,-0.00026156045618727647,7.938101856647874e-07,7.938101856647874e-07
pov_120_2_BUY_0.0025,pov,120.0,2,BUY,0.0025,1.297922218321803,0.003244805545804508,0.003244805545804508,1.0,62987.350000000006,62962.350000000006,62962.350000000006,-0.00039690509284800833,1.587620371484445e-06,0.0,7.938101856267079e-07,7.93810185560491e-07,7.93810185560491e-07
frontload_120_2_BUY_0.0025,frontload,120.0,2,BUY,0.0025,1.297922218321803,0.003244805545804508,0.003244805545804508,1.0,62987.350000000006,62962.350000000006,62962.350000000006,-0.00039690509284800833,1.587620371484445e-06,0.0,-0.00016233686095799133,7.938101856952071e-07,7.938101856952071e-07
adaptive_120_2_BUY_0.0025,adaptive,120.0,2,BUY,0.0025,1.297922218321803,0.003244805545804508,0.003244805545804508,1.0,62987.350000000006,62962.350000000006,62962.350000000006,-0.00039690509284800833,1.587620371484445e-06,0.0,-0.00030238038596375574,7.938101856995529e-07,7.938101856995529e-07
rl2_120_2_BUY_0.0025,rl2,120.0,2,BUY,0.0025,1.297922218321803,0.003244805545804508,0.003244805545804508,1.0,62987.350000000006,62962.350000000006,62962.350000000006,-0.00039690509284800833,1.587620371484445e-06,0.0,-0.0003708665344403431,7.93810185630022e-07,7.93810185630022e-07
twap_120_2_SELL_0.0025,twap,120.0,2,SELL,0.0025,1.297922218321803,0.003244805545804508,0.003244805545804508,1.0,62987.350000000006,62962.25,62962.350000000006,0.00039849271321949276,1.587620371484445e-06,1.587620371484445e-06,0.00026314807655841433,7.938101856821702e-07,7.938101856821702e-07
pov_120_2_SELL_0.0025,pov,120.0,2,SELL,0.0025,1.297922218321803,0.003244805545804508,0.003244805545804508,1.0,62987.350000000006,62962.350000000006,62962.350000000006,0.00039690509284800833,1.587620371484445e-06,-0.0,7.938101856267079e-07,7.938101856995529e-07,7.938101856995529e-07
frontload_120_2_SELL_0.0025,frontload,120.0,2,SELL,0.0025,1.297922218321803,0.003244805545804508,0.003244805545804508,1.0,62987.350000000006,62962.350000000006,62962.350000000006,0.00039690509284800833,1.587620371484445e-06,-0.0,0.00016392448132924474,7.938101856821702e-07,7.938101856821702e-07
adaptive_120_2_SELL_0.0025,adaptive,120.0,2,SELL,0.0025,1.297922218321803,0.003244805545804508,0.003244805545804508,1.0,62987.350000000006,62962.25,62962.350000000006,0.00039849271321949276,1.587620371484445e-06,1.587620371484445e-06,0.00025952816411937426,7.938101857256271e-07,7.938101857256271e-07
rl2_120_2_SELL_0.0025,rl2,120.0,2,SELL,0.0025,1.297922218321803,0.003244805545804508,0.003244805545804508,1.0,62987.350000000006,62962.25,62962.350000000006,0.00039849271321949276,1.587620371484445e-06,1.587620371484445e-06,0.0003624975193374742,7.938101857299727e-07,7.938101857299727e-07
twap_120_2_BUY_0.005,twap,120.0,2,BUY,0.005,1.297922218321803,0.006489611091609016,0.006489611091609016,1.0,62987.350000000006,62962.350000000006,62962.350000000006,-0.00039690509284800833,1.587620371484445e-06,0.0,-0.00026156045618727647,7.938101856647874e-07,7.938101856647874e-07
pov_120_2_BUY_0.005,pov,120.0,2,BUY,0.005,1.297922218321803,0.006489611091609016,0.006489611091609016,1.0,62987.350000000006,62962.350000000006,62962.350000000006,-0.00039690509284800833,1.587620371484445e-06,0.0,7.938101856267079e-07,7.93810185560491e-07,7.93810185560491e-07
frontload_120_2_BUY_0.005,frontload,120.0,2,BUY,0.005,1.297922218321803,0.006489611091609016,0.006489611091609016,1.0,62987.350000000006,62962.350000000006,62962.350000000006,-0.00039690509284800833,1.587620371484445e-06,0.0,-0.00016233686095799133,7.938101856952071e-07,7.938101856952071e-07
adaptive_120_2_BUY_0.005,adaptive,120.0,2,BUY,0.005,1.297922218321803,0.006489611091609016,0.006489611091609016,1.0,62987.350000000006,62962.350000000006,62962.350000000006,-0.00039690509284800833,1.587620371484445e-06,0.0,-0.0003023814409121419,7.938101856734788e-07,7.938101856734788e-07
rl2_120_2_BUY_0.005,rl2,120.0,2,BUY,0.005,1.297922218321803,0.006489611091609016,0.006489611091609016,1.0,62987.350000000006,62962.350000000006,62962.350000000006,-0.00039690509284800833,1.587620371484445e-06,0.0,-0.0003708665344403431,7.93810185630022e-07,7.93810185630022e-07
twap_120_2_SELL_0.005,twap,120.0,2,SELL,0.005,1.297922218321803,0.006489611091609016,0.006489611091609016,1.0,62987.350000000006,62962.25,62962.350000000006,0.00039849271321949276,1.587620371484445e-06,1.587620371484445e-06,0.00026314807655841433,7.938101856821702e-07,7.938101856821702e-07
pov_120_2_SELL_0.005,pov,120.0,2,SELL,0.005,1.297922218321803,0.006489611091609016,0.006489611091609016,1.0,62987.350000000006,62962.350000000006,62962.350000000006,0.00039690509284800833,1.587620371484445e-06,-0.0,7.938101856267079e-07,7.938101856995529e-07,7.938101856995529e-07
frontload_120_2_SELL_0.005,frontload,120.0,2,SELL,0.005,1.297922218321803,0.006489611091609016,0.006489611091609016,1.0,62987.350000000006,62962.25,62962.350000000006,0.00039849271321949276,1.587620371484445e-06,1.587620371484445e-06,0.00016392448132924474,7.938101856821702e-07,7.938101856821702e-07
adaptive_120_2_SELL_0.005,adaptive,120.0,2,SELL,0.005,1.297922218321803,0.006489611091609016,0.006489611091609016,1.0,62987.350000000006,62962.25,62962.350000000006,0.00039849271321949276,1.587620371484445e-06,1.587620371484445e-06,0.0002595293617317387,7.938101857256271e-07,7.938101857256271e-07
rl2_120_2_SELL_0.005,rl2,120.0,2,SELL,0.005,1.297922218321803,0.006489611091609016,0.006489611091609016,1.0,62987.350000000006,62962.25,62962.350000000006,0.00039849271321949276,1.587620371484445e-06,1.587620371484445e-06,0.0003624975193374742,7.938101857299727e-07,7.938101857299727e-07
twap_120_2_BUY_0.01,twap,120.0,2,BUY,0.01,1.297922218321803,0.012979222183218031,0.012979222183218031,1.0,62987.350000000006,62962.350000000006,62962.350000000006,-0.00039690509284800833,1.587620371484445e-06,0.0,-0.00026156045618727647,7.938101856647874e-07,7.938101856647874e-07
pov_120_2_BUY_0.01,pov,120.0,2,BUY,0.01,1.297922218321803,0.012979222183218031,0.012979222183218031,1.0,62987.350000000006,62962.350000000006,62962.350000000006,-0.00039690509284800833,3.17524074296889e-06,0.0,7.938101856267079e-07,7.93810185560491e-07,7.93810185560491e-07
frontload_120_2_BUY_0.01,frontload,120.0,2,BUY,0.01,1.297922218321803,0.012979222183218031,0.012979222183218031,1.0,62987.350000000006,62962.350000000006,62962.350000000006,-0.00039690509284800833,1.587620371484445e-06,0.0,-0.00016233686095799133,7.938101856952071e-07,7.938101856952071e-07
adaptive_120_2_BUY_0.01,adaptive,120.0,2,BUY,0.01,1.297922218321803,0.012979222183218031,0.012979222183218031,1.0,62987.350000000006,62962.350000000006,62962.350000000006,-0.00039690509284800833,1.587620371484445e-06,0.0,-0.0003023829329077668,7.938101856995529e-07,7.938101856995529e-07
rl2_120_2_BUY_0.01,rl2,120.0,2,BUY,0.01,1.297922218321803,0.012979222183218031,0.012979222183218031,1.0,62987.350000000006,62962.350000000006,62962.350000000006,-0.00039690509284800833,1.587620371484445e-06,0.0,-0.0003708665344403431,7.93810185630022e-07,7.93810185630022e-07
twap_120_2_SELL_0.01,twap,120.0,2,SELL,0.01,1.297922218321803,0.012979222183218031,0.012979222183218031,1.0,62987.350000000006,62962.25,62962.350000000006,0.00039849271321949276,1.587620371484445e-06,1.587620371484445e-06,0.00026314807655841433,7.938101856821702e-07,7.938101856821702e-07
pov_120_2_SELL_0.01,pov,120.0,2,SELL,0.01,1.297922218321803,0.012979222183218031,0.012979222183218031,1.0,62987.350000000006,62962.350000000006,62962.350000000006,0.00039690509284800833,1.587620371484445e-06,-0.0,7.938101856267079e-07,7.938101856995529e-07,7.938101856995529e-07
frontload_120_2_SELL_0.01,frontload,120.0,2,SELL,0.01,1.297922218321803,0.012979222183218031,0.012979222183218031,1.0,62987.350000000006,62962.25,62962.350000000006,0.00039849271321949276,1.587620371484445e-06,1.587620371484445e-06,0.00016392448132924474,7.938101856821702e-07,7.938101856821702e-07
adaptive_120_2_SELL_0.01,adaptive,120.0,2,SELL,0.01,1.297922218321803,0.012979222183218031,0.012979222183218031,1.0,62987.350000000006,62962.25,62962.350000000006,0.00039849271321949276,1.587620371484445e-06,1.587620371484445e-06,0.000259531055372165,7.938101856995531e-07,7.938101856995531e-07
rl2_120_2_SELL_0.01,rl2,120.0,2,SELL,0.01,1.297922218321803,0.012979222183218031,0.012979222183218031,1.0,62987.350000000006,62962.25,62962.350000000006,0.00039849271321949276,1.587620371484445e-06,1.587620371484445e-06,0.0003624975193374742,7.938101857299727e-07,7.938101857299727e-07
twap_120_2_BUY_0.02,twap,120.0,2,BUY,0.02,1.297922218321803,0.025958444366436063,0.025958444366436063,1.0,62987.350000000006,62962.350000000006,62962.350000000006,-0.00039690509284800833,1.587620371484445e-06,0.0,-0.00026156045618727647,7.938101856647874e-07,7.938101856647874e-07
pov_120_2_BUY_0.02,pov,120.0,2,BUY,0.02,1.297922218321803,0.025958444366436063,0.025958444366436063,1.0,62987.350000000006,62962.350000000006,62962.350000000006,-0.00039690509284800833,3.17524074296889e-06,0.0,7.938101856267079e-07,7.93810185560491e-07,7.93810185560491e-07
frontload_120_2_BUY_0.02,frontload,120.0,2,BUY,0.02,1.297922218321803,0.025958444366436063,0.025958444366436063,1.0,62987.350000000006,62962.350000000006,62962.350000000006,-0.00039690509284800833,1.587620371484445e-06,0.0,-0.00016233686095799133,7.938101856952071e-07,7.938101856952071e-07
adaptive_120_2_BUY_0.02,adaptive,120.0,2,BUY,0.02,1.297922218321803,0.025958444366436063,0.025958444366436063,1.0,62987.350000000006,62962.350000000006,62962.350000000006,-0.00039690509284800833,1.587620371484445e-06,0.0,-0.0003023850430560144,7.938101856821702e-07,7.938101856821702e-07
rl2_120_2_BUY_0.02,rl2,120.0,2,BUY,0.02,1.297922218321803,0.025958444366436063,0.025958444366436063,1.0,62987.350000000006,62962.45,62962.350000000006,-0.00039531747247675494,1.587620371484445e-06,1.5876203712534159e-06,-0.0003708665344403431,7.93810185630022e-07,7.93810185630022e-07
twap_120_2_SELL_0.02,twap,120.0,2,SELL,0.02,1.297922218321803,0.025958444366436063,0.025958444366436063,1.0,62987.350000000006,62962.25,62962.350000000006,0.00039849271321949276,1.587620371484445e-06,1.587620371484445e-06,0.00026314807655841433,7.938101856821702e-07,7.938101856821702e-07
pov_120_2_SELL_0.02,pov,120.0,2,SELL,0.02,1.297922218321803,0.025958444366436063,0.025958444366436063,1.0,62987.350000000006,62962.350000000006,62962.350000000006,0.00039690509284800833,1.587620371484445e-06,-0.0,7.938101856267079e-07,7.938101856995529e-07,7.938101856995529e-07
frontload_120_2_SELL_0.02,frontload,120.0,2,SELL,0.02,1.297922218321803,0.025958444366436063,0.025958444366436063,1.0,62987.350000000006,62962.25,62962.350000000006,0.00039849271321949276,1.587620371484445e-06,1.587620371484445e-06,0.00016392448132924474,7.938101856821702e-07,7.938101856821702e-07
adaptive_120_2_SELL_0.02,adaptive,120.0,2,SELL,0.02,1.297922218321803,0.025958444366436063,0.025958444366436063,1.0,62987.350000000006,62962.25,62962.350000000006,0.00039849271321949276,1.587620371484445e-06,1.587620371484445e-06,0.00025953345046231935,7.938101856821703e-07,7.938101856821703e-07
rl2_120_2_SELL_0.02,rl2,120.0,2,SELL,0.02,1.297922218321803,0.025958444366436063,0.025958444366436063,1.0,62987.350000000006,62962.15000000001,62962.350000000006,0.0004000803335907462,3.175240742737861e-06,3.175240742737861e-06,0.0003624975193374742,7.938101857299727e-07,7.938101857299727e-07
twap_120_2_BUY_0.05,twap,120.0,2,BUY,0.05,1.297922218321803,0.06489611091609016,0.06489611091609016,1.0,62987.350000000006,62962.350000000006,62962.350000000006,-0.00039690509284800833,1.587620371484445e-06,0.0,-0.0002615604561870454,7.938101856578345e-07,7.938101856578345e-07
pov_120_2_BUY_0.05,pov,120.0,2,BUY,0.05,1.297922218321803,0.06489611091609016,0.06489611091609016,1.0,62987.350000000006,62962.350000000006,62962.350000000006,-0.00039690509284800833,4.762861114222305e-06,0.0,7.938101856267079e-07,7.938101855883035e-07,7.938101855883035e-07
frontload_120_2_BUY_0.05,frontload,120.0,2,BUY,0.05,1.297922218321803,0.06489611091609016,0.06489611091609016,1.0,62987.350000000006,62962.350000000006,62962.350000000006,-0.00039690509284800833,3.17524074296889e-06,0.0,-0.00016233686095810682,7.93810185675217e-07,7.93810185675217e-07
adaptive_120_2_BUY_0.05,adaptive,120.0,2,BUY,0.05,1.297922218321803,0.06489611091609016,0.06489611091609016,1.0,62987.350000000006,62962.350000000006,62962.350000000006,-0.00039690509284800833,1.587620371484445e-06,0.0,-0.0003023892304031292,7.938101857134593e-07,7.938101857134593e-07
rl2_120_2_BUY_0.05,rl2,120.0,2,BUY,0.05,1.297922218321803,0.06489611091609016,0.06489611091609016,1.0,62987.350000000006,62962.45,62962.350000000006,-0.00039531747247675494,1.587620371484445e-06,1.5876203712534159e-06,-0.0003708665344403431,7.938101856195923e-07,7.938101856195923e-07
twap_120_2_SELL_0.05,twap,120.0,2,SELL,0.05,1.297922218321803,0.06489611091609016,0.06489611091609016,1.0,62987.350000000006,62962.25,62962.350000000006,0.00039849271321949276,1.587620371484445e-06,1.587620371484445e-06,0.00026314807655841433,7.938101856995532e-07,7.938101856995532e-07
pov_120_2_SELL_0.05,pov,120.0,2,SELL,0.05,1.297922218321803,0.06489611091609016,0.06489611091609016,1.0,62987.350000000006,62962.350000000006,62962.350000000006,0.00039690509284800833,3.17524074296889e-06,-0.0,7.938101857422225e-07,7.93810185699553e-07,7.93810185699553e-07
frontload_120_2_SELL_0.05,frontload,120.0,2,SELL,0.05,1.297922218321803,0.06489611091609016,0.06489611091609016,1.0,62987.350000000006,62962.25,62962.350000000006,0.00039849271321949276,1.587620371484445e-06,1.587620371484445e-06,0.00016392448132924474,7.938101856821702e-07,7.938101856821702e-07
adaptive_120_2_SELL_0.05,adaptive,120.0,2,SELL,0.05,1.297922218321803,0.06489611091609016,0.06489611091609016,1.0,62987.350000000006,62962.25,62962.350000000006,0.00039849271321949276,1.587620371484445e-06,1.587620371484445e-06,0.0002595382023682565,7.938101856856468e-07,7.938101856856468e-07
rl2_120_2_SELL_0.05,rl2,120.0,2,SELL,0.05,1.297922218321803,0.06489611091609016,0.06489611091609016,1.0,62987.350000000006,62962.15000000001,62962.350000000006,0.0004000803335907462,3.175240742737861e-06,3.175240742737861e-06,0.00036086799722484124,7.938101857447481e-07,7.938101857447481e-07
twap_120_2_BUY_0.1,twap,120.0,2,BUY,0.1,1.297922218321803,0.1297922218321803,0.1297922218321803,1.0,62987.350000000006,62962.45,62962.350000000006,-0.00039531747247675494,3.17524074296889e-06,1.5876203712534159e-06,-0.0002615604561870454,7.938101856578345e-07,7.938101856578345e-07
pov_120_2_BUY_0.1,pov,120.0,2,BUY,0.1,1.297922218321803,0.1297922218321803,0.1297922218321803,1.0,62987.350000000006,62962.350000000006,62962.350000000006,-0.00039690509284800833,6.350481485706751e-06,0.0,7.938101856267079e-07,7.938101855883035e-07,7.938101855883035e-07
frontload_120_2_BUY_0.1,frontload,120.0,2,BUY,0.1,1.297922218321803,0.1297922218321803,0.1297922218321803,1.0,62987.350000000006,62962.350000000006,62962.350000000006,-0.00039690509284800833,3.17524074296889e-06,0.0,-0.00016233686095810682,7.93810185675217e-07,7.93810185675217e-07
adaptive_120_2_BUY_0.1,adaptive,120.0,2,BUY,0.1,1.297922218321803,0.1297922218321803,0.1297922218321803,1.0,62987.350000000006,62962.350000000006,62962.350000000006,-0.00039690509284800833,3.17524074296889e-06,0.0,-0.00030239395033474463,7.938101856578344e-07,7.938101856578344e-07
rl2_120_2_BUY_0.1,rl2,120.0,2,BUY,0.1,1.297922218321803,0.1297922218321803,0.1297922218321803,1.0,62987.350000000006,62962.55,62962.350000000006,-0.00039372985210527046,3.175240742737861e-06,3.175240742737861e-06,-0.0003708665344403431,7.938101856195923e-07,7.938101856195923e-07
twap_120_2_SELL_0.1,twap,120.0,2,SELL,0.1,1.297922218321803,0.1297922218321803,0.1297922218321803,1.0,62987.350000000006,62962.15000000001,62962.350000000006,0.0004000803335907462,3.175240742737861e-06,3.175240742737861e-06,0.00026314807655841433,7.938101856995532e-07,7.938101856995532e-07
pov_120_2_SELL_0.1,pov,120.0,2,SELL,0.1,1.297922218321803,0.1297922218321803,0.1297922218321803,1.0,62987.350000000006,62962.350000000006,62962.350000000006,0.00039690509284800833,4.762861113991276e-06,-0.0,1.0945796391617236e-06,7.938101856161158e-07,7.938101856161158e-07
frontload_120_2_SELL_0.1,frontload,120.0,2,SELL,0.1,1.297922218321803,0.1297922218321803,0.1297922218321803,1.0,62987.350000000006,62962.25,62962.350000000006,0.00039849271321949276,3.175240742737861e-06,1.587620371484445e-06,0.00016392448132924474,7.938101856821702e-07,7.938101856821702e-07
adaptive_120_2_SELL_0.1,adaptive,120.0,2,SELL,0.1,1.297922218321803,0.1297922218321803,0.1297922218321803,1.0,62987.350000000006,62962.25,62962.350000000006,0.00039849271321949276,3.17524074296889e-06,1.587620371484445e-06,0.0002622363365229453,7.938101856856469e-07,7.938101856856469e-07
rl2_120_2_SELL_0.1,rl2,120.0,2,SELL,0.1,1.297922218321803,0.1297922218321803,0.1297922218321803,1.0,62987.350000000006,62962.15000000001,62962.350000000006,0.0004000803335907462,4.762861114222305e-06,3.175240742737861e-06,0.00036444465045285267,1.6294252604109814e-06,1.6294252604109814e-06
twap_120_2_BUY_0.2,twap,120.0,2,BUY,0.2,1.297922218321803,0.2595844436643606,0.2595844436643606,1.0,62987.350000000006,62962.45,62962.350000000006,-0.00039531747247675494,3.17524074296889e-06,1.5876203712534159e-06,-0.0002615604561870454,7.938101856578345e-07,7.938101856578345e-07
pov_120_2_BUY_0.2,pov,120.0,2,BUY,0.2,1.297922218321803,0.2595844436643606,0.2595844436643606,1.0,62987.350000000006,62962.350000000006,62962.350000000006,-0.00039690509284800833,9.52572222844461e-06,0.0,7.938101856267079e-07,7.938101855883035e-07,7.938101855883035e-07
frontload_120_2_BUY_0.2,frontload,120.0,2,BUY,0.2,1.297922218321803,0.2595844436643606,0.2595844436643606,1.0,62987.350000000006,62962.45,62962.350000000006,-0.00039531747247675494,4.762861114222305e-06,1.5876203712534159e-06,-0.00016233686095810682,7.93810185675217e-07,7.93810185675217e-07
adaptive_120_2_BUY_0.2,adaptive,120.0,2,BUY,0.2,1.297922218321803,0.2595844436643606,0.2595844436643606,1.0,62987.350000000006,62962.350000000006,62962.350000000006,-0.00039690509284800833,3.17524074296889e-06,0.0,-0.00030596987539496643,7.938101856508813e-07,7.938101856508813e-07
rl2_120_2_BUY_0.2,rl2,120.0,2,BUY,0.2,1.297922218321803,0.2595844436643606,0.2595844436643606,1.0,62987.350000000006,62962.65000000001,62962.350000000006,-0.000392142231733786,4.762861114222305e-06,4.762861114222305e-06,-0.00036882178387421204,7.938101856474048e-07,7.938101856474048e-07
twap_120_2_SELL_0.2,twap,120.0,2,SELL,0.2,1.297922218321803,0.2595844436643606,0.2595844436643606,1.0,62987.350000000006,62962.15000000001,62962.350000000006,0.0004000803335907462,3.17524074296889e-06,3.175240742737861e-06,0.0002632313502576706,8.770838849126213e-07,8.770838849126213e-07
pov_120_2_SELL_0.2,pov,120.0,2,SELL,0.2,1.297922218321803,0.2595844436643606,0.2595844436643606,1.0,62987.350000000006,62962.350000000006,62962.350000000006,0.00039690509284800833,7.938101856960167e-06,-0.0,1.7380050980209236e-06,7.938101856439282e-07,7.938101856439282e-07
frontload_120_2_SELL_0.2,frontload,120.0,2,SELL,0.2,1.297922218321803,0.2595844436643606,0.2595844436643606,1.0,62987.350000000006,62962.25,62962.350000000006,0.00039849271321949276,3.17524074296889e-06,1.587620371484445e-06,0.00016392448132924474,7.938101856821702e-07,7.938101856821702e-07
adaptive_120_2_SELL_0.2,adaptive,120.0,2,SELL,0.2,1.297922218321803,0.2595844436643606,0.2595844436643606,1.0,62987.350000000006,62962.15000000001,62962.350000000006,0.0004000803335907462,3.17524074296889e-06,3.175240742737861e-06,0.0002631393578537791,7.938101856856468e-07,7.938101856856468e-07
rl2_120_2_SELL_0.2,rl2,120.0,2,SELL,0.2,1.297922218321803,0.2595844436643606,0.2595844436643606,1.0,62987.350000000006,62962.05,62962.350000000006,0.00040166795396223064,6.350481485706751e-06,4.762861114222305e-06,0.00035416053072026186,2.0751662376969496e-06,2.0751662376969496e-06
twap_120_3_BUY_0.001,twap,120.0,3,BUY,0.001,2.488353868563763,0.002488353868563763,0.002488353868563763,1.0,62980.45,62984.850000000006,62984.850000000006,6.986294953447826e-05,1.5877943076910498e-06,0.0,0.00018087623487399762,7.93897153808545e-07,7.93897153808545e-07
pov_120_3_BUY_0.001,pov,120.0,3,BUY,0.001,2.488353868563763,0.002488353868563763,0.002488353868563763,1.0,62980.45,62984.850000000006,62984.850000000006,6.986294953447826e-05,1.5877943074599953e-06,0.0,7.938971538455249e-07,7.938971537972102e-07,7.938971537972102e-07
frontload_120_3_BUY_0.001,frontload,120.0,3,BUY,0.001,2.488353868563763,0.002488353868563763,0.002488353868563763,1.0,62980.45,62984.850000000006,62984.850000000006,6.986294953447826e-05,1.5877943076910498e-06,0.0,0.00014847648422038537,7.938971538567176e-07,7.938971538567176e-07
adaptive_120_3_BUY_0.001,adaptive,120.0,3,BUY,0.001,2.488353868563763,0.002488353868563763,0.002488353868563763,1.0,62980.45,62984.850000000006,62984.850000000006,6.986294953447826e-05,1.5877943076910498e-06,0.0,0.0002160772011280951,7.938971538312145e-07,7.938971538312145e-07
rl2_120_3_BUY_0.001,rl2,120.0,3,BUY,0.001,2.488353868563763,0.002488353868563763,0.002488353868563763,1.0,62980.45,62984.95,62984.850000000006,7.145074384193826e-05,1.5877943076910498e-06,1.5877943074599953e-06,0.00014837731780600384,7.938971537008648e-07,7.938971537008648e-07
twap_120_3_SELL_0.001,twap,120.0,3,SELL,0.001,2.488353868563763,0.002488353868563763,0.002488353868563763,1.0,62980.45,62984.850000000006,62984.850000000006,-6.986294953447826e-05,1.5877943076910498e-06,-0.0,-0.00017928844056665314,7.938971537745408e-07,7.938971537745408e-07
pov_120_3_SELL_0.001,pov,120.0,3,SELL,0.001,2.488353868563763,0.002488353868563763,0.002488353868563763,1.0,62980.45,62984.850000000006,62984.850000000006,-6.986294953447826e-05,1.5877943076910498e-06,-0.0,7.938971537299976e-07,7.938971537972102e-07,7.938971537972102e-07
frontload_120_3_SELL_0.001,frontload,120.0,3,SELL,0.001,2.488353868563763,0.002488353868563763,0.002488353868563763,1.0,62980.45,62984.850000000006,62984.850000000006,-6.986294953447826e-05,1.5877943076910498e-06,-0.0,-0.00014688868991292537,7.938971536923637e-07,7.938971536923637e-07
adaptive_120_3_SELL_0.001,adaptive,120.0,3,SELL,0.001,2.488353868563763,0.002488353868563763,0.002488353868563763,1.0,62980.45,62984.850000000006,62984.850000000006,-6.986294953447826e-05,1.5877943076910498e-06,-0.0,-0.00018864172687883178,7.938971538028777e-07,7.938971538028777e-07
rl2_120_3_SELL_0.001,rl2,120.0,3,SELL,0.001,2.488353868563763,0.002488353868563763,0.002488353868563763,1.0,62980.45,62984.850000000006,62984.850000000006,-6.986294953447826e-05,1.5877943076910498e-06,-0.0,-0.00017460386747039514,7.938971538142124e-07,7.938971538142124e-07
twap_120_3_BUY_0.0025,twap,120.0,3,BUY,0.0025,2.488353868563763,0.006220884671409408,0.006220884671409408,1.0,62980.45,62984.850000000006,62984.850000000006,6.986294953447826e-05,1.5877943076910498e-06,0.0,0.00018087623487399762,7.938971538153458e-07,7.938971538153458e-07
pov_120_3_BUY_0.0025,pov,120.0,3,BUY,0.0025,2.488353868563763,0.006220884671409408,0.006220884671409408,1.0,62980.45,62984.850000000006,62984.850000000006,6.986294953447826e-05,1.5877943074599953e-06,0.0,7.938971538455249e-07,7.938971537972101e-07,7.938971537972101e-07
frontload_120_3_BUY_0.0025,frontload,120.0,3,BUY,0.0025,2.488353868563763,0.006220884671409408,0.006220884671409408,1.0,62980.45,62984.850000000006,62984.850000000006,6.986294953447826e-05,1.5877943076910498e-06,0.0,0.0001484764842206164,7.938971538470831e-07,7.938971538470831e-07
adaptive_120_3_BUY_0.0025,adaptive,120.0,3,BUY,0.0025,2.488353868563763,0.006220884671409408,0.006220884671409408,1.0,62980.45,62984.850000000006,62984.850000000006,6.986294953447826e-05,1.5877943076910498e-06,0.0,0.00021607713265209575,7.938971538244134e-07,7.938971538244134e-07
rl2_120_3_BUY_0.0025,rl2,120.0,3,BUY,0.0025,2.488353868563763,0.006220884671409408,0.006220884671409408,1.0,62980.45,62984.95,62984.850000000006,7.145074384193826e-05,1.5877943076910498e-06,1.5877943074599953e-06,0.00014837731780600384,7.938971537337354e-07,7.938971537337354e-07
twap_120_3_SELL_0.0025,twap,120.0,3,SELL,0.0025,2.488353868563763,0.006220884671409408,0.006220884671409408,1.0,62980.45,62984.850000000006,62984.850000000006,-6.986294953447826e-05,1.5877943076910498e-06,-0.0,-0.0001792884405664221,7.93897153760939e-07,7.93897153760939e-07
pov_120_3_SELL_0.0025,pov,120.0,3,SELL,0.0025,2.488353868563763,0.006220884671409408,0.006220884671409408,1.0,62980.45,62984.850000000006,62984.850000000006,-6.986294953447826e-05,1.5877943076910498e-06,-0.0,7.938971537299976e-07,7.938971537972101e-07,7.938971537972101e-07
frontload_120_3_SELL_0.0025,frontload,120.0,3,SELL,0.0025,2.488353868563763,0.006220884671409408,0.006220884671409408,1.0,62980.45,62984.850000000006,62984.850000000006,-6.986294953447826e-05,1.5877943076910498e-06,-0.0,-0.0001468886899130409,7.93897153756405e-07,7.93897153756405e-07
adaptive_120_3_SELL_0.0025,adaptive,120.0,3,SELL,0.0025,2.488353868563763,0.006220884671409408,0.006220884671409408,1.0,62980.45,62984.850000000006,62984.850000000006,-6.986294953447826e-05,1.5877943076910498e-06,-0.0,-0.00018864136664479317,7.938971537564051e-07,7.938971537564051e-07
rl2_120_3_SELL_0.0025,rl2,120.0,3,SELL,0.0025,2.488353868563763,0.006220884671409408,0.006220884671409408,1.0,62980.45,62984.850000000006,62984.850000000006,-6.986294953447826e-05,1.5877943076910498e-06,-0.0,-0.00017460386747051066,7.938971537790745e-07,7.938971537790745e-07
twap_120_3_BUY_0.005,twap,120.0,3,BUY,0.005,2.488353868563763,0.012441769342818817,0.012441769342818817,1.0,62980.45,62984.850000000006,62984.850000000006,6.986294953447826e-05,1.5877943076910498e-06,0.0,0.00018087623487399762,7.938971538153458e-07,7.938971538153458e-07
pov_120_3_BUY_0.005,pov,120.0,3,BUY,0.005,2.488353868563763,0.012441769342818817,0.012441769342818817,1.0,62980.45,62984.850000000006,62984.850000000006,6.986294953447826e-05,3.175588615151045e-06,0.0,7.938971538455249e-07,7.938971537972101e-07,7.938971537972101e-07
frontload_120_3_BUY_0.005,frontload,120.0,3,BUY,0.005,2.488353868563763,0.012441769342818817,0.012441769342818817,1.0,62980.45,62984.850000000006,62984.850000000006,6.986294953447826e-05,1.5877943076910498e-06,0.0,0.0001484764842206164,7.938971538470831e-07,7.938971538470831e-07
adaptive_120_3_BUY_0.005,adaptive,120.0,3,BUY,0.005,2.488353868563763,0.012441769342818817,0.012441769342818817,1.0,62980.45,62984.850000000006,62984.850000000006,6.986294953447826e-05,1.5877943076910498e-06,0.0,0.00021607705522054023,7.938971538606847e-07,7.938971538606847e-07
rl2_120_3_BUY_0.005,rl2,120.0,3,BUY,0.005,2.488353868563763,0.012441769342818817,0.012441769342818817,1.0,62980.45,62984.95,62984.850000000006,7.145074384193826e-05,1.5877943076910498e-06,1.5877943074599953e-06,0.00014837731780600384,7.938971537337354e-07,7.938971537337354e-07
twap_120_3_SELL_0.005,twap,120.0,3,SELL,0.005,2.488353868563763,0.012441769342818817,0.012441769342818817,1.0,62980.45,62984.850000000006,62984.850000000006,-6.986294953447826e-05,1.5877943076910498e-06,-0.0,-0.0001792884405664221,7.93897153760939e-07,7.93897153760939e-07
pov_120_3_SELL_0.005,pov,120.0,3,SELL,0.005,2.488353868563763,0.012441769342818817,0.012441769342818817,1.0,62980.45,62984.850000000006,62984.850000000006,-6.986294953447826e-05,1.5877943076910498e-06,-0.0,7.938971537299976e-07,7.938971537972101e-07,7.938971537972101e-07
frontload_120_3_SELL_0.005,frontload,120.0,3,SELL,0.005,2.488353868563763,0.012441769342818817,0.012441769342818817,1.0,62980.45,62984.850000000006,62984.850000000006,-6.986294953447826e-05,1.5877943076910498e-06,-0.0,-0.0001468886899130409,7.93897153756405e-07,7.93897153756405e-07
adaptive_120_3_SELL_0.005,adaptive,120.0,3,SELL,0.005,2.488353868563763,0.012441769342818817,0.012441769342818817,1.0,62980.45,62984.850000000006,62984.850000000006,-6.986294953447826e-05,3.175588615151045e-06,-0.0,-0.00018864096110847998,7.938971537473371e-07,7.938971537473371e-07
rl2_120_3_SELL_0.005,rl2,120.0,3,SELL,0.005,2.488353868563763,0.012441769342818817,0.012441769342818817,1.0,62980.45,62984.850000000006,62984.850000000006,-6.986294953447826e-05,1.5877943076910498e-06,-0.0,-0.00017460386747051066,7.938971537790745e-07,7.938971537790745e-07
twap_120_3_BUY_0.01,twap,120.0,3,BUY,0.01,2.488353868563763,0.024883538685637634,0.024883538685637634,1.0,62980.45,62984.95,62984.850000000006,7.145074384193826e-05,1.5877943076910498e-06,1.5877943074599953e-06,0.00018087623487399762,7.938971538153458e-07,7.938971538153458e-07
pov_120_3_BUY_0.01,pov,120.0,3,BUY,0.01,2.488353868563763,0.024883538685637634,0.024883538685637634,1.0,62980.45,62984.850000000006,62984.850000000006,6.986294953447826e-05,3.175588615151045e-06,0.0,7.938971538455249e-07,7.938971537972101e-07,7.938971537972101e-07
frontload_120_3_BUY_0.01,frontload,120.0,3,BUY,0.01,2.488353868563763,0.024883538685637634,0.024883538685637634,1.0,62980.45,62984.850000000006,62984.850000000006,6.986294953447826e-05,1.5877943076910498e-06,0.0,0.0001484764842206164,7.938971538470831e-07,7.938971538470831e-07
adaptive_120_3_BUY_0.01,adaptive,120.0,3,BUY,0.01,2.488353868563763,0.024883538685637634,0.024883538685637634,1.0,62980.45,62984.850000000006,62984.850000000006,6.986294953447826e-05,1.5877943076910498e-06,0.0,0.000216076945247156,7.938971538244135e-07,7.938971538244135e-07
rl2_120_3_BUY_0.01,rl2,120.0,3,BUY,0.01,2.488353868563763,0.024883538685637634,0.024883538685637634,1.0,62980.45,62984.95,62984.850000000006,7.145074384193826e-05,1.5877943076910498e-06,1.5877943074599953e-06,0.00014837731780600384,7.938971537337354e-07,7.938971537337354e-07
twap_120_3_SELL_0.01,twap,120.0,3,SELL,0.01,2.488353868563763,0.024883538685637634,0.024883538685637634,1.0,62980.45,62984.850000000006,62984.850000000006,-6.986294953447826e-05,3.175588615151045e-06,-0.0,-0.0001792884405664221,7.93897153760939e-07,7.93897153760939e-07
pov_120_3_SELL_0.01,pov,120.0,3,SELL,0.01,2.488353868563763,0.024883538685637634,0.024883538685637634,1.0,62980.45,62984.850000000006,62984.850000000006,-6.986294953447826e-05,1.5877943076910498e-06,-0.0,7.938971537299976e-07,7.938971537972101e-07,7.938971537972101e-07
frontload_120_3_SELL_0.01,frontload,120.0,3,SELL,0.01,2.488353868563763,0.024883538685637634,0.024883538685637634,1.0,62980.45,62984.850000000006,62984.850000000006,-6.986294953447826e-05,1.5877943076910498e-06,-0.0,-0.0001468886899130409,7.93897153756405e-07,7.93897153756405e-07
adaptive_120_3_SELL_0.01,adaptive,120.0,3,SELL,0.01,2.488353868563763,0.024883538685637634,0.024883538685637634,1.0,62980.45,62984.850000000006,62984.850000000006,-6.986294953447826e-05,3.175588615151045e-06,-0.0,-0.00018864038839338973,7.93897153756405e-07,7.93897153756405e-07
rl2_120_3_SELL_0.01,rl2,120.0,3,SELL,0.01,2.488353868563763,0.024883538685637634,0.024883538685637634,1.0,62980.45,62984.75,62984.850000000006,-6.827515522678721e-05,3.175588615151045e-06,1.5877943076910498e-06,-0.00017460386747051066,7.938971537790745e-07,7.938971537790745e-07
twap_120_3_BUY_0.02,twap,120.0,3,BUY,0.02,2.488353868563763,0.04976707737127527,0.04976707737127527,1.0,62980.45,62984.95,62984.850000000006,7.145074384193826e-05,1.5877943076910498e-06,1.5877943074599953e-06,0.00018087623487399762,7.938971538153458e-07,7.938971538153458e-07
pov_120_3_BUY_0.02,pov,120.0,3,BUY,0.02,2.488353868563763,0.04976707737127527,0.04976707737127527,1.0,62980.45,62984.850000000006,62984.850000000006,6.986294953447826e-05,4.76338292261104e-06,0.0,7.938971538455249e-07,7.938971537972101e-07,7.938971537972101e-07
frontload_120_3_BUY_0.02,frontload,120.0,3,BUY,0.02,2.488353868563763,0.04976707737127527,0.04976707737127527,1.0,62980.45,62984.95,62984.850000000006,7.145074384193826e-05,3.175588615151045e-06,1.5877943074599953e-06,0.0001484764842206164,7.938971538470831e-07,7.938971538470831e-07
adaptive_120_3_BUY_0.02,adaptive,120.0,3,BUY,0.02,2.488353868563763,0.04976707737127527,0.04976707737127527,1.0,62980.45,62984.850000000006,62984.850000000006,6.986294953447826e-05,1.5877943076910498e-06,0.0,0.00021607678879369694,7.938971538153457e-07,7.938971538153457e-07
rl2_120_3_BUY_0.02,rl2,120.0,3,BUY,0.02,2.488353868563763,0.04976707737127527,0.04976707737127527,1.0,62980.45,62985.05,62984.850000000006,7.303853814962931e-05,3.175588615151045e-06,3.175588615151045e-06,0.00014837731780600384,7.938971537337354e-07,7.938971537337354e-07
twap_120_3_SELL_0.02,twap,120.0,3,SELL,0.02,2.488353868563763,0.04976707737127527,0.04976707737127527,1.0,62980.45,62984.75,62984.850000000006,-6.827515522678721e-05,3.175588615151045e-06,1.5877943076910498e-06,-0.0001792884405664221,7.93897153760939e-07,7.93897153760939e-07
pov_120_3_SELL_0.02,pov,120.0,3,SELL,0.02,2.488353868563763,0.04976707737127527,0.04976707737127527,1.0,62980.45,62984.850000000006,62984.850000000006,-6.986294953447826e-05,3.1755886153820996e-06,-0.0,7.938971537299976e-07,7.938971537972101e-07,7.938971537972101e-07
frontload_120_3_SELL_0.02,frontload,120.0,3,SELL,0.02,2.488353868563763,0.04976707737127527,0.04976707737127527,1.0,62980.45,62984.850000000006,62984.850000000006,-6.986294953447826e-05,3.175588615151045e-06,-0.0,-0.0001468886899130409,7.93897153756405e-07,7.93897153756405e-07
adaptive_120_3_SELL_0.02,adaptive,120.0,3,SELL,0.02,2.488353868563763,0.04976707737127527,0.04976707737127527,1.0,62980.45,62984.850000000006,62984.850000000006,-6.986294953447826e-05,3.175588615151045e-06,-0.0,-0.00018863958007655013,7.938971537518711e-07,7.938971537518711e-07
rl2_120_3_SELL_0.02,rl2,120.0,3,SELL,0.02,2.488353868563763,0.04976707737127527,0.04976707737127527,1.0,62980.45,62984.75,62984.850000000006,-6.827515522678721e-05,3.175588615151045e-06,1.5877943076910498e-06,-0.00017460386747051066,7.938971537790745e-07,7.938971537790745e-07
twap_120_3_BUY_0.05,twap,120.0,3,BUY,0.05,2.488353868563763,0.12441769342818816,0.12441769342818816,1.0,62980.45,62984.95,62984.850000000006,7.145074384193826e-05,3.175588615151045e-06,1.5877943074599953e-06,0.00018087623487388207,7.938971538262271e-07,7.938971538262271e-07
pov_120_3_BUY_0.05,pov,120.0,3,BUY,0.05,2.488353868563763,0.12441769342818816,0.12441769342818816,1.0,62980.45,62984.850000000006,62984.850000000006,6.986294953447826e-05,6.35117723030209e-06,0.0,7.938971538455249e-07,7.938971538842612e-07,7.938971538842612e-07
frontload_120_3_BUY_0.05,frontload,120.0,3,BUY,0.05,2.488353868563763,0.12441769342818816,0.12441769342818816,1.0,62980.45,62984.95,62984.850000000006,7.145074384193826e-05,3.175588615151045e-06,1.5877943074599953e-06,0.00014847648422038537,7.938971538443629e-07,7.938971538443629e-07
adaptive_120_3_BUY_0.05,adaptive,120.0,3,BUY,0.05,2.488353868563763,0.12441769342818816,0.12441769342818816,1.0,62980.45,62984.850000000006,62984.850000000006,6.986294953447826e-05,3.1755886153820996e-06,0.0,0.00021607647520251102,7.938971538044645e-07,7.938971538044645e-07
rl2_120_3_BUY_0.05,rl2,120.0,3,BUY,0.05,2.488353868563763,0.12441769342818816,0.12441769342818818,1.0000000000000002,62980.45,62984.850000000006,62984.850000000006,6.986294953447826e-05,4.763382922842094e-06,0.0,0.0001997894666974539,7.93897153789956e-07,7.93897153789845e-07
twap_120_3_SELL_0.05,twap,120.0,3,SELL,0.05,2.488353868563763,0.12441769342818816,0.12441769342818816,1.0,62980.45,62984.75,62984.850000000006,-6.827515522678721e-05,3.1755886153820996e-06,1.5877943076910498e-06,-0.00017928844056619103,7.938971537391761e-07,7.938971537391761e-07
pov_120_3_SELL_0.05,pov,120.0,3,SELL,0.05,2.488353868563763,0.12441769342818816,0.12441769342818816,1.0,62980.45,62984.850000000006,62984.850000000006,-6.986294953447826e-05,4.763382922842094e-06,-0.0,7.938971537299976e-07,7.938971536521253e-07,7.938971536521253e-07
frontload_120_3_SELL_0.05,frontload,120.0,3,SELL,0.05,2.488353868563763,0.12441769342818816,0.12441769342818816,1.0,62980.45,62984.850000000006,62984.850000000006,-6.986294953447826e-05,3.175588615151045e-06,-0.0,-0.00014688868991280984,7.938971537282949e-07,7.938971537282949e-07
adaptive_120_3_SELL_0.05,adaptive,120.0,3,SELL,0.05,2.488353868563763,0.12441769342818816,0.12441769342818816,1.0,62980.45,62984.75,62984.850000000006,-6.827515522678721e-05,3.1755886153820996e-06,1.5877943076910498e-06,-0.00018863798204344989,7.938971537464305e-07,7.938971537464305e-07
rl2_120_3_SELL_0.05,rl2,120.0,3,SELL,0.05,2.488353868563763,0.12441769342818816,0.12441769342818816,1.0,62980.45,62984.65000000001,62984.850000000006,-6.668736091932721e-05,3.1755886153820996e-06,3.175588615151045e-06,-0.000174818530537797,7.938971537899559e-07,7.938971537899559e-07
twap_120_3_BUY_0.1,twap,120.0,3,BUY,0.1,2.488353868563763,0.24883538685637632,0.24883538685637632,1.0,62980.45,62985.05,62984.850000000006,7.303853814962931e-05,3.1755886153820996e-06,3.175588615151045e-06,0.00018087623487388207,7.938971538262271e-07,7.938971538262271e-07
pov_120_3_BUY_0.1,pov,120.0,3,BUY,0.1,2.488353868563763,0.24883538685637632,0.24883538685637632,1.0,62980.45,62984.850000000006,62984.850000000006,6.986294953447826e-05,9.526765845453135e-06,0.0,1.6902227866752303e-06,7.93897153906024e-07,7.93897153906024e-07
frontload_120_3_BUY_0.1,frontload,120.0,3,BUY,0.1,2.488353868563763,0.24883538685637632,0.24883538685637632,1.0,62980.45,62984.95,62984.850000000006,7.145074384193826e-05,4.76338292261104e-06,1.5877943074599953e-06,0.00014847648422038537,7.938971538443629e-07,7.938971538443629e-07
adaptive_120_3_BUY_0.1,adaptive,120.0,3,BUY,0.1,2.488353868563763,0.24883538685637632,0.24883538685637632,1.0,62980.45,62984.850000000006,62984.850000000006,6.986294953447826e-05,4.763382922842094e-06,0.0,0.00021607611685792042,7.938971538117187e-07,7.938971538117187e-07
rl2_120_3_BUY_0.1,rl2,120.0,3,BUY,0.1,2.488353868563763,0.24883538685637632,0.2488353868563763,0.9999999999999999,62980.45,62984.850000000006,62984.850000000006,6.986294953447826e-05,7.93897153799314e-06,0.0,0.00020409659714169895,1.8735455971361343e-06,1.8735455971361898e-06
twap_120_3_SELL_0.1,twap,120.0,3,SELL,0.1,2.488353868563763,0.24883538685637632,0.24883538685637632,1.0,62980.45,62984.75,62984.850000000006,-6.827515522678721e-05,4.763382922842094e-06,1.5877943076910498e-06,-0.00017928844056619103,7.938971537391761e-07,7.938971537391761e-07
pov_120_3_SELL_0.1,pov,120.0,3,SELL,0.1,2.488353868563763,0.24883538685637632,0.24883538685637632,1.0,62980.45,62984.850000000006,62984.850000000006,-6.986294953447826e-05,7.93897153799314e-06,-0.0,-7.408617081554282e-07,7.938971537174135e-07,7.938971537174135e-07
frontload_120_3_SELL_0.1,frontload,120.0,3,SELL,0.1,2.488353868563763,0.24883538685637632,0.24883538685637632,1.0,62980.45,62984.75,62984.850000000006,-6.827515522678721e-05,3.1755886153820996e-06,1.5877943076910498e-06,-0.00014688868991280984,7.938971537282949e-07,7.938971537282949e-07
adaptive_120_3_SELL_0.1,adaptive,120.0,3,SELL,0.1,2.488353868563763,0.24883538685637632,0.24883538685637632,1.0,62980.45,62984.75,62984.850000000006,-6.827515522678721e-05,4.763382922842094e-06,1.5877943076910498e-06,-0.00018718651344232595,7.938971537464305e-07,7.938971537464305e-07
rl2_120_3_SELL_0.1,rl2,120.0,3,SELL,0.1,2.488353868563763,0.24883538685637632,0.24883538685637632,1.0,62980.45,62984.55,62984.850000000006,-6.509956661163617e-05,4.763382922842094e-06,4.763382922842094e-06,-0.0001672542445633688,7.968674304683352e-07,7.968674304683352e-07
twap_120_3_BUY_0.2,twap,120.0,3,BUY,0.2,2.488353868563763,0.49767077371275265,0.49767077371275265,1.0,62980.45,62985.05,62984.850000000006,7.303853814962931e-05,4.763382922842094e-06,3.175588615151045e-06,0.00018087623487388207,7.938971538262271e-07,7.938971538262271e-07
pov_120_3_BUY_0.2,pov,120.0,3,BUY,0.2,2.488353868563763,0.49767077371275265,0.49767077371275265,1.0,62980.45,62984.850000000006,62984.850000000006,6.986294953447826e-05,9.526765845453135e-06,0.0,2.471480547479408e-05,7.938971538842612e-07,7.938971538842612e-07
frontload_120_3_BUY_0.2,frontload,120.0,3,BUY,0.2,2.488353868563763,0.49767077371275265,0.49767077371275265,1.0,62980.45,62984.95,62984.850000000006,7.145074384193826e-05,6.35117723030209e-06,1.5877943074599953e-06,0.00014847648422038537,7.938971538443629e-07,7.938971538443629e-07
adaptive_120_3_BUY_0.2,adaptive,120.0,3,BUY,0.2,2.488353868563763,0.49767077371275265,0.49767077371275265,1.0,62980.45,62984.850000000006,62984.850000000006,6.986294953447826e-05,4.763382922842094e-06,0.0,0.00020859306126801838,7.938971538189729e-07,7.938971538189729e-07
rl2_120_3_BUY_0.2,rl2,120.0,3,BUY,0.2,2.488353868563763,0.49767077371275265,0.4976707737127527,1.0000000000000002,62980.45,62984.850000000006,62984.850000000006,6.986294953447826e-05,1.2702354460835234e-05,0.0,0.00020220387983924996,3.208310295679874e-06,3.208310295679763e-06
twap_120_3_SELL_0.2,twap,120.0,3,SELL,0.2,2.488353868563763,0.49767077371275265,0.49767077371275265,1.0,62980.45,62984.65000000001,62984.850000000006,-6.668736091932721e-05,6.351177230533145e-06,3.175588615151045e-06,-0.00017914574549533148,9.365922246061474e-07,9.365922246061474e-07
pov_120_3_SELL_0.2,pov,120.0,3,SELL,0.2,2.488353868563763,0.49767077371275265,0.49767077371275265,1.0,62980.45,62984.850000000006,62984.850000000006,-6.986294953447826e-05,7.93897153799314e-06,-0.0,-0.0001213089477923083,7.938971537573119e-07,7.938971537573119e-07
frontload_120_3_SELL_0.2,frontload,120.0,3,SELL,0.2,2.488353868563763,0.49767077371275265,0.49767077371275265,1.0,62980.45,62984.75,62984.850000000006,-6.827515522678721e-05,6.35117723030209e-06,1.5877943076910498e-06,-0.00014623739916740314,1.445187899215204e-06,1.445187899215204e-06
adaptive_120_3_SELL_0.2,adaptive,120.0,3,SELL,0.2,2.488353868563763,0.49767077371275265,0.49767077371275265,1.0,62980.45,62984.65000000001,62984.850000000006,-6.668736091932721e-05,7.93897153799314e-06,3.175588615151045e-06,-0.0001828918988657226,7.938971537464305e-07,7.938971537464305e-07
rl2_120_3_SELL_0.2,rl2,120.0,3,SELL,0.2,2.488353868563763,0.49767077371275265,0.49767077371275265,1.0,62980.45,62984.350000000006,62984.850000000006,-6.192397799648512e-05,9.526765845453135e-06,7.93897153799314e-06,-0.0001666527570806325,1.4711943338764674e-06,1.4711943338764674e-06
twap_120_4_BUY_0.001,twap,120.0,4,BUY,0.001,1.2089078278085923,0.0012089078278085922,0.0012089078278085922,1.0,62989.75,63013.65000000001,63013.65000000001,0.0003794268115051851,1.587559880866661e-06,0.0,0.00019606364527571265,7.937799403573764e-07,7.937799403573764e-07
pov_120_4_BUY_0.001,pov,120.0,4,BUY,0.001,1.2089078278085923,0.0012089078278085922,0.0012089078278085922,1.0,62989.75,63013.65000000001,63013.65000000001,0.0003794268115051851,1.587559880866661e-06,0.0,7.937799403178204e-07,7.937799402990578e-07,7.937799402990578e-07
frontload_120_4_BUY_0.001,frontload,120.0,4,BUY,0.001,1.2089078278085923,0.0012089078278085922,0.0012089078278085922,1.0,62989.75,63013.65000000001,63013.65000000001,0.0003794268115051851,1.587559880866661e-06,0.0,0.00013540562986214704,7.937799403719563e-07,7.937799403719563e-07
adaptive_120_4_BUY_0.001,adaptive,120.0,4,BUY,0.001,1.2089078278085923,0.0012089078278085922,0.0012089078278085922,1.0,62989.75,63013.65000000001,63013.65000000001,0.0003794268115051851,1.587559880866661e-06,0.0,0.0001854960643943757,7.937799403923675e-07,7.937799403923675e-07
rl2_120_4_BUY_0.001,rl2,120.0,4,BUY,0.001,1.2089078278085923,0.0012089078278085922,0.0012089078278085922,1.0,62989.75,63013.65000000001,63013.65000000001,0.0003794268115051851,1.587559880866661e-06,0.0,0.0003127664531295716,7.937799403836197e-07,7.937799403836197e-07
twap_120_4_SELL_0.001,twap,120.0,4,SELL,0.001,1.2089078278085923,0.0012089078278085922,0.0012089078278085922,1.0,62989.75,63013.65000000001,63013.65000000001,-0.0003794268115051851,1.587559880866661e-06,-0.0,-0.00019447608539519253,7.937799404040313e-07,7.937799404040313e-07
pov_120_4_SELL_0.001,pov,120.0,4,SELL,0.001,1.2089078278085923,0.0012089078278085922,0.0012089078278085922,1.0,62989.75,63013.65000000001,63013.65000000001,-0.0003794268115051851,1.587559880866661e-06,-0.0,7.937799402023102e-07,7.937799402990578e-07,7.937799402990578e-07
frontload_120_4_SELL_0.001,frontload,120.0,4,SELL,0.001,1.2089078278085923,0.0012089078278085922,0.0012089078278085922,1.0,62989.75,63013.65000000001,63013.65000000001,-0.0003794268115051851,1.587559880866661e-06,-0.0,-0.00013381806998139588,7.937799403719562e-07,7.937799403719562e-07
adaptive_120_4_SELL_0.001,adaptive,120.0,4,SELL,0.001,1.2089078278085923,0.0012089078278085922,0.0012089078278085922,1.0,62989.75,63013.65000000001,63013.65000000001,-0.0003794268115051851,1.587559880866661e-06,-0.0,-0.00021678285129402242,7.937799403981995e-07,7.937799403981995e-07
rl2_120_4_SELL_0.001,rl2,120.0,4,SELL,0.001,1.2089078278085923,0.0012089078278085922,0.0012089078278085922,1.0,62989.75,63013.65000000001,63013.65000000001,-0.0003794268115051851,1.587559880866661e-06,-0.0,-0.00027612401695685144,7.937799404011154e-07,7.937799404011154e-07
twap_120_4_BUY_0.0025,twap,120.0,4,BUY,0.0025,1.2089078278085923,0.003022269569521481,0.003022269569521481,1.0,62989.75,63013.65000000001,63013.65000000001,0.0003794268115051851,1.587559880866661e-06,0.0,0.00019606364527548163,7.937799403550437e-07,7.937799403550437e-07
pov_120_4_BUY_0.0025,pov,120.0,4,BUY,0.0025,1.2089078278085923,0.003022269569521481,0.003022269569521481,1.0,62989.75,63013.65000000001,63013.65000000001,0.0003794268115051851,1.587559880866661e-06,0.0,7.937799405488407e-07,7.937799404856773e-07,7.937799404856773e-07
frontload_120_4_BUY_0.0025,frontload,120.0,4,BUY,0.0025,1.2089078278085923,0.003022269569521481,0.003022269569521481,1.0,62989.75,63013.65000000001,63013.65000000001,0.0003794268115051851,1.587559880866661e-06,0.0,0.00013540562986214704,7.937799403737055e-07,7.937799403737055e-07
adaptive_120_4_BUY_0.0025,adaptive,120.0,4,BUY,0.0025,1.2089078278085923,0.003022269569521481,0.003022269569521481,1.0,62989.75,63013.65000000001,63013.65000000001,0.0003794268115051851,1.587559880866661e-06,0.0,0.0001854963229133292,7.937799403317162e-07,7.937799403317162e-07
rl2_120_4_BUY_0.0025,rl2,120.0,4,BUY,0.0025,1.2089078278085923,0.003022269569521481,0.003022269569521481,1.0,62989.75,63013.65000000001,63013.65000000001,0.0003794268115051851,1.587559880866661e-06,0.0,0.00031276645312991816,7.937799403527109e-07,7.937799403527109e-07
twap_120_4_SELL_0.0025,twap,120.0,4,SELL,0.0025,1.2089078278085923,0.003022269569521481,0.003022269569521481,1.0,62989.75,63013.65000000001,63013.65000000001,-0.0003794268115051851,1.587559880866661e-06,-0.0,-0.000194476085394846,7.937799403923676e-07,7.937799403923676e-07
pov_120_4_SELL_0.0025,pov,120.0,4,SELL,0.0025,1.2089078278085923,0.003022269569521481,0.003022269569521481,1.0,62989.75,63013.65000000001,63013.65000000001,-0.0003794268115051851,1.587559880866661e-06,-0.0,7.937799403178204e-07,7.937799403363817e-07,7.937799403363817e-07
frontload_120_4_SELL_0.0025,frontload,120.0,4,SELL,0.0025,1.2089078278085923,0.003022269569521481,0.003022269569521481,1.0,62989.75,63013.65000000001,63013.65000000001,-0.0003794268115051851,1.587559880866661e-06,-0.0,-0.00013381806998139588,7.937799403410471e-07,7.937799403410471e-07
adaptive_120_4_SELL_0.0025,adaptive,120.0,4,SELL,0.0025,1.2089078278085923,0.003022269569521481,0.003022269569521481,1.0,62989.75,63013.65000000001,63013.65000000001,-0.0003794268115051851,1.587559880866661e-06,-0.0,-0.00021678361897828626,7.937799404016986e-07,7.937799404016986e-07
rl2_120_4_SELL_0.0025,rl2,120.0,4,SELL,0.0025,1.2089078278085923,0.003022269569521481,0.003022269569521481,1.0,62989.75,63013.65000000001,63013.65000000001,-0.0003794268115051851,1.587559880866661e-06,-0.0,-0.00027612401695673597,7.937799403643746e-07,7.937799403643746e-07
twap_120_4_BUY_0.005,twap,120.0,4,BUY,0.005,1.2089078278085923,0.006044539139042962,0.006044539139042962,1.0,62989.75,63013.65000000001,63013.65000000001,0.0003794268115051851,1.587559880866661e-06,0.0,0.00019606364527548163,7.937799403550437e-07,7.937799403550437e-07
pov_120_4_BUY_0.005,pov,120.0,4,BUY,0.005,1.2089078278085923,0.006044539139042962,0.006044539139042962,1.0,62989.75,63013.65000000001,63013.65000000001,0.0003794268115051851,1.587559880866661e-06,0.0,7.937799405488407e-07,7.937799404856773e-07,7.937799404856773e-07
frontload_120_4_BUY_0.005,frontload,120.0,4,BUY,0.005,1.2089078278085923,0.006044539139042962,0.006044539139042962,1.0,62989.75,63013.65000000001,63013.65000000001,0.0003794268115051851,1.587559880866661e-06,0.0,0.00013540562986214704,7.937799403737055e-07,7.937799403737055e-07
adaptive_120_4_BUY_0.005,adaptive,120.0,4,BUY,0.005,1.2089078278085923,0.006044539139042962,0.006044539139042962,1.0,62989.75,63013.65000000001,63013.65000000001,0.0003794268115051851,1.587559880866661e-06,0.0,0.00018549661426004593,7.937799403737054e-07,7.937799403737054e-07
rl2_120_4_BUY_0.005,rl2,120.0,4,BUY,0.005,1.2089078278085923,0.006044539139042962,0.006044539139042962,1.0,62989.75,63013.65000000001,63013.65000000001,0.0003794268115051851,1.587559880866661e-06,0.0,0.00031276645312991816,7.937799403527109e-07,7.937799403527109e-07
twap_120_4_SELL_0.005,twap,120.0,4,SELL,0.005,1.2089078278085923,0.006044539139042962,0.006044539139042962,1.0,62989.75,63013.65000000001,63013.65000000001,-0.0003794268115051851,1.587559880866661e-06,-0.0,-0.000194476085394846,7.937799403923676e-07,7.937799403923676e-07
pov_120_4_SELL_0.005,pov,120.0,4,SELL,0.005,1.2089078278085923,0.006044539139042962,0.006044539139042962,1.0,62989.75,63013.65000000001,63013.65000000001,-0.0003794268115051851,1.587559880866661e-06,-0.0,7.937799403178204e-07,7.937799403363817e-07,7.937799403363817e-07
frontload_120_4_SELL_0.005,frontload,120.0,4,SELL,0.005,1.2089078278085923,0.006044539139042962,0.006044539139042962,1.0,62989.75,63013.65000000001,63013.65000000001,-0.0003794268115051851,1.587559880866661e-06,-0.0,-0.00013381806998139588,7.937799403410471e-07,7.937799403410471e-07
adaptive_120_4_SELL_0.005,adaptive,120.0,4,SELL,0.005,1.2089078278085923,0.006044539139042962,0.006044539139042962,1.0,62989.75,63013.65000000001,63013.65000000001,-0.0003794268115051851,1.587559880866661e-06,-0.0,-0.00021678448413281563,7.937799404203604e-07,7.937799404203604e-07
rl2_120_4_SELL_0.005,rl2,120.0,4,SELL,0.005,1.2089078278085923,0.006044539139042962,0.006044539139042962,1.0,62989.75,63013.55,63013.65000000001,-0.0003778392516243184,1.587559880866661e-06,1.587559880866661e-06,-0.00027612401695673597,7.937799403643746e-07,7.937799403643746e-07
twap_120_4_BUY_0.01,twap,120.0,4,BUY,0.01,1.2089078278085923,0.012089078278085924,0.012089078278085924,1.0,62989.75,63013.65000000001,63013.65000000001,0.0003794268115051851,1.587559880866661e-06,0.0,0.00019606364527548163,7.937799403550437e-07,7.937799403550437e-07
pov_120_4_BUY_0.01,pov,120.0,4,BUY,0.01,1.2089078278085923,0.012089078278085924,0.012089078278085924,1.0,62989.75,63013.65000000001,63013.65000000001,0.0003794268115051851,1.587559880866661e-06,0.0,7.937799405488407e-07,7.937799404856773e-07,7.937799404856773e-07
frontload_120_4_BUY_0.01,frontload,120.0,4,BUY,0.01,1.2089078278085923,0.012089078278085924,0.012089078278085924,1.0,62989.75,63013.65000000001,63013.65000000001,0.0003794268115051851,1.587559880866661e-06,0.0,0.00013540562986214704,7.937799403737055e-07,7.937799403737055e-07
adaptive_120_4_BUY_0.01,adaptive,120.0,4,BUY,0.01,1.2089078278085923,0.012089078278085924,0.012089078278085924,1.0,62989.75,63013.65000000001,63013.65000000001,0.0003794268115051851,1.587559880866661e-06,0.0,0.0001854970262907634,7.93779940378371e-07,7.93779940378371e-07
rl2_120_4_BUY_0.01,rl2,120.0,4,BUY,0.01,1.2089078278085923,0.012089078278085924,0.012089078278085924,1.0,62989.75,63013.75,63013.65000000001,0.0003810143713858207,1.587559880866661e-06,1.5875598806356408e-06,0.00031276645312991816,7.937799403527109e-07,7.937799403527109e-07
twap_120_4_SELL_0.01,twap,120.0,4,SELL,0.01,1.2089078278085923,0.012089078278085924,0.012089078278085924,1.0,62989.75,63013.65000000001,63013.65000000001,-0.0003794268115051851,1.587559880866661e-06,-0.0,-0.000194476085394846,7.937799403923676e-07,7.937799403923676e-07
pov_120_4_SELL_0.01,pov,120.0,4,SELL,0.01,1.2089078278085923,0.012089078278085924,0.012089078278085924,1.0,62989.75,63013.65000000001,63013.65000000001,-0.0003794268115051851,1.587559880866661e-06,-0.0,7.937799403178204e-07,7.937799403363817e-07,7.937799403363817e-07
frontload_120_4_SELL_0.01,frontload,120.0,4,SELL,0.01,1.2089078278085923,0.012089078278085924,0.012089078278085924,1.0,62989.75,63013.65000000001,63013.65000000001,-0.0003794268115051851,1.587559880866661e-06,-0.0,-0.00013381806998139588,7.937799403410471e-07,7.937799403410471e-07
adaptive_120_4_SELL_0.01,adaptive,120.0,4,SELL,0.01,1.2089078278085923,0.012089078278085924,0.012089078278085924,1.0,62989.75,63013.65000000001,63013.65000000001,-0.0003794268115051851,1.587559880866661e-06,-0.0,-0.00021678570763412685,7.937799403923677e-07,7.937799403923677e-07
rl2_120_4_SELL_0.01,rl2,120.0,4,SELL,0.01,1.2089078278085923,0.012089078278085924,0.012089078278085924,1.0,62989.75,63013.55,63013.65000000001,-0.0003778392516243184,1.587559880866661e-06,1.587559880866661e-06,-0.00027612401695673597,7.937799403643746e-07,7.937799403643746e-07
twap_120_4_BUY_0.02,twap,120.0,4,BUY,0.02,1.2089078278085923,0.024178156556171847,0.024178156556171847,1.0,62989.75,63013.65000000001,63013.65000000001,0.0003794268115051851,1.587559880866661e-06,0.0,0.00019606364527548163,7.937799403550437e-07,7.937799403550437e-07
pov_120_4_BUY_0.02,pov,120.0,4,BUY,0.02,1.2089078278085923,0.024178156556171847,0.024178156556171847,1.0,62989.75,63013.65000000001,63013.65000000001,0.0003794268115051851,3.175119761502302e-06,0.0,7.937799405488407e-07,7.937799404856773e-07,7.937799404856773e-07
frontload_120_4_BUY_0.02,frontload,120.0,4,BUY,0.02,1.2089078278085923,0.024178156556171847,0.024178156556171847,1.0,62989.75,63013.65000000001,63013.65000000001,0.0003794268115051851,1.587559880866661e-06,0.0,0.00013540562986214704,7.937799403737055e-07,7.937799403737055e-07
adaptive_120_4_BUY_0.02,adaptive,120.0,4,BUY,0.02,1.2089078278085923,0.024178156556171847,0.024178156556171847,1.0,62989.75,63013.65000000001,63013.65000000001,0.0003794268115051851,1.587559880866661e-06,0.0,0.0001854976089978271,7.93779940397033e-07,7.93779940397033e-07
rl2_120_4_BUY_0.02,rl2,120.0,4,BUY,0.02,1.2089078278085923,0.024178156556171847,0.024178156556171847,1.0,62989.75,63013.75,63013.65000000001,0.0003810143713858207,1.587559880866661e-06,1.5875598806356408e-06,0.00022541617816417247,7.937799403433798e-07,7.937799403433798e-07
twap_120_4_SELL_0.02,twap,120.0,4,SELL,0.02,1.2089078278085923,0.024178156556171847,0.024178156556171847,1.0,62989.75,63013.55,63013.65000000001,-0.0003778392516243184,1.587559880866661e-06,1.587559880866661e-06,-0.000194476085394846,7.937799403923676e-07,7.937799403923676e-07
pov_120_4_SELL_0.02,pov,120.0,4,SELL,0.02,1.2089078278085923,0.024178156556171847,0.024178156556171847,1.0,62989.75,63013.65000000001,63013.65000000001,-0.0003794268115051851,1.587559880866661e-06,-0.0,7.937799403178204e-07,7.937799403363817e-07,7.937799403363817e-07
frontload_120_4_SELL_0.02,frontload,120.0,4,SELL,0.02,1.2089078278085923,0.024178156556171847,0.024178156556171847,1.0,62989.75,63013.65000000001,63013.65000000001,-0.0003794268115051851,1.587559880866661e-06,-0.0,-0.00013381806998139588,7.937799403410471e-07,7.937799403410471e-07
adaptive_120_4_SELL_0.02,adaptive,120.0,4,SELL,0.02,1.2089078278085923,0.024178156556171847,0.024178156556171847,1.0,62989.75,63013.55,63013.65000000001,-0.0003778392516243184,1.587559880866661e-06,1.587559880866661e-06,-0.000216787437902295,7.937799403830366e-07,7.937799403830366e-07
rl2_120_4_SELL_0.02,rl2,120.0,4,SELL,0.02,1.2089078278085923,0.024178156556171847,0.024178156556171847,1.0,62989.75,63013.55,63013.65000000001,-0.0003778392516243184,1.587559880866661e-06,1.587559880866661e-06,-0.00027612401695673597,7.937799403643746e-07,7.937799403643746e-07
twap_120_4_BUY_0.05,twap,120.0,4,BUY,0.05,1.2089078278085923,0.06044539139042962,0.06044539139042962,1.0,62989.75,63013.75,63013.65000000001,0.0003810143713858207,1.587559880866661e-06,1.5875598806356408e-06,0.00019606364527571265,7.937799403662408e-07,7.937799403662408e-07
pov_120_4_BUY_0.05,pov,120.0,4,BUY,0.05,1.2089078278085923,0.06044539139042962,0.06044539139042962,1.0,62989.75,63013.65000000001,63013.65000000001,0.0003794268115051851,3.175119761502302e-06,0.0,2.1485159726944116e-05,7.937799404408885e-07,7.937799404408885e-07
frontload_120_4_BUY_0.05,frontload,120.0,4,BUY,0.05,1.2089078278085923,0.06044539139042962,0.06044539139042962,1.0,62989.75,63013.65000000001,63013.65000000001,0.0003794268115051851,1.587559880866661e-06,0.0,0.00013540562986214704,7.937799403625084e-07,7.937799403625084e-07
adaptive_120_4_BUY_0.05,adaptive,120.0,4,BUY,0.05,1.2089078278085923,0.06044539139042962,0.06044539139042962,1.0,62989.75,63013.65000000001,63013.65000000001,0.0003794268115051851,1.587559880866661e-06,0.0,0.00018549876519793817,7.93779940358776e-07,7.93779940358776e-07
rl2_120_4_BUY_0.05,rl2,120.0,4,BUY,0.05,1.2089078278085923,0.06044539139042962,0.06044539139042962,1.0,62989.75,63013.75,63013.65000000001,0.0003810143713858207,4.7626796421379425e-06,1.5875598806356408e-06,0.00022686281817492095,2.2404199512013163e-06,2.2404199512013163e-06
twap_120_4_SELL_0.05,twap,120.0,4,SELL,0.05,1.2089078278085923,0.06044539139042962,0.06044539139042962,1.0,62989.75,63013.55,63013.65000000001,-0.0003778392516243184,1.587559880866661e-06,1.587559880866661e-06,-0.00019447608539473047,7.937799403960999e-07,7.937799403960999e-07
pov_120_4_SELL_0.05,pov,120.0,4,SELL,0.05,1.2089078278085923,0.06044539139042962,0.06044539139042962,1.0,62989.75,63013.65000000001,63013.65000000001,-0.0003794268115051851,3.175119761733322e-06,-0.0,7.937799403178204e-07,7.937799402766634e-07,7.937799402766634e-07
frontload_120_4_SELL_0.05,frontload,120.0,4,SELL,0.05,1.2089078278085923,0.06044539139042962,0.06044539139042962,1.0,62989.75,63013.55,63013.65000000001,-0.0003778392516243184,1.587559880866661e-06,1.587559880866661e-06,-0.00013381806998139588,7.937799403625084e-07,7.937799403625084e-07
adaptive_120_4_SELL_0.05,adaptive,120.0,4,SELL,0.05,1.2089078278085923,0.06044539139042962,0.06044539139042962,1.0,62989.75,63013.55,63013.65000000001,-0.0003778392516243184,1.587559880866661e-06,1.587559880866661e-06,-0.00021679087090123442,7.937799403960999e-07,7.937799403960999e-07
rl2_120_4_SELL_0.05,rl2,120.0,4,SELL,0.05,1.2089078278085923,0.06044539139042962,0.06044539139042962,1.0,62989.75,63013.45,63013.65000000001,-0.00037625169174345177,3.175119761733322e-06,3.175119761733322e-06,-0.00027612401695685144,7.937799403774379e-07,7.937799403774379e-07
twap_120_4_BUY_0.1,twap,120.0,4,BUY,0.1,1.2089078278085923,0.12089078278085924,0.12089078278085924,1.0,62989.75,63013.75,63013.65000000001,0.0003810143713858207,3.175119761733322e-06,1.5875598806356408e-06,0.00019606364527571265,7.937799403662408e-07,7.937799403662408e-07
pov_120_4_BUY_0.1,pov,120.0,4,BUY,0.1,1.2089078278085923,0.12089078278085924,0.12089078278085924,1.0,62989.75,63013.65000000001,63013.65000000001,0.0003794268115051851,3.175119761502302e-06,0.0,8.462274316554193e-05,7.937799403960999e-07,7.937799403960999e-07
frontload_120_4_BUY_0.1,frontload,120.0,4,BUY,0.1,1.2089078278085923,0.12089078278085924,0.12089078278085924,1.0,62989.75,63013.65000000001,63013.65000000001,0.0003794268115051851,3.175119761502302e-06,0.0,0.00013540562986214704,7.937799403625084e-07,7.937799403625084e-07
adaptive_120_4_BUY_0.1,adaptive,120.0,4,BUY,0.1,1.2089078278085923,0.12089078278085924,0.12089078278085924,1.0,62989.75,63013.65000000001,63013.65000000001,0.0003794268115051851,3.175119761733322e-06,0.0,0.00018817708435898495,7.937799403513111e-07,7.937799403513111e-07
rl2_120_4_BUY_0.1,rl2,120.0,4,BUY,0.1,1.2089078278085923,0.12089078278085924,0.12089078278085924,1.0,62989.75,63013.75,63013.65000000001,0.0003810143713858207,4.7626796421379425e-06,1.5875598806356408e-06,0.00022865817923371605,2.869697762988481e-06,2.869697762988481e-06
twap_120_4_SELL_0.1,twap,120.0,4,SELL,0.1,1.2089078278085923,0.12089078278085924,0.12089078278085924,1.0,62989.75,63013.55,63013.65000000001,-0.0003778392516243184,1.587559880866661e-06,1.587559880866661e-06,-0.00019447608539473047,7.937799403960999e-07,7.937799403960999e-07
pov_120_4_SELL_0.1,pov,120.0,4,SELL,0.1,1.2089078278085923,0.12089078278085924,0.12089078278085924,1.0,62989.75,63013.65000000001,63013.65000000001,-0.0003794268115051851,4.762679642368963e-06,-0.0,7.937799403178204e-07,7.937799402766634e-07,7.937799402766634e-07
frontload_120_4_SELL_0.1,frontload,120.0,4,SELL,0.1,1.2089078278085923,0.12089078278085924,0.12089078278085924,1.0,62989.75,63013.55,63013.65000000001,-0.0003778392516243184,1.587559880866661e-06,1.587559880866661e-06,-0.00013381806998139588,7.937799403625084e-07,7.937799403625084e-07
adaptive_120_4_SELL_0.1,adaptive,120.0,4,SELL,0.1,1.2089078278085923,0.12089078278085924,0.12089078278085924,1.0,62989.75,63013.55,63013.65000000001,-0.0003778392516243184,1.587559880866661e-06,1.587559880866661e-06,-0.00021679473967724388,7.937799403960999e-07,7.937799403960999e-07
rl2_120_4_SELL_0.1,rl2,120.0,4,SELL,0.1,1.2089078278085923,0.12089078278085924,0.12089078278085924,1.0,62989.75,63013.45,63013.65000000001,-0.00037625169174345177,3.175119761733322e-06,3.175119761733322e-06,-0.00027612401695685144,7.937799403774379e-07,7.937799403774379e-07
twap_120_4_BUY_0.2,twap,120.0,4,BUY,0.2,1.2089078278085923,0.24178156556171848,0.24178156556171848,1.0,62989.75,63013.75,63013.65000000001,0.0003810143713858207,3.175119761733322e-06,1.5875598806356408e-06,0.0001962135905960886,9.437252606963818e-07,9.437252606963818e-07
pov_120_4_BUY_0.2,pov,120.0,4,BUY,0.2,1.2089078278085923,0.24178156556171848,0.24178156556171848,1.0,62989.75,63013.65000000001,63013.65000000001,0.0003794268115051851,6.350239523004604e-06,0.0,0.00014054393204459688,7.937799403960999e-07,7.937799403960999e-07
frontload_120_4_BUY_0.2,frontload,120.0,4,BUY,0.2,1.2089078278085923,0.24178156556171848,0.24178156556171848,1.0,62989.75,63013.75,63013.65000000001,0.0003810143713858207,4.7626796421379425e-06,1.5875598806356408e-06,0.00013540562986214704,7.937799403625084e-07,7.937799403625084e-07
adaptive_120_4_BUY_0.2,adaptive,120.0,4,BUY,0.2,1.2089078278085923,0.24178156556171848,0.24178156556171848,1.0,62989.75,63013.65000000001,63013.65000000001,0.0003794268115051851,3.175119761733322e-06,0.0,0.00019281665352779439,7.937799403513113e-07,7.937799403513113e-07
rl2_120_4_BUY_0.2,rl2,120.0,4,BUY,0.2,1.2089078278085923,0.24178156556171848,0.24178156556171848,1.0,62989.75,63013.850000000006,63013.65000000001,0.00038260193126668735,6.350239523004604e-06,3.175119761502302e-06,0.00026915408703626287,1.6513475422263616e-06,1.6513475422263616e-06
twap_120_4_SELL_0.2,twap,120.0,4,SELL,0.2,1.2089078278085923,0.24178156556171848,0.24178156556171848,1.0,62989.75,63013.45,63013.65000000001,-0.00037625169174345177,3.175119761733322e-06,3.175119761733322e-06,-0.00019447608539473047,7.937799403960999e-07,7.937799403960999e-07
pov_120_4_SELL_0.2,pov,120.0,4,SELL,0.2,1.2089078278085923,0.24178156556171848,0.24178156556171848,1.0,62989.75,63013.65000000001,63013.65000000001,-0.0003794268115051851,7.937799403871265e-06,-0.0,7.937799403178204e-07,7.937799402766634e-07,7.937799402766634e-07
frontload_120_4_SELL_0.2,frontload,120.0,4,SELL,0.2,1.2089078278085923,0.24178156556171848,0.24178156556171848,1.0,62989.75,63013.55,63013.65000000001,-0.0003778392516243184,3.175119761733322e-06,1.587559880866661e-06,-0.00013381806998139588,7.937799403625084e-07,7.937799403625084e-07
adaptive_120_4_SELL_0.2,adaptive,120.0,4,SELL,0.2,1.2089078278085923,0.24178156556171848,0.24178156556171848,1.0,62989.75,63013.45,63013.65000000001,-0.00037625169174345177,3.175119761733322e-06,3.175119761733322e-06,-0.0002168002107229694,7.937799404110295e-07,7.937799404110295e-07
rl2_120_4_SELL_0.2,rl2,120.0,4,SELL,0.2,1.2089078278085923,0.24178156556171848,0.24178156556171848,1.0,62989.75,63013.350000000006,63013.65000000001,-0.0003746641318628161,4.762679642368963e-06,4.762679642368963e-06,-0.00025040131690244025,7.937799403475788e-07,7.937799403475788e-07
twap_300_0_BUY_0.001,twap,300.0,0,BUY,0.001,3.744126938610444,0.003744126938610444,0.003744126938610444,1.0,63057.350000000006,63073.350000000006,63073.350000000006,0.000253737272498765,1.5858579532095902e-06,0.0,-1.7550161347945092e-05,7.929289765269541e-07,7.929289765269541e-07
pov_300_0_BUY_0.001,pov,300.0,0,BUY,0.001,3.744126938610444,0.003744126938610444,0.003744126938610444,1.0,63057.350000000006,63073.350000000006,63073.350000000006,0.000253737272498765,1.5858579532095902e-06,0.0,7.929289764894088e-07,7.929289764630006e-07,7.929289764630006e-07
frontload_300_0_BUY_0.001,frontload,300.0,0,BUY,0.001,3.744126938610444,0.003744126938610444,0.003744126938610444,1.0,63057.350000000006,63073.350000000006,63073.350000000006,0.000253737272498765,1.5858579532095902e-06,0.0,2.513699309939502e-05,7.929289765344777e-07,7.929289765344777e-07
adaptive_300_0_BUY_0.001,adaptive,300.0,0,BUY,0.001,3.744126938610444,0.003744126938610444,0.003744126938610444,1.0,63057.350000000006,63073.350000000006,63073.350000000006,0.000253737272498765,1.5858579532095902e-06,0.0,-4.402619318634075e-05,7.929289765382397e-07,7.929289765382397e-07
rl2_300_0_BUY_0.001,rl2,300.0,0,BUY,0.001,3.744126938610444,0.003744126938610444,0.003744126938610444,1.0,63057.350000000006,63073.350000000006,63073.350000000006,0.000253737272498765,1.5858579532095902e-06,0.0,-6.738022665776074e-05,7.929289765260134e-07,7.929289765260134e-07
twap_300_0_SELL_0.001,twap,300.0,0,SELL,0.001,3.744126938610444,0.003744126938610444,0.003744126938610444,1.0,63057.350000000006,63073.350000000006,63073.350000000006,-0.000253737272498765,1.5858579532095902e-06,-0.0,1.913601930069314e-05,7.929289765645734e-07,7.929289765645734e-07
pov_300_0_SELL_0.001,pov,300.0,0,SELL,0.001,3.744126938610444,0.003744126938610444,0.003744126938610444,1.0,63057.350000000006,63073.350000000006,63073.350000000006,-0.000253737272498765,1.5858579532095902e-06,-0.0,7.929289766047951e-07,7.929289765833833e-07,7.929289765833833e-07
frontload_300_0_SELL_0.001,frontload,300.0,0,SELL,0.001,3.744126938610444,0.003744126938610444,0.003744126938610444,1.0,63057.350000000006,63073.350000000006,63073.350000000006,-0.000253737272498765,1.5858579532095902e-06,-0.0,-2.3551135146300816e-05,7.929289765645739e-07,7.929289765645739e-07
adaptive_300_0_SELL_0.001,adaptive,300.0,0,SELL,0.001,3.744126938610444,0.003744126938610444,0.003744126938610444,1.0,63057.350000000006,63073.350000000006,63073.350000000006,-0.000253737272498765,1.5858579532095902e-06,-0.0,3.704861813267475e-05,7.929289765852642e-07,7.929289765852642e-07
rl2_300_0_SELL_0.001,rl2,300.0,0,SELL,0.001,3.744126938610444,0.003744126938610444,0.003744126938610444,1.0,63057.350000000006,63073.350000000006,63073.350000000006,-0.000253737272498765,1.5858579532095902e-06,-0.0,-4.589622541947425e-05,7.929289765655141e-07,7.929289765655141e-07
twap_300_0_BUY_0.0025,twap,300.0,0,BUY,0.0025,3.744126938610444,0.00936031734652611,0.00936031734652611,1.0,63057.350000000006,63073.350000000006,63073.350000000006,0.000253737272498765,1.5858579532095902e-06,0.0,-1.755016134771432e-05,7.929289765593069e-07,7.929289765593069e-07
pov_300_0_BUY_0.0025,pov,300.0,0,BUY,0.0025,3.744126938610444,0.00936031734652611,0.00936031734652611,1.0,63057.350000000006,63073.350000000006,63073.350000000006,0.000253737272498765,1.5858579532095902e-06,0.0,7.929289764894088e-07,7.929289763907711e-07,7.929289763907711e-07
frontload_300_0_BUY_0.0025,frontload,300.0,0,BUY,0.0025,3.744126938610444,0.00936031734652611,0.00936031734652611,1.0,63057.350000000006,63073.350000000006,63073.350000000006,0.000253737272498765,1.5858579532095902e-06,0.0,2.5136993099164245e-05,7.929289765186777e-07,7.929289765186777e-07
adaptive_300_0_BUY_0.0025,adaptive,300.0,0,BUY,0.0025,3.744126938610444,0.00936031734652611,0.00936031734652611,1.0,63057.350000000006,63073.350000000006,63073.350000000006,0.000253737272498765,1.5858579532095902e-06,0.0,-4.402663011211084e-05,7.929289765367352e-07,7.929289765367352e-07
rl2_300_0_BUY_0.0025,rl2,300.0,0,BUY,0.0025,3.744126938610444,0.00936031734652611,0.00936031734652611,1.0,63057.350000000006,63073.350000000006,63073.350000000006,0.000253737272498765,1.5858579532095902e-06,0.0,-6.738022665764535e-05,7.92928976544259e-07,7.92928976544259e-07
twap_300_0_SELL_0.0025,twap,300.0,0,SELL,0.0025,3.744126938610444,0.00936031734652611,0.00936031734652611,1.0,63057.350000000006,63073.350000000006,63073.350000000006,-0.000253737272498765,1.5858579532095902e-06,-0.0,1.913601930092391e-05,7.929289765532878e-07,7.929289765532878e-07
pov_300_0_SELL_0.0025,pov,300.0,0,SELL,0.0025,3.744126938610444,0.00936031734652611,0.00936031734652611,1.0,63057.350000000006,63073.350000000006,63073.350000000006,-0.000253737272498765,1.5858579532095902e-06,-0.0,7.929289767201814e-07,7.929289767759956e-07,7.929289767759956e-07
frontload_300_0_SELL_0.0025,frontload,300.0,0,SELL,0.0025,3.744126938610444,0.00936031734652611,0.00936031734652611,1.0,63057.350000000006,63073.350000000006,63073.350000000006,-0.000253737272498765,1.5858579532095902e-06,-0.0,-2.355113514618543e-05,7.929289765638212e-07,7.929289765638212e-07
adaptive_300_0_SELL_0.0025,adaptive,300.0,0,SELL,0.0025,3.744126938610444,0.00936031734652611,0.00936031734652611,1.0,63057.350000000006,63073.350000000006,63073.350000000006,-0.000253737272498765,1.5858579532095902e-06,-0.0,3.7049345416316085e-05,7.929289765773644e-07,7.929289765773644e-07
rl2_300_0_SELL_0.0025,rl2,300.0,0,SELL,0.0025,3.744126938610444,0.00936031734652611,0.00936031734652611,1.0,63057.350000000006,63073.350000000006,63073.350000000006,-0.000253737272498765,1.5858579532095902e-06,-0.0,-4.5896225419589633e-05,7.929289765683355e-07,7.929289765683355e-07
twap_300_0_BUY_0.005,twap,300.0,0,BUY,0.005,3.744126938610444,0.01872063469305222,0.01872063469305222,1.0,63057.350000000006,63073.350000000006,63073.350000000006,0.000253737272498765,1.5858579532095902e-06,0.0,-1.755016134771432e-05,7.929289765593069e-07,7.929289765593069e-07
pov_300_0_BUY_0.005,pov,300.0,0,BUY,0.005,3.744126938610444,0.01872063469305222,0.01872063469305222,1.0,63057.350000000006,63073.350000000006,63073.350000000006,0.000253737272498765,3.1717159064191805e-06,0.0,7.929289764894088e-07,7.929289763907711e-07,7.929289763907711e-07
frontload_300_0_BUY_0.005,frontload,300.0,0,BUY,0.005,3.744126938610444,0.01872063469305222,0.01872063469305222,1.0,63057.350000000006,63073.350000000006,63073.350000000006,0.000253737272498765,1.5858579532095902e-06,0.0,2.5136993099164245e-05,7.929289765186777e-07,7.929289765186777e-07
adaptive_300_0_BUY_0.005,adaptive,300.0,0,BUY,0.005,3.744126938610444,0.01872063469305222,0.01872063469305222,1.0,63057.350000000006,63073.350000000006,63073.350000000006,0.000253737272498765,1.5858579532095902e-06,0.0,-4.4027122498215866e-05,7.92928976536735e-07,7.92928976536735e-07
rl2_300_0_BUY_0.005,rl2,300.0,0,BUY,0.005,3.744126938610444,0.01872063469305222,0.01872063469305222,1.0,63057.350000000006,63073.350000000006,63073.350000000006,0.000253737272498765,1.5858579532095902e-06,0.0,-6.738022665764535e-05,7.92928976544259e-07,7.92928976544259e-07
twap_300_0_SELL_0.005,twap,300.0,0,SELL,0.005,3.744126938610444,0.01872063469305222,0.01872063469305222,1.0,63057.350000000006,63073.350000000006,63073.350000000006,-0.000253737272498765,1.5858579532095902e-06,-0.0,1.913601930092391e-05,7.929289765532878e-07,7.929289765532878e-07
pov_300_0_SELL_0.005,pov,300.0,0,SELL,0.005,3.744126938610444,0.01872063469305222,0.01872063469305222,1.0,63057.350000000006,63073.350000000006,63073.350000000006,-0.000253737272498765,1.5858579532095902e-06,-0.0,7.929289767201814e-07,7.929289767759956e-07,7.929289767759956e-07
frontload_300_0_SELL_0.005,frontload,300.0,0,SELL,0.005,3.744126938610444,0.01872063469305222,0.01872063469305222,1.0,63057.350000000006,63073.350000000006,63073.350000000006,-0.000253737272498765,1.5858579532095902e-06,-0.0,-2.355113514618543e-05,7.929289765638212e-07,7.929289765638212e-07
adaptive_300_0_SELL_0.005,adaptive,300.0,0,SELL,0.005,3.744126938610444,0.01872063469305222,0.01872063469305222,1.0,63057.350000000006,63073.350000000006,63073.350000000006,-0.000253737272498765,1.5858579532095902e-06,-0.0,3.7050165020924205e-05,7.929289765547925e-07,7.929289765547925e-07
rl2_300_0_SELL_0.005,rl2,300.0,0,SELL,0.005,3.744126938610444,0.01872063469305222,0.01872063469305222,1.0,63057.350000000006,63073.25,63073.350000000006,-0.00025215141454555537,1.5858579532095902e-06,1.5858579532095902e-06,-4.5896225419589633e-05,7.929289765683355e-07,7.929289765683355e-07
twap_300_0_BUY_0.01,twap,300.0,0,BUY,0.01,3.744126938610444,0.03744126938610444,0.03744126938610444,1.0,63057.350000000006,63073.45,63073.350000000006,0.0002553231304517438,1.5858579532095902e-06,1.5858579529788176e-06,-1.755016134771432e-05,7.929289765593069e-07,7.929289765593069e-07
pov_300_0_BUY_0.01,pov,300.0,0,BUY,0.01,3.744126938610444,0.03744126938610444,0.03744126938610444,1.0,63057.350000000006,63073.350000000006,63073.350000000006,0.000253737272498765,3.1717159064191805e-06,0.0,7.929289764894088e-07,7.929289763907711e-07,7.929289763907711e-07
frontload_300_0_BUY_0.01,frontload,300.0,0,BUY,0.01,3.744126938610444,0.03744126938610444,0.03744126938610444,1.0,63057.350000000006,63073.350000000006,63073.350000000006,0.000253737272498765,1.5858579532095902e-06,0.0,2.5136993099164245e-05,7.929289765186777e-07,7.929289765186777e-07
adaptive_300_0_BUY_0.01,adaptive,300.0,0,BUY,0.01,3.744126938610444,0.03744126938610444,0.03744126938610444,1.0,63057.350000000006,63073.350000000006,63073.350000000006,0.000253737272498765,1.5858579532095902e-06,0.0,-4.402781880454469e-05,7.929289765397447e-07,7.929289765397447e-07
rl2_300_0_BUY_0.01,rl2,300.0,0,BUY,0.01,3.744126938610444,0.03744126938610444,0.03744126938610444,1.0,63057.350000000006,63073.350000000006,63073.350000000006,0.000253737272498765,1.5858579532095902e-06,0.0,-6.738022665764535e-05,7.92928976544259e-07,7.92928976544259e-07
twap_300_0_SELL_0.01,twap,300.0,0,SELL,0.01,3.744126938610444,0.03744126938610444,0.03744126938610444,1.0,63057.350000000006,63073.350000000006,63073.350000000006,-0.000253737272498765,1.5858579532095902e-06,-0.0,1.913601930092391e-05,7.929289765532878e-07,7.929289765532878e-07
pov_300_0_SELL_0.01,pov,300.0,0,SELL,0.01,3.744126938610444,0.03744126938610444,0.03744126938610444,1.0,63057.350000000006,63073.350000000006,63073.350000000006,-0.000253737272498765,3.171715906188408e-06,-0.0,7.929289767201814e-07,7.929289767759956e-07,7.929289767759956e-07
frontload_300_0_SELL_0.01,frontload,300.0,0,SELL,0.01,3.744126938610444,0.03744126938610444,0.03744126938610444,1.0,63057.350000000006,63073.350000000006,63073.350000000006,-0.000253737272498765,1.5858579532095902e-06,-0.0,-2.355113514618543e-05,7.929289765638212e-07,7.929289765638212e-07
adaptive_300_0_SELL_0.01,adaptive,300.0,0,SELL,0.01,3.744126938610444,0.03744126938610444,0.03744126938610444,1.0,63057.350000000006,63073.350000000006,63073.350000000006,-0.000253737272498765,1.5858579532095902e-06,-0.0,3.7051324070142556e-05,7.929289765578019e-07,7.929289765578019e-07
rl2_300_0_SELL_0.01,rl2,300.0,0,SELL,0.01,3.744126938610444,0.03744126938610444,0.03744126938610444,1.0,63057.350000000006,63073.25,63073.350000000006,-0.00025215141454555537,1.5858579532095902e-06,1.5858579532095902e-06,-9.495751938490914e-06,7.929289765863929e-07,7.929289765863929e-07
twap_300_0_BUY_0.02,twap,300.0,0,BUY,0.02,3.744126938610444,0.07488253877220888,0.07488253877220888,1.0,63057.350000000006,63073.45,63073.350000000006,0.0002553231304517438,1.5858579532095902e-06,1.5858579529788176e-06,-1.755016134771432e-05,7.929289765593069e-07,7.929289765593069e-07
pov_300_0_BUY_0.02,pov,300.0,0,BUY,0.02,3.744126938610444,0.07488253877220888,0.07488253877220888,1.0,63057.350000000006,63073.350000000006,63073.350000000006,0.000253737272498765,4.757573859397998e-06,0.0,7.929289764894088e-07,7.929289763907711e-07,7.929289763907711e-07
frontload_300_0_BUY_0.02,frontload,300.0,0,BUY,0.02,3.744126938610444,0.07488253877220888,0.07488253877220888,1.0,63057.350000000006,63073.350000000006,63073.350000000006,0.000253737272498765,1.5858579532095902e-06,0.0,2.5136993099164245e-05,7.929289765186777e-07,7.929289765186777e-07
adaptive_300_0_BUY_0.02,adaptive,300.0,0,BUY,0.02,3.744126938610444,0.07488253877220888,0.07488253877220888,1.0,63057.350000000006,63073.350000000006,63073.350000000006,0.000253737272498765,1.5858579532095902e-06,0.0,-4.4028803463791504e-05,7.929289765066392e-07,7.929289765066392e-07
rl2_300_0_BUY_0.02,rl2,300.0,0,BUY,0.02,3.744126938610444,0.07488253877220888,0.07488253877220888,1.0,63057.350000000006,63073.350000000006,63073.350000000006,0.000253737272498765,3.171715906188408e-06,0.0,-6.738022665764535e-05,7.92928976544259e-07,7.92928976544259e-07
twap_300_0_SELL_0.02,twap,300.0,0,SELL,0.02,3.744126938610444,0.07488253877220888,0.07488253877220888,1.0,63057.350000000006,63073.350000000006,63073.350000000006,-0.000253737272498765,1.5858579532095902e-06,-0.0,1.913601930092391e-05,7.929289765532878e-07,7.929289765532878e-07
pov_300_0_SELL_0.02,pov,300.0,0,SELL,0.02,3.744126938610444,0.07488253877220888,0.07488253877220888,1.0,63057.350000000006,63073.350000000006,63073.350000000006,-0.000253737272498765,4.757573859167226e-06,-0.0,7.929289767201814e-07,7.929289767759956e-07,7.929289767759956e-07
frontload_300_0_SELL_0.02,frontload,300.0,0,SELL,0.02,3.744126938610444,0.07488253877220888,0.07488253877220888,1.0,63057.350000000006,63073.350000000006,63073.350000000006,-0.000253737272498765,1.5858579532095902e-06,-0.0,-2.355113514618543e-05,7.929289765638212e-07,7.929289765638212e-07
adaptive_300_0_SELL_0.02,adaptive,300.0,0,SELL,0.02,3.744126938610444,0.07488253877220888,0.07488253877220888,1.0,63057.350000000006,63073.350000000006,63073.350000000006,-0.000253737272498765,1.5858579532095902e-06,-0.0,3.705296312035641e-05,7.929289765547924e-07,7.929289765547924e-07
rl2_300_0_SELL_0.02,rl2,300.0,0,SELL,0.02,3.744126938610444,0.07488253877220888,0.07488253877220888,1.0,63057.350000000006,63073.15000000001,63073.350000000006,-0.00025056555659257656,3.1717159063037942e-06,3.171715906188408e-06,-3.278134165385776e-05,1.7743215817647839e-06,1.7743215817647839e-06
twap_300_0_BUY_0.05,twap,300.0,0,BUY,0.05,3.744126938610444,0.1872063469305222,0.1872063469305222,1.0,63057.350000000006,63073.45,63073.350000000006,0.0002553231304517438,1.5858579532095902e-06,1.5858579529788176e-06,-1.7550161347829706e-05,7.92928976511154e-07,7.92928976511154e-07
pov_300_0_BUY_0.05,pov,300.0,0,BUY,0.05,3.744126938610444,0.1872063469305222,0.1872063469305222,1.0,63057.350000000006,63073.350000000006,63073.350000000006,0.000253737272498765,7.929289765586406e-06,0.0,7.929289764894088e-07,7.92928976544861e-07,7.92928976544861e-07
frontload_300_0_BUY_0.05,frontload,300.0,0,BUY,0.05,3.744126938610444,0.1872063469305222,0.1872063469305222,1.0,63057.350000000006,63073.45,63073.350000000006,0.0002553231304517438,3.1717159064191805e-06,1.5858579529788176e-06,2.5136993100202725e-05,7.929289765328226e-07,7.929289765328226e-07
adaptive_300_0_BUY_0.05,adaptive,300.0,0,BUY,0.05,3.744126938610444,0.1872063469305222,0.1872063469305222,1.0,63057.350000000006,63073.45,63073.350000000006,0.0002553231304517438,1.5858579532095902e-06,1.5858579529788176e-06,-4.403075693050803e-05,7.929289765328226e-07,7.929289765328226e-07
rl2_300_0_BUY_0.05,rl2,300.0,0,BUY,0.05,3.744126938610444,0.1872063469305222,0.1872063469305222,1.0,63057.350000000006,63073.350000000006,63073.350000000006,0.000253737272498765,4.757573859167226e-06,0.0,-6.738022665741458e-05,7.9292897650995e-07,7.9292897650995e-07
twap_300_0_SELL_0.05,twap,300.0,0,SELL,0.05,3.744126938610444,0.1872063469305222,0.1872063469305222,1.0,63057.350000000006,63073.25,63073.350000000006,-0.00025215141454555537,1.5858579532095902e-06,1.5858579532095902e-06,1.913601930092391e-05,7.929289765737528e-07,7.929289765737528e-07
pov_300_0_SELL_0.05,pov,300.0,0,SELL,0.05,3.744126938610444,0.1872063469305222,0.1872063469305222,1.0,63057.350000000006,63073.350000000006,63073.350000000006,-0.000253737272498765,4.757573859397998e-06,-0.0,1.0742245555869151e-05,7.929289766219058e-07,7.929289766219058e-07
frontload_300_0_SELL_0.05,frontload,300.0,0,SELL,0.05,3.744126938610444,0.1872063469305222,0.1872063469305222,1.0,63057.350000000006,63073.350000000006,63073.350000000006,-0.000253737272498765,3.171715906188408e-06,-0.0,-2.3551135146416202e-05,7.929289765629181e-07,7.929289765629181e-07
adaptive_300_0_SELL_0.05,adaptive,300.0,0,SELL,0.05,3.744126938610444,0.1872063469305222,0.1872063469305222,1.0,63057.350000000006,63073.350000000006,63073.350000000006,-0.000253737272498765,1.5858579532095902e-06,-0.0,3.705621489111849e-05,7.92928976564122e-07,7.92928976564122e-07
rl2_300_0_SELL_0.05,rl2,300.0,0,SELL,0.05,3.744126938610444,0.1872063469305222,0.1872063469305222,1.0,63057.350000000006,63073.05,63073.350000000006,-0.000248979698639367,4.757573859397998e-06,4.757573859397998e-06,-3.20118564280759e-06,2.1046766001892553e-06,2.1046766001892553e-06
twap_300_0_BUY_0.1,twap,300.0,0,BUY,0.1,3.744126938610444,0.3744126938610444,0.3744126938610444,1.0,63057.350000000006,63073.45,63073.350000000006,0.0002553231304517438,3.171715906188408e-06,1.5858579529788176e-06,-1.7550161347829706e-05,7.92928976511154e-07,7.92928976511154e-07
pov_300_0_BUY_0.1,pov,300.0,0,BUY,0.1,3.744126938610444,0.3744126938610444,0.3744126938610444,1.0,63057.350000000006,63073.350000000006,63073.350000000006,0.000253737272498765,1.1101005672005586e-05,0.0,7.929289764894088e-07,7.92928976544861e-07,7.92928976544861e-07
frontload_300_0_BUY_0.1,frontload,300.0,0,BUY,0.1,3.744126938610444,0.3744126938610444,0.3744126938610444,1.0,63057.350000000006,63073.45,63073.350000000006,0.0002553231304517438,3.1717159064191805e-06,1.5858579529788176e-06,2.5136993100202725e-05,7.929289765328226e-07,7.929289765328226e-07
adaptive_300_0_BUY_0.1,adaptive,300.0,0,BUY,0.1,3.744126938610444,0.3744126938610444,0.3744126938610444,1.0,63057.350000000006,63073.45,63073.350000000006,0.0002553231304517438,3.1717159064191805e-06,1.5858579529788176e-06,-4.403295808499187e-05,7.929289765388416e-07,7.929289765388416e-07
rl2_300_0_BUY_0.1,rl2,300.0,0,BUY,0.1,3.744126938610444,0.3744126938610444,0.3744126938610444,1.0,63057.350000000006,63073.75,63073.350000000006,0.0002600807043111418,6.343431812376816e-06,6.343431812376816e-06,-3.657590684457761e-06,7.929289765219883e-07,7.929289765219883e-07
twap_300_0_SELL_0.1,twap,300.0,0,SELL,0.1,3.744126938610444,0.3744126938610444,0.3744126938610444,1.0,63057.350000000006,63073.25,63073.350000000006,-0.00025215141454555537,3.1717159064191805e-06,1.5858579532095902e-06,1.9142053195762307e-05,7.989628713629947e-07,7.989628713629947e-07
pov_300_0_SELL_0.1,pov,300.0,0,SELL,0.1,3.744126938610444,0.3744126938610444,0.3744126938610444,1.0,63057.350000000006,63073.350000000006,63073.350000000006,-0.000253737272498765,7.929289765586406e-06,-0.0,4.2543178909218145e-06,7.929289766219058e-07,7.929289766219058e-07
frontload_300_0_SELL_0.1,frontload,300.0,0,SELL,0.1,3.744126938610444,0.3744126938610444,0.3744126938610444,1.0,63057.350000000006,63073.25,63073.350000000006,-0.00025215141454555537,3.171715906188408e-06,1.5858579532095902e-06,-2.3551135146416202e-05,7.929289765629181e-07,7.929289765629181e-07
adaptive_300_0_SELL_0.1,adaptive,300.0,0,SELL,0.1,3.744126938610444,0.3744126938610444,0.3744126938610444,1.0,63057.350000000006,63073.350000000006,63073.350000000006,-0.000253737272498765,3.1717159064191805e-06,-0.0,3.7059879046358117e-05,7.929289765424534e-07,7.929289765424534e-07
rl2_300_0_SELL_0.1,rl2,300.0,0,SELL,0.1,3.744126938610444,0.3744126938610444,0.3744126938610444,1.0,63057.350000000006,63072.95,63073.350000000006,-0.0002473938406861574,6.3434318126075885e-06,6.3434318126075885e-06,-5.122177280965104e-06,2.8845552488926763e-06,2.8845552488926763e-06
twap_300_0_BUY_0.2,twap,300.0,0,BUY,0.2,3.744126938610444,0.7488253877220888,0.7488253877220888,1.0,63057.350000000006,63073.55,63073.350000000006,0.0002569089884049534,3.1717159064191805e-06,3.171715906188408e-06,-1.7550161347829706e-05,7.92928976511154e-07,7.92928976511154e-07
pov_300_0_BUY_0.2,pov,300.0,0,BUY,0.2,3.744126938610444,0.7488253877220888,0.7488253877220888,1.0,63057.350000000006,63073.350000000006,63073.350000000006,0.000253737272498765,1.4272721578193994e-05,0.0,-1.6954221486257346e-06,7.929289764678161e-07,7.929289764678161e-07
frontload_300_0_BUY_0.2,frontload,300.0,0,BUY,0.2,3.744126938610444,0.7488253877220888,0.7488253877220888,1.0,63057.350000000006,63073.45,63073.350000000006,0.0002553231304517438,4.757573859397998e-06,1.5858579529788176e-06,2.5159289041476515e-05,8.152249179186906e-07,8.152249179186906e-07
adaptive_300_0_BUY_0.2,adaptive,300.0,0,BUY,0.2,3.744126938610444,0.7488253877220888,0.7488253877220888,1.0,63057.350000000006,63073.45,63073.350000000006,0.0002553231304517438,4.757573859397998e-06,1.5858579529788176e-06,-4.668148087097961e-05,7.929289765460646e-07,7.929289765460646e-07
rl2_300_0_BUY_0.2,rl2,300.0,0,BUY,0.2,3.744126938610444,0.7488253877220888,0.7488253877220888,1.0,63057.350000000006,63074.05,63073.350000000006,0.0002648382781705398,1.1101005671774813e-05,1.1101005671774813e-05,1.7768782134020168e-05,9.440340446510845e-07,9.440340446510845e-07
twap_300_0_SELL_0.2,twap,300.0,0,SELL,0.2,3.744126938610444,0.7488253877220888,0.7488253877220888,1.0,63057.350000000006,63073.15000000001,63073.350000000006,-0.00025056555659257656,3.1717159064191805e-06,3.171715906188408e-06,1.933752492625868e-05,9.944346020321296e-07,9.944346020321296e-07
pov_300_0_SELL_0.2,pov,300.0,0,SELL,0.2,3.744126938610444,0.7488253877220888,0.7488253877220888,1.0,63057.350000000006,63073.350000000006,63073.350000000006,-0.000253737272498765,1.1101005672005586e-05,-0.0,-3.632989641762162e-05,7.929289765833834e-07,7.929289765833834e-07
frontload_300_0_SELL_0.2,frontload,300.0,0,SELL,0.2,3.744126938610444,0.7488253877220888,0.7488253877220888,1.0,63057.350000000006,63073.25,63073.350000000006,-0.00025215141454555537,4.757573859397998e-06,1.5858579532095902e-06,-2.3551135146416202e-05,7.929289765629181e-07,7.929289765629181e-07
adaptive_300_0_SELL_0.2,adaptive,300.0,0,SELL,0.2,3.744126938610444,0.7488253877220888,0.7488253877220888,1.0,63057.350000000006,63073.25,63073.350000000006,-0.00025215141454555537,3.1717159064191805e-06,1.5858579532095902e-06,4.11549515357365e-05,7.929289765773643e-07,7.929289765773643e-07
rl2_300_0_SELL_0.2,rl2,300.0,0,SELL,0.2,3.744126938610444,0.7488253877220888,0.7488253877220888,1.0,63057.350000000006,63072.850000000006,63073.350000000006,-0.0002458079827331786,1.1101005672005586e-05,7.929289765586406e-06,2.570010464355505e-06,3.3526152776672148e-06,3.3526152776672148e-06
twap_300_1_BUY_0.001,twap,300.0,1,BUY,0.001,4.911742951444921,0.004911742951444921,0.004911742951444921,1.0,63004.75,63029.15000000001,63029.15000000001,0.0003872723881930923,1.587181918915967e-06,0.0,8.21631173307481e-05,8.994030873320732e-07,8.994030873320732e-07
pov_300_1_BUY_0.001,pov,300.0,1,BUY,0.001,4.911742951444921,0.004911742951444921,0.004911742951444921,1.0,63004.75,63029.15000000001,63029.15000000001,0.0003872723881930923,1.587181918915967e-06,0.0,7.935909594579834e-07,7.935909593735107e-07,7.935909593735107e-07
frontload_300_1_BUY_0.001,frontload,300.0,1,BUY,0.001,4.911742951444921,0.004911742951444921,0.004911742951444921,1.0,63004.75,63029.15000000001,63029.15000000001,0.0003872723881930923,1.587181918915967e-06,0.0,6.813233651812043e-05,1.0045228353249183e-06,1.0045228353249183e-06
adaptive_300_1_BUY_0.001,adaptive,300.0,1,BUY,0.001,4.911742951444921,0.004911742951444921,0.004911742951444921,1.0,63004.75,63029.15000000001,63029.15000000001,0.0003872723881930923,1.587181918915967e-06,0.0,4.779980370854325e-05,8.238582228764471e-07,8.238582228764471e-07
rl2_300_1_BUY_0.001,rl2,300.0,1,BUY,0.001,4.911742951444921,0.004911742951444921,0.004911742951444921,1.0,63004.75,63029.25,63029.15000000001,0.0003888595701117773,1.587181918915967e-06,1.5871819186850016e-06,0.00016284458436077503,8.212208580781025e-07,8.212208580781025e-07
twap_300_1_SELL_0.001,twap,300.0,1,SELL,0.001,4.911742951444921,0.004911742951444921,0.004911742951444921,1.0,63004.75,63029.15000000001,63029.15000000001,-0.0003872723881930923,1.587181918915967e-06,-0.0,-8.036431115617682e-05,8.994030873263335e-07,8.994030873263335e-07
pov_300_1_SELL_0.001,pov,300.0,1,SELL,0.001,4.911742951444921,0.004911742951444921,0.004911742951444921,1.0,63004.75,63029.15000000001,63029.15000000001,-0.0003872723881930923,1.587181918915967e-06,-0.0,7.935909593425008e-07,7.935909593735107e-07,7.935909593735107e-07
frontload_300_1_SELL_0.001,frontload,300.0,1,SELL,0.001,4.911742951444921,0.004911742951444921,0.004911742951444921,1.0,63004.75,63029.15000000001,63029.15000000001,-0.0003872723881930923,1.587181918915967e-06,-0.0,-6.612329084768277e-05,1.0045228353076979e-06,1.0045228353076979e-06
adaptive_300_1_SELL_0.001,adaptive,300.0,1,SELL,0.001,4.911742951444921,0.004911742951444921,0.004911742951444921,1.0,63004.75,63029.15000000001,63029.15000000001,-0.0003872723881930923,1.587181918915967e-06,-0.0,-5.894920063510588e-05,8.66172072598393e-07,8.66172072598393e-07
rl2_300_1_SELL_0.001,rl2,300.0,1,SELL,0.001,4.911742951444921,0.004911742951444921,0.004911742951444921,1.0,63004.75,63029.15000000001,63029.15000000001,-0.0003872723881930923,1.587181918915967e-06,-0.0,-0.00014963317717237072,8.214550098156101e-07,8.214550098156101e-07
twap_300_1_BUY_0.0025,twap,300.0,1,BUY,0.0025,4.911742951444921,0.012279357378612304,0.012279357378612304,1.0,63004.75,63029.15000000001,63029.15000000001,0.0003872723881930923,1.587181918915967e-06,0.0,8.216311733097906e-05,8.994030873251845e-07,8.994030873251845e-07
pov_300_1_BUY_0.0025,pov,300.0,1,BUY,0.0025,4.911742951444921,0.012279357378612304,0.012279357378612304,1.0,63004.75,63029.15000000001,63029.15000000001,0.0003872723881930923,1.587181918915967e-06,0.0,7.935909594579834e-07,7.935909594469842e-07,7.935909594469842e-07
frontload_300_1_BUY_0.0025,frontload,300.0,1,BUY,0.0025,4.911742951444921,0.012279357378612304,0.012279357378612304,1.0,63004.75,63029.15000000001,63029.15000000001,0.0003872723881930923,1.587181918915967e-06,0.0,6.813233651858237e-05,1.0045228353461561e-06,1.0045228353461561e-06
adaptive_300_1_BUY_0.0025,adaptive,300.0,1,BUY,0.0025,4.911742951444921,0.012279357378612304,0.012279357378612304,1.0,63004.75,63029.15000000001,63029.15000000001,0.0003872723881930923,1.587181918915967e-06,0.0,4.780069233000978e-05,8.238573565522209e-07,8.238573565522209e-07
rl2_300_1_BUY_0.0025,rl2,300.0,1,BUY,0.0025,4.911742951444921,0.012279357378612304,0.012279357378612304,1.0,63004.75,63029.25,63029.15000000001,0.0003888595701117773,1.587181918915967e-06,1.5871819186850016e-06,0.00016284458436100602,8.212208580806855e-07,8.212208580806855e-07
twap_300_1_SELL_0.0025,twap,300.0,1,SELL,0.0025,4.911742951444921,0.012279357378612304,0.012279357378612304,1.0,63004.75,63029.15000000001,63029.15000000001,-0.0003872723881930923,1.587181918915967e-06,-0.0,-8.036431115663876e-05,8.994030873114082e-07,8.994030873114082e-07
pov_300_1_SELL_0.0025,pov,300.0,1,SELL,0.0025,4.911742951444921,0.012279357378612304,0.012279357378612304,1.0,63004.75,63029.15000000001,63029.15000000001,-0.0003872723881930923,3.174363837831934e-06,-0.0,7.935909593425008e-07,7.935909594469842e-07,7.935909594469842e-07
frontload_300_1_SELL_0.0025,frontload,300.0,1,SELL,0.0025,4.911742951444921,0.012279357378612304,0.012279357378612304,1.0,63004.75,63029.15000000001,63029.15000000001,-0.0003872723881930923,1.587181918915967e-06,-0.0,-6.612329084779826e-05,1.0045228353036795e-06,1.0045228353036795e-06
adaptive_300_1_SELL_0.0025,adaptive,300.0,1,SELL,0.0025,4.911742951444921,0.012279357378612304,0.012279357378612304,1.0,63004.75,63029.15000000001,63029.15000000001,-0.0003872723881930923,1.587181918915967e-06,-0.0,-5.895020613463335e-05,8.661715172525701e-07,8.661715172525701e-07
rl2_300_1_SELL_0.0025,rl2,300.0,1,SELL,0.0025,4.911742951444921,0.012279357378612304,0.012279357378612304,1.0,63004.75,63029.15000000001,63029.15000000001,-0.0003872723881930923,1.587181918915967e-06,-0.0,-0.00014963317717248622,8.214550098216372e-07,8.214550098216372e-07
twap_300_1_BUY_0.005,twap,300.0,1,BUY,0.005,4.911742951444921,0.024558714757224608,0.024558714757224608,1.0,63004.75,63029.15000000001,63029.15000000001,0.0003872723881930923,1.587181918915967e-06,0.0,8.216311733097906e-05,8.994030873251845e-07,8.994030873251845e-07
pov_300_1_BUY_0.005,pov,300.0,1,BUY,0.005,4.911742951444921,0.024558714757224608,0.024558714757224608,1.0,63004.75,63029.15000000001,63029.15000000001,0.0003872723881930923,3.1743638376009687e-06,0.0,7.935909594579834e-07,7.935909594469842e-07,7.935909594469842e-07
frontload_300_1_BUY_0.005,frontload,300.0,1,BUY,0.005,4.911742951444921,0.024558714757224608,0.024558714757224608,1.0,63004.75,63029.15000000001,63029.15000000001,0.0003872723881930923,1.587181918915967e-06,0.0,6.813233651858237e-05,1.0045228353461561e-06,1.0045228353461561e-06
adaptive_300_1_BUY_0.005,adaptive,300.0,1,BUY,0.005,4.911742951444921,0.024558714757224608,0.024558714757224608,1.0,63004.75,63029.15000000001,63029.15000000001,0.0003872723881930923,1.587181918915967e-06,0.0,4.7801711962885496e-05,8.238563803189662e-07,8.238563803189662e-07
rl2_300_1_BUY_0.005,rl2,300.0,1,BUY,0.005,4.911742951444921,0.024558714757224608,0.024558714757224608,1.0,63004.75,63029.25,63029.15000000001,0.0003888595701117773,1.587181918915967e-06,1.5871819186850016e-06,0.00016284458436100602,8.212208580806855e-07,8.212208580806855e-07
twap_300_1_SELL_0.005,twap,300.0,1,SELL,0.005,4.911742951444921,0.024558714757224608,0.024558714757224608,1.0,63004.75,63029.15000000001,63029.15000000001,-0.0003872723881930923,1.587181918915967e-06,-0.0,-8.036431115663876e-05,8.994030873114082e-07,8.994030873114082e-07
pov_300_1_SELL_0.005,pov,300.0,1,SELL,0.005,4.911742951444921,0.024558714757224608,0.024558714757224608,1.0,63004.75,63029.15000000001,63029.15000000001,-0.0003872723881930923,3.174363837831934e-06,-0.0,7.935909593425008e-07,7.935909594469842e-07,7.935909594469842e-07
frontload_300_1_SELL_0.005,frontload,300.0,1,SELL,0.005,4.911742951444921,0.024558714757224608,0.024558714757224608,1.0,63004.75,63029.15000000001,63029.15000000001,-0.0003872723881930923,1.587181918915967e-06,-0.0,-6.612329084779826e-05,1.0045228353036795e-06,1.0045228353036795e-06
adaptive_300_1_SELL_0.005,adaptive,300.0,1,SELL,0.005,4.911742951444921,0.024558714757224608,0.024558714757224608,1.0,63004.75,63029.15000000001,63029.15000000001,-0.0003872723881930923,1.587181918915967e-06,-0.0,-5.895131196944282e-05,8.661708913735361e-07,8.661708913735361e-07
rl2_300_1_SELL_0.005,rl2,300.0,1,SELL,0.005,4.911742951444921,0.024558714757224608,0.024558714757224608,1.0,63004.75,63029.15000000001,63029.15000000001,-0.0003872723881930923,1.587181918915967e-06,-0.0,-0.00014963317717248622,8.214550098216372e-07,8.214550098216372e-07
twap_300_1_BUY_0.01,twap,300.0,1,BUY,0.01,4.911742951444921,0.049117429514449217,0.049117429514449217,1.0,63004.75,63029.25,63029.15000000001,0.0003888595701117773,1.587181918915967e-06,1.5871819186850016e-06,8.216311733097906e-05,8.994030873251845e-07,8.994030873251845e-07
pov_300_1_BUY_0.01,pov,300.0,1,BUY,0.01,4.911742951444921,0.049117429514449217,0.049117429514449217,1.0,63004.75,63029.15000000001,63029.15000000001,0.0003872723881930923,3.1743638376009687e-06,0.0,7.935909594579834e-07,7.935909594469842e-07,7.935909594469842e-07
frontload_300_1_BUY_0.01,frontload,300.0,1,BUY,0.01,4.911742951444921,0.049117429514449217,0.049117429514449217,1.0,63004.75,63029.15000000001,63029.15000000001,0.0003872723881930923,1.587181918915967e-06,0.0,6.813233651858237e-05,1.0045228353461561e-06,1.0045228353461561e-06
adaptive_300_1_BUY_0.01,adaptive,300.0,1,BUY,0.01,4.911742951444921,0.049117429514449217,0.049117429514449217,1.0,63004.75,63029.15000000001,63029.15000000001,0.0003872723881930923,1.587181918915967e-06,0.0,4.7803181397811576e-05,8.238549998592772e-07,8.238549998592772e-07
rl2_300_1_BUY_0.01,rl2,300.0,1,BUY,0.01,4.911742951444921,0.049117429514449217,0.049117429514449217,1.0,63004.75,63029.25,63029.15000000001,0.0003888595701117773,1.587181918915967e-06,1.5871819186850016e-06,0.00016284458436100602,8.212208580806855e-07,8.212208580806855e-07
twap_300_1_SELL_0.01,twap,300.0,1,SELL,0.01,4.911742951444921,0.049117429514449217,0.049117429514449217,1.0,63004.75,63029.15000000001,63029.15000000001,-0.0003872723881930923,1.587181918915967e-06,-0.0,-8.036431115663876e-05,8.994030873114082e-07,8.994030873114082e-07
pov_300_1_SELL_0.01,pov,300.0,1,SELL,0.01,4.911742951444921,0.049117429514449217,0.049117429514449217,1.0,63004.75,63029.15000000001,63029.15000000001,-0.0003872723881930923,4.761545756516935e-06,-0.0,7.935909593425008e-07,7.935909594469842e-07,7.935909594469842e-07
frontload_300_1_SELL_0.01,frontload,300.0,1,SELL,0.01,4.911742951444921,0.049117429514449217,0.049117429514449217,1.0,63004.75,63029.15000000001,63029.15000000001,-0.0003872723881930923,1.587181918915967e-06,-0.0,-6.612329084779826e-05,1.0045228353036795e-06,1.0045228353036795e-06
adaptive_300_1_SELL_0.01,adaptive,300.0,1,SELL,0.01,4.911742951444921,0.049117429514449217,0.049117429514449217,1.0,63004.75,63029.15000000001,63029.15000000001,-0.0003872723881930923,1.587181918915967e-06,-0.0,-5.895280840652999e-05,8.661700061981677e-07,8.661700061981677e-07
rl2_300_1_SELL_0.01,rl2,300.0,1,SELL,0.01,4.911742951444921,0.049117429514449217,0.049117429514449217,1.0,63004.75,63029.05,63029.15000000001,-0.0003856852062741763,1.587181918915967e-06,1.587181918915967e-06,-0.00014963317717248622,8.214550098216372e-07,8.214550098216372e-07
twap_300_1_BUY_0.02,twap,300.0,1,BUY,0.02,4.911742951444921,0.09823485902889843,0.09823485902889843,1.0,63004.75,63029.25,63029.15000000001,0.0003888595701117773,1.587181918915967e-06,1.5871819186850016e-06,8.216311733097906e-05,8.994030873251845e-07,8.994030873251845e-07
pov_300_1_BUY_0.02,pov,300.0,1,BUY,0.02,4.911742951444921,0.09823485902889843,0.09823485902889843,1.0,63004.75,63029.15000000001,63029.15000000001,0.0003872723881930923,4.761545756516935e-06,0.0,7.935909594579834e-07,7.935909594469842e-07,7.935909594469842e-07
frontload_300_1_BUY_0.02,frontload,300.0,1,BUY,0.02,4.911742951444921,0.09823485902889843,0.09823485902889843,1.0,63004.75,63029.15000000001,63029.15000000001,0.0003872723881930923,1.587181918915967e-06,0.0,6.813233651858237e-05,1.0045228353461561e-06,1.0045228353461561e-06
adaptive_300_1_BUY_0.02,adaptive,300.0,1,BUY,0.02,4.911742951444921,0.09823485902889843,0.09823485902889843,1.0,63004.75,63029.15000000001,63029.15000000001,0.0003872723881930923,1.587181918915967e-06,0.0,4.780530410696189e-05,8.238530478531262e-07,8.238530478531262e-07
rl2_300_1_BUY_0.02,rl2,300.0,1,BUY,0.02,4.911742951444921,0.09823485902889843,0.09823485902889843,1.0,63004.75,63029.350000000006,63029.15000000001,0.0003904467520306933,3.1743638376009687e-06,3.1743638376009687e-06,0.00016284458436100602,8.212208580806855e-07,8.212208580806855e-07
twap_300_1_SELL_0.02,twap,300.0,1,SELL,0.02,4.911742951444921,0.09823485902889843,0.09823485902889843,1.0,63004.75,63029.05,63029.15000000001,-0.0003856852062741763,1.587181918915967e-06,1.587181918915967e-06,-8.036431115663876e-05,8.994030873114082e-07,8.994030873114082e-07
pov_300_1_SELL_0.02,pov,300.0,1,SELL,0.02,4.911742951444921,0.09823485902889843,0.09823485902889843,1.0,63004.75,63029.15000000001,63029.15000000001,-0.0003872723881930923,6.348727675432902e-06,-0.0,7.935909593425008e-07,7.935909594469842e-07,7.935909594469842e-07
frontload_300_1_SELL_0.02,frontload,300.0,1,SELL,0.02,4.911742951444921,0.09823485902889843,0.09823485902889843,1.0,63004.75,63029.15000000001,63029.15000000001,-0.0003872723881930923,1.587181918915967e-06,-0.0,-6.612329084779826e-05,1.0045228353036795e-06,1.0045228353036795e-06
adaptive_300_1_SELL_0.02,adaptive,300.0,1,SELL,0.02,4.911742951444921,0.09823485902889843,0.09823485902889843,1.0,63004.75,63029.15000000001,63029.15000000001,-0.0003872723881930923,1.587181918915967e-06,-0.0,-5.895468045508771e-05,8.661687543057809e-07,8.661687543057809e-07
rl2_300_1_SELL_0.02,rl2,300.0,1,SELL,0.02,4.911742951444921,0.09823485902889843,0.09823485902889843,1.0,63004.75,63029.05,63029.15000000001,-0.0003856852062741763,1.587181918915967e-06,1.587181918915967e-06,-0.00015664611026284663,8.214550098193411e-07,8.214550098193411e-07
twap_300_1_BUY_0.05,twap,300.0,1,BUY,0.05,4.911742951444921,0.2455871475722461,0.2455871475722461,1.0,63004.75,63029.25,63029.15000000001,0.0003888595701117773,1.587181918915967e-06,1.5871819186850016e-06,8.216311733097906e-05,8.994030873169192e-07,8.994030873169192e-07
pov_300_1_BUY_0.05,pov,300.0,1,BUY,0.05,4.911742951444921,0.2455871475722461,0.2455871475722461,1.0,63004.75,63029.15000000001,63029.15000000001,0.0003872723881930923,7.935909594117904e-06,0.0,7.935909594579834e-07,7.935909594469842e-07,7.935909594469842e-07
frontload_300_1_BUY_0.05,frontload,300.0,1,BUY,0.05,4.911742951444921,0.2455871475722461,0.2455871475722461,1.0,63004.75,63029.25,63029.15000000001,0.0003888595701117773,3.1743638376009687e-06,1.5871819186850016e-06,6.813233651835141e-05,1.0045228353298545e-06,1.0045228353298545e-06
adaptive_300_1_BUY_0.05,adaptive,300.0,1,BUY,0.05,4.911742951444921,0.2455871475722461,0.2455871475722461,1.0,63004.75,63029.25,63029.15000000001,0.0003888595701117773,3.1743638376009687e-06,1.5871819186850016e-06,4.78096324137671e-05,8.23849175726525e-07,8.23849175726525e-07
rl2_300_1_BUY_0.05,rl2,300.0,1,BUY,0.05,4.911742951444921,0.2455871475722461,0.2455871475722461,1.0,63004.75,63029.45,63029.15000000001,0.00039203393394937825,4.761545756516935e-06,4.76154575628597e-06,0.00014144312600428423,9.429400004676052e-07,9.429400004676052e-07
twap_300_1_SELL_0.05,twap,300.0,1,SELL,0.05,4.911742951444921,0.2455871475722461,0.2455871475722461,1.0,63004.75,63029.05,63029.15000000001,-0.0003856852062741763,1.587181918915967e-06,1.587181918915967e-06,-8.03643111564078e-05,8.994030873095718e-07,8.994030873095718e-07
pov_300_1_SELL_0.05,pov,300.0,1,SELL,0.05,4.911742951444921,0.2455871475722461,0.2455871475722461,1.0,63004.75,63029.15000000001,63029.15000000001,-0.0003872723881930923,9.52309151303387e-06,-0.0,7.935909593425008e-07,7.935909593294264e-07,7.935909593294264e-07
frontload_300_1_SELL_0.05,frontload,300.0,1,SELL,0.05,4.911742951444921,0.2455871475722461,0.2455871475722461,1.0,63004.75,63029.15000000001,63029.15000000001,-0.0003872723881930923,3.174363837831934e-06,-0.0,-6.612329084791375e-05,1.0045228353059754e-06,1.0045228353059754e-06
adaptive_300_1_SELL_0.05,adaptive,300.0,1,SELL,0.05,4.911742951444921,0.2455871475722461,0.2455871475722461,1.0,63004.75,63029.15000000001,63029.15000000001,-0.0003872723881930923,3.174363837831934e-06,-0.0,-6.040226395528099e-05,8.661662699577562e-07,8.661662699577562e-07
rl2_300_1_SELL_0.05,rl2,300.0,1,SELL,0.05,4.911742951444921,0.2455871475722461,0.2455871475722461,1.0,63004.75,63029.05,63029.15000000001,-0.0003856852062741763,4.761545756516935e-06,1.587181918915967e-06,-0.00010358445780262222,1.7004825233170765e-06,1.7004825233170765e-06
twap_300_1_BUY_0.1,twap,300.0,1,BUY,0.1,4.911742951444921,0.4911742951444922,0.4911742951444922,1.0,63004.75,63029.25,63029.15000000001,0.0003888595701117773,3.1743638376009687e-06,1.5871819186850016e-06,8.221602339495062e-05,9.523091512776025e-07,9.523091512776025e-07
pov_300_1_BUY_0.1,pov,300.0,1,BUY,0.1,4.911742951444921,0.4911742951444922,0.4911742951444922,1.0,63004.75,63029.15000000001,63029.15000000001,0.0003872723881930923,7.935909594117904e-06,0.0,6.817830033779138e-05,1.985510022196816e-06,1.985510022196816e-06
frontload_300_1_BUY_0.1,frontload,300.0,1,BUY,0.1,4.911742951444921,0.4911742951444922,0.4911742951444922,1.0,63004.75,63029.25,63029.15000000001,0.0003888595701117773,4.761545756516935e-06,1.5871819186850016e-06,6.83024817758615e-05,1.174668092763425e-06,1.174668092763425e-06
adaptive_300_1_BUY_0.1,adaptive,300.0,1,BUY,0.1,4.911742951444921,0.4911742951444922,0.4911742951444922,1.0,63004.75,63029.25,63029.15000000001,0.0003888595701117773,3.1743638376009687e-06,1.5871819186850016e-06,5.6735062273331936e-05,9.051411271607763e-07,9.051411271607763e-07
rl2_300_1_BUY_0.1,rl2,300.0,1,BUY,0.1,4.911742951444921,0.4911742951444922,0.4911742951444922,1.0,63004.75,63029.55,63029.15000000001,0.0003936211158682942,6.348727675201937e-06,6.348727675201937e-06,0.00017452700111979022,8.212208581114524e-07,8.212208581114524e-07
twap_300_1_SELL_0.1,twap,300.0,1,SELL,0.1,4.911742951444921,0.4911742951444922,0.4911742951444922,1.0,63004.75,63029.05,63029.15000000001,-0.0003856852062741763,3.174363837831934e-06,1.587181918915967e-06,-8.03643111564078e-05,8.994030873095718e-07,8.994030873095718e-07
pov_300_1_SELL_0.1,pov,300.0,1,SELL,0.1,4.911742951444921,0.4911742951444922,0.4911742951444922,1.0,63004.75,63029.15000000001,63029.15000000001,-0.0003872723881930923,1.2697455350634838e-05,-0.0,7.935909593425008e-07,7.935909593294264e-07,7.935909593294264e-07
frontload_300_1_SELL_0.1,frontload,300.0,1,SELL,0.1,4.911742951444921,0.4911742951444922,0.4911742951444922,1.0,63004.75,63029.05,63029.15000000001,-0.0003856852062741763,4.761545756516935e-06,1.587181918915967e-06,-6.603141327135458e-05,1.0964004120556556e-06,1.0964004120556556e-06
adaptive_300_1_SELL_0.1,adaptive,300.0,1,SELL,0.1,4.911742951444921,0.4911742951444922,0.4911742951444922,1.0,63004.75,63029.15000000001,63029.15000000001,-0.0003872723881930923,3.174363837831934e-06,-0.0,-6.330488373609413e-05,8.661634696083179e-07,8.661634696083179e-07
rl2_300_1_SELL_0.1,rl2,300.0,1,SELL,0.1,4.911742951444921,0.4911742951444922,0.4911742951444922,1.0,63004.75,63028.850000000006,63029.15000000001,-0.00038251084243657533,4.761545756516935e-06,4.761545756516935e-06,-0.0001506020814708605,1.2522491298369446e-06,1.2522491298369446e-06
twap_300_1_BUY_0.2,twap,300.0,1,BUY,0.2,4.911742951444921,0.9823485902889844,0.9823485902889844,1.0,63004.75,63029.350000000006,63029.15000000001,0.0003904467520306933,4.761545756516935e-06,3.1743638376009687e-06,8.248304044489426e-05,1.2193262013672404e-06,1.2193262013672404e-06
pov_300_1_BUY_0.2,pov,300.0,1,BUY,0.2,4.911742951444921,0.9823485902889844,0.9823485902889844,1.0,63004.75,63029.15000000001,63029.15000000001,0.0003872723881930923,1.4284637269319841e-05,0.0,0.00011384504158980372,2.9767324096277e-06,2.9767324096277e-06
frontload_300_1_BUY_0.2,frontload,300.0,1,BUY,0.2,4.911742951444921,0.9823485902889844,0.9823485902889844,1.0,63004.75,63029.25,63029.15000000001,0.0003888595701117773,6.348727675432902e-06,1.5871819186850016e-06,6.856065823996488e-05,1.432844556861436e-06,1.432844556861436e-06
adaptive_300_1_BUY_0.2,adaptive,300.0,1,BUY,0.2,4.911742951444921,0.9823485902889844,0.9823485902889844,1.0,63004.75,63029.25,63029.15000000001,0.0003888595701117773,4.76154575628597e-06,1.5871819186850016e-06,6.865475036235469e-05,9.489554774091924e-07,9.489554774091924e-07
rl2_300_1_BUY_0.2,rl2,300.0,1,BUY,0.2,4.911742951444921,0.9823485902889844,0.9823485902889844,1.0,63004.75,63029.75,63029.15000000001,0.0003967954797058952,9.523091512802905e-06,9.523091512802905e-06,0.00018338449450816427,8.834103453615952e-07,8.834103453615952e-07
twap_300_1_SELL_0.2,twap,300.0,1,SELL,0.2,4.911742951444921,0.9823485902889844,0.9823485902889844,1.0,63004.75,63028.95,63029.15000000001,-0.00038409802435526036,4.76154575628597e-06,3.174363837831934e-06,-8.020574328564634e-05,1.057970958068181e-06,1.057970958068181e-06
pov_300_1_SELL_0.2,pov,300.0,1,SELL,0.2,4.911742951444921,0.9823485902889844,0.9823485902889844,1.0,63004.75,63029.15000000001,63029.15000000001,-0.0003872723881930923,1.4284637269550807e-05,-0.0,-4.0267690299715846e-05,7.935909593882053e-07,7.935909593882053e-07
frontload_300_1_SELL_0.2,frontload,300.0,1,SELL,0.2,4.911742951444921,0.9823485902889844,0.9823485902889844,1.0,63004.75,63029.05,63029.15000000001,-0.0003856852062741763,4.761545756516935e-06,1.587181918915967e-06,-6.603113616684418e-05,1.096677516542118e-06,1.096677516542118e-06
adaptive_300_1_SELL_0.2,adaptive,300.0,1,SELL,0.2,4.911742951444921,0.9823485902889844,0.9823485902889844,1.0,63004.75,63029.15000000001,63029.15000000001,-0.0003872723881930923,4.761545756516935e-06,-0.0,-6.884587703212087e-05,8.907414026648748e-07,8.907414026648748e-07
rl2_300_1_SELL_0.2,rl2,300.0,1,SELL,0.2,4.911742951444921,0.9823485902889844,0.9823485902889844,1.0,63004.75,63028.45,63029.15000000001,-0.00037616211476114246,1.1110273431949837e-05,1.1110273431949837e-05,-0.00014720716340089137,2.1125483057754014e-06,2.1125483057754014e-06
twap_300_2_BUY_0.001,twap,300.0,2,BUY,0.001,4.002363041637925,0.004002363041637925,0.004002363041637925,1.0,63018.55,63025.05,63025.05,0.00010314423292824096,1.5868343528345346e-06,0.0,-8.399643173885647e-05,1.2165730037548928e-06,1.2165730037548928e-06
pov_300_2_BUY_0.001,pov,300.0,2,BUY,0.001,4.002363041637925,0.004002363041637925,0.004002363041637925,1.0,63018.55,63025.05,63025.05,0.00010314423292824096,1.5868343528345346e-06,0.0,7.9341717630181e-07,7.934171763058502e-07,7.934171763058502e-07
frontload_300_2_BUY_0.001,frontload,300.0,2,BUY,0.001,4.002363041637925,0.004002363041637925,0.004002363041637925,1.0,63018.55,63025.05,63025.05,0.00010314423292824096,1.5868343528345346e-06,0.0,-6.777009578023895e-05,1.0628221679324597e-06,1.0628221679324597e-06
adaptive_300_2_BUY_0.001,adaptive,300.0,2,BUY,0.001,4.002363041637925,0.004002363041637925,0.004002363041637925,1.0,63018.55,63025.05,63025.05,0.00010314423292824096,1.5868343528345346e-06,0.0,-7.999153472801865e-05,1.1103849190460892e-06,1.1103849190460892e-06
rl2_300_2_BUY_0.001,rl2,300.0,2,BUY,0.001,4.002363041637925,0.004002363041637925,0.004002363041637925,1.0,63018.55,63025.15000000001,63025.05,0.0001047310672810755,1.5868343528345346e-06,1.5868343528345346e-06,-5.6699452194031094e-05,1.9426757266862545e-06,1.9426757266862545e-06
twap_300_2_SELL_0.001,twap,300.0,2,SELL,0.001,4.002363041637925,0.004002363041637925,0.004002363041637925,1.0,63018.55,63025.05,63025.05,-0.00010314423292824096,1.5868343528345346e-06,-0.0,8.642957774631286e-05,1.2165730037689786e-06,1.2165730037689786e-06
pov_300_2_SELL_0.001,pov,300.0,2,SELL,0.001,4.002363041637925,0.004002363041637925,0.004002363041637925,1.0,63018.55,63025.05,63025.05,-0.00010314423292824096,1.5868343528345346e-06,-0.0,7.934171764172673e-07,7.93417176418535e-07,7.93417176418535e-07
frontload_300_2_SELL_0.001,frontload,300.0,2,SELL,0.001,4.002363041637925,0.004002363041637925,0.004002363041637925,1.0,63018.55,63025.05,63025.05,-0.00010314423292824096,1.5868343528345346e-06,-0.0,6.989574011600006e-05,1.0628221679905625e-06,1.0628221679905625e-06
adaptive_300_2_SELL_0.001,adaptive,300.0,2,SELL,0.001,4.002363041637925,0.004002363041637925,0.004002363041637925,1.0,63018.55,63025.05,63025.05,-0.00010314423292824096,1.5868343528345346e-06,-0.0,9.499848734456091e-05,1.1741685087692237e-06,1.1741685087692237e-06
rl2_300_2_SELL_0.001,rl2,300.0,2,SELL,0.001,4.002363041637925,0.004002363041637925,0.004002363041637925,1.0,63018.55,63025.05,63025.05,-0.00010314423292824096,1.5868343528345346e-06,-0.0,6.488635849844423e-05,1.6282909112994845e-06,1.6282909112994845e-06
twap_300_2_BUY_0.0025,twap,300.0,2,BUY,0.0025,4.002363041637925,0.010005907604094812,0.010005907604094812,1.0,63018.55,63025.05,63025.05,0.00010314423292824096,1.5868343528345346e-06,0.0,-8.399643173839464e-05,1.2165730037422161e-06,1.2165730037422161e-06
pov_300_2_BUY_0.0025,pov,300.0,2,BUY,0.0025,4.002363041637925,0.010005907604094812,0.010005907604094812,1.0,63018.55,63025.05,63025.05,0.00010314423292824096,1.5868343528345346e-06,0.0,7.9341717630181e-07,7.934171762157024e-07,7.934171762157024e-07
frontload_300_2_BUY_0.0025,frontload,300.0,2,BUY,0.0025,4.002363041637925,0.010005907604094812,0.010005907604094812,1.0,63018.55,63025.05,63025.05,0.00010314423292824096,1.5868343528345346e-06,0.0,-6.777009577989257e-05,1.062822167950771e-06,1.062822167950771e-06
adaptive_300_2_BUY_0.0025,adaptive,300.0,2,BUY,0.0025,4.002363041637925,0.010005907604094812,0.010005907604094812,1.0,63018.55,63025.05,63025.05,0.00010314423292824096,1.5868343528345346e-06,0.0,-7.999185741296424e-05,1.1103841147999351e-06,1.1103841147999351e-06
rl2_300_2_BUY_0.0025,rl2,300.0,2,BUY,0.0025,4.002363041637925,0.010005907604094812,0.010005907604094812,1.0,63018.55,63025.15000000001,63025.05,0.0001047310672810755,1.5868343528345346e-06,1.5868343528345346e-06,-5.669945219391564e-05,1.9426757267285117e-06,1.9426757267285117e-06
twap_300_2_SELL_0.0025,twap,300.0,2,SELL,0.0025,4.002363041637925,0.010005907604094812,0.010005907604094812,1.0,63018.55,63025.05,63025.05,-0.00010314423292824096,1.5868343528345346e-06,-0.0,8.642957774608196e-05,1.2165730037591185e-06,1.2165730037591185e-06
pov_300_2_SELL_0.0025,pov,300.0,2,SELL,0.0025,4.002363041637925,0.010005907604094812,0.010005907604094812,1.0,63018.55,63025.05,63025.05,-0.00010314423292824096,1.5868343528345346e-06,-0.0,7.9341717630181e-07,7.934171763959981e-07,7.934171763959981e-07
frontload_300_2_SELL_0.0025,frontload,300.0,2,SELL,0.0025,4.002363041637925,0.010005907604094812,0.010005907604094812,1.0,63018.55,63025.05,63025.05,-0.00010314423292824096,1.5868343528345346e-06,-0.0,6.989574011565368e-05,1.0628221679634477e-06,1.0628221679634477e-06
adaptive_300_2_SELL_0.0025,adaptive,300.0,2,SELL,0.0025,4.002363041637925,0.010005907604094812,0.010005907604094812,1.0,63018.55,63025.05,63025.05,-0.00010314423292824096,1.5868343528345346e-06,-0.0,9.499917419021209e-05,1.17417087039043e-06,1.17417087039043e-06
rl2_300_2_SELL_0.0025,rl2,300.0,2,SELL,0.0025,4.002363041637925,0.010005907604094812,0.010005907604094812,1.0,63018.55,63025.05,63025.05,-0.00010314423292824096,1.5868343528345346e-06,-0.0,6.488635849832878e-05,1.6282909113184995e-06,1.6282909113184995e-06
twap_300_2_BUY_0.005,twap,300.0,2,BUY,0.005,4.002363041637925,0.020011815208189624,0.020011815208189624,1.0,63018.55,63025.05,63025.05,0.00010314423292824096,1.5868343528345346e-06,0.0,-8.399643173839464e-05,1.2165730037422161e-06,1.2165730037422161e-06
pov_300_2_BUY_0.005,pov,300.0,2,BUY,0.005,4.002363041637925,0.020011815208189624,0.020011815208189624,1.0,63018.55,63025.05,63025.05,0.00010314423292824096,3.1736687054381546e-06,0.0,7.9341717630181e-07,7.934171762157024e-07,7.934171762157024e-07
frontload_300_2_BUY_0.005,frontload,300.0,2,BUY,0.005,4.002363041637925,0.020011815208189624,0.020011815208189624,1.0,63018.55,63025.05,63025.05,0.00010314423292824096,1.5868343528345346e-06,0.0,-6.777009577989257e-05,1.062822167950771e-06,1.062822167950771e-06
adaptive_300_2_BUY_0.005,adaptive,300.0,2,BUY,0.005,4.002363041637925,0.020011815208189624,0.020011815208189624,1.0,63018.55,63025.05,63025.05,0.00010314423292824096,1.5868343528345346e-06,0.0,-7.999222029567191e-05,1.1103830883062692e-06,1.1103830883062692e-06
rl2_300_2_BUY_0.005,rl2,300.0,2,BUY,0.005,4.002363041637925,0.020011815208189624,0.020011815208189624,1.0,63018.55,63025.15000000001,63025.05,0.0001047310672810755,1.5868343528345346e-06,1.5868343528345346e-06,-5.669945219391564e-05,1.9426757267285117e-06,1.9426757267285117e-06
twap_300_2_SELL_0.005,twap,300.0,2,SELL,0.005,4.002363041637925,0.020011815208189624,0.020011815208189624,1.0,63018.55,63025.05,63025.05,-0.00010314423292824096,1.5868343528345346e-06,-0.0,8.642957774608196e-05,1.2165730037591185e-06,1.2165730037591185e-06
pov_300_2_SELL_0.005,pov,300.0,2,SELL,0.005,4.002363041637925,0.020011815208189624,0.020011815208189624,1.0,63018.55,63025.05,63025.05,-0.00010314423292824096,1.5868343528345346e-06,-0.0,7.9341717630181e-07,7.934171763959981e-07,7.934171763959981e-07
frontload_300_2_SELL_0.005,frontload,300.0,2,SELL,0.005,4.002363041637925,0.020011815208189624,0.020011815208189624,1.0,63018.55,63025.05,63025.05,-0.00010314423292824096,1.5868343528345346e-06,-0.0,6.989574011565368e-05,1.0628221679634477e-06,1.0628221679634477e-06
adaptive_300_2_SELL_0.005,adaptive,300.0,2,SELL,0.005,4.002363041637925,0.020011815208189624,0.020011815208189624,1.0,63018.55,63025.05,63025.05,-0.00010314423292824096,1.5868343528345346e-06,-0.0,9.499994892341775e-05,1.1741736217086623e-06,1.1741736217086623e-06
rl2_300_2_SELL_0.005,rl2,300.0,2,SELL,0.005,4.002363041637925,0.020011815208189624,0.020011815208189624,1.0,63018.55,63024.95,63025.05,-0.00010155739857540643,1.5868343528345346e-06,1.5868343528345346e-06,6.488635849832878e-05,1.6282909113184995e-06,1.6282909113184995e-06
twap_300_2_BUY_0.01,twap,300.0,2,BUY,0.01,4.002363041637925,0.04002363041637925,0.04002363041637925,1.0,63018.55,63025.15000000001,63025.05,0.0001047310672810755,1.5868343528345346e-06,1.5868343528345346e-06,-8.399643173839464e-05,1.2165730037422161e-06,1.2165730037422161e-06
pov_300_2_BUY_0.01,pov,300.0,2,BUY,0.01,4.002363041637925,0.04002363041637925,0.04002363041637925,1.0,63018.55,63025.05,63025.05,0.00010314423292824096,3.1736687054381546e-06,0.0,7.9341717630181e-07,7.934171762157024e-07,7.934171762157024e-07
frontload_300_2_BUY_0.01,frontload,300.0,2,BUY,0.01,4.002363041637925,0.04002363041637925,0.04002363041637925,1.0,63018.55,63025.05,63025.05,0.00010314423292824096,1.5868343528345346e-06,0.0,-6.777009577989257e-05,1.062822167950771e-06,1.062822167950771e-06
adaptive_300_2_BUY_0.01,adaptive,300.0,2,BUY,0.01,4.002363041637925,0.04002363041637925,0.04002363041637925,1.0,63018.55,63025.05,63025.05,0.00010314423292824096,1.5868343528345346e-06,0.0,-7.99927321244228e-05,1.1103814251576109e-06,1.1103814251576109e-06
rl2_300_2_BUY_0.01,rl2,300.0,2,BUY,0.01,4.002363041637925,0.04002363041637925,0.04002363041637925,1.0,63018.55,63025.15000000001,63025.05,0.0001047310672810755,1.5868343528345346e-06,1.5868343528345346e-06,-5.669945219391564e-05,1.9426757267285117e-06,1.9426757267285117e-06
twap_300_2_SELL_0.01,twap,300.0,2,SELL,0.01,4.002363041637925,0.04002363041637925,0.04002363041637925,1.0,63018.55,63025.05,63025.05,-0.00010314423292824096,1.5868343528345346e-06,-0.0,8.642957774608196e-05,1.2165730037591185e-06,1.2165730037591185e-06
pov_300_2_SELL_0.01,pov,300.0,2,SELL,0.01,4.002363041637925,0.04002363041637925,0.04002363041637925,1.0,63018.55,63025.05,63025.05,-0.00010314423292824096,3.1736687054381546e-06,-0.0,7.9341717630181e-07,7.934171763959981e-07,7.934171763959981e-07
frontload_300_2_SELL_0.01,frontload,300.0,2,SELL,0.01,4.002363041637925,0.04002363041637925,0.04002363041637925,1.0,63018.55,63025.05,63025.05,-0.00010314423292824096,1.5868343528345346e-06,-0.0,6.989574011565368e-05,1.0628221679634477e-06,1.0628221679634477e-06
adaptive_300_2_SELL_0.01,adaptive,300.0,2,SELL,0.01,4.002363041637925,0.04002363041637925,0.04002363041637925,1.0,63018.55,63025.05,63025.05,-0.00010314423292824096,1.5868343528345346e-06,-0.0,9.500104581335144e-05,1.1741776792447122e-06,1.1741776792447122e-06
rl2_300_2_SELL_0.01,rl2,300.0,2,SELL,0.01,4.002363041637925,0.04002363041637925,0.04002363041637925,1.0,63018.55,63024.95,63025.05,-0.00010155739857540643,1.5868343528345346e-06,1.5868343528345346e-06,6.488635849832878e-05,1.6282909113184995e-06,1.6282909113184995e-06
twap_300_2_BUY_0.02,twap,300.0,2,BUY,0.02,4.002363041637925,0.0800472608327585,0.0800472608327585,1.0,63018.55,63025.15000000001,63025.05,0.0001047310672810755,1.5868343528345346e-06,1.5868343528345346e-06,-8.399643173839464e-05,1.2165730037422161e-06,1.2165730037422161e-06
pov_300_2_BUY_0.02,pov,300.0,2,BUY,0.02,4.002363041637925,0.0800472608327585,0.0800472608327585,1.0,63018.55,63025.05,63025.05,0.00010314423292824096,4.760503058272689e-06,0.0,7.9341717630181e-07,7.934171762157024e-07,7.934171762157024e-07
frontload_300_2_BUY_0.02,frontload,300.0,2,BUY,0.02,4.002363041637925,0.0800472608327585,0.0800472608327585,1.0,63018.55,63025.15000000001,63025.05,0.0001047310672810755,1.5868343528345346e-06,1.5868343528345346e-06,-6.777009577989257e-05,1.062822167950771e-06,1.062822167950771e-06
adaptive_300_2_BUY_0.02,adaptive,300.0,2,BUY,0.02,4.002363041637925,0.0800472608327585,0.0800472608327585,1.0,63018.55,63025.05,63025.05,0.00010314423292824096,1.5868343528345346e-06,0.0,-7.999345332626915e-05,1.1103786649548872e-06,1.1103786649548872e-06
rl2_300_2_BUY_0.02,rl2,300.0,2,BUY,0.02,4.002363041637925,0.0800472608327585,0.0800472608327585,1.0,63018.55,63025.25,63025.05,0.00010631790163367911,3.1736687054381546e-06,3.1736687054381546e-06,-5.669945219391564e-05,1.9426757267285117e-06,1.9426757267285117e-06
twap_300_2_SELL_0.02,twap,300.0,2,SELL,0.02,4.002363041637925,0.0800472608327585,0.0800472608327585,1.0,63018.55,63025.05,63025.05,-0.00010314423292824096,1.5868343528345346e-06,-0.0,8.642957774608196e-05,1.2165730037591185e-06,1.2165730037591185e-06
pov_300_2_SELL_0.02,pov,300.0,2,SELL,0.02,4.002363041637925,0.0800472608327585,0.0800472608327585,1.0,63018.55,63025.05,63025.05,-0.00010314423292824096,4.760503058272689e-06,-0.0,7.9341717630181e-07,7.934171763959981e-07,7.934171763959981e-07
frontload_300_2_SELL_0.02,frontload,300.0,2,SELL,0.02,4.002363041637925,0.0800472608327585,0.0800472608327585,1.0,63018.55,63025.05,63025.05,-0.00010314423292824096,1.5868343528345346e-06,-0.0,6.989574011565368e-05,1.0628221679634477e-06,1.0628221679634477e-06
adaptive_300_2_SELL_0.02,adaptive,300.0,2,SELL,0.02,4.002363041637925,0.0800472608327585,0.0800472608327585,1.0,63018.55,63025.05,63025.05,-0.00010314423292824096,1.5868343528345346e-06,-0.0,9.500259963758668e-05,1.1741837617733171e-06,1.1741837617733171e-06
rl2_300_2_SELL_0.02,rl2,300.0,2,SELL,0.02,4.002363041637925,0.0800472608327585,0.0800472608327585,1.0,63018.55,63024.95,63025.05,-0.00010155739857540643,1.5868343528345346e-06,1.5868343528345346e-06,6.493347626667478e-05,1.675408679682332e-06,1.675408679682332e-06
twap_300_2_BUY_0.05,twap,300.0,2,BUY,0.05,4.002363041637925,0.20011815208189626,0.20011815208189626,1.0,63018.55,63025.15000000001,63025.05,0.0001047310672810755,1.5868343528345346e-06,1.5868343528345346e-06,-8.399643173816372e-05,1.2165730037501035e-06,1.2165730037501035e-06
pov_300_2_BUY_0.05,pov,300.0,2,BUY,0.05,4.002363041637925,0.20011815208189626,0.20011815208189626,1.0,63018.55,63025.05,63025.05,0.00010314423292824096,7.934171763710843e-06,0.0,7.9341717630181e-07,7.934171762878207e-07,7.934171762878207e-07
frontload_300_2_BUY_0.05,frontload,300.0,2,BUY,0.05,4.002363041637925,0.20011815208189626,0.20011815208189626,1.0,63018.55,63025.15000000001,63025.05,0.0001047310672810755,1.5868343528345346e-06,1.5868343528345346e-06,-6.777009578000803e-05,1.0628221679397838e-06,1.0628221679397838e-06
adaptive_300_2_BUY_0.05,adaptive,300.0,2,BUY,0.05,4.002363041637925,0.20011815208189626,0.20011815208189626,1.0,63018.55,63025.05,63025.05,0.00010314423292824096,1.5868343528345346e-06,0.0,-7.999487566496755e-05,1.1103718515207432e-06,1.1103718515207432e-06
rl2_300_2_BUY_0.05,rl2,300.0,2,BUY,0.05,4.002363041637925,0.20011815208189626,0.20011815208189626,1.0,63018.55,63025.350000000006,63025.05,0.00010790473598651365,4.760503058272689e-06,4.760503058272689e-06,-5.669945219426201e-05,1.9426757266975235e-06,1.9426757266975235e-06
twap_300_2_SELL_0.05,twap,300.0,2,SELL,0.05,4.002363041637925,0.20011815208189626,0.20011815208189626,1.0,63018.55,63024.95,63025.05,-0.00010155739857540643,1.5868343528345346e-06,1.5868343528345346e-06,8.648247222440201e-05,1.2694674821930306e-06,1.2694674821930306e-06
pov_300_2_SELL_0.05,pov,300.0,2,SELL,0.05,4.002363041637925,0.20011815208189626,0.20011815208189626,1.0,63018.55,63025.05,63025.05,-0.00010314423292824096,7.934171763710843e-06,-0.0,7.934171764172673e-07,7.934171764320572e-07,7.934171764320572e-07
frontload_300_2_SELL_0.05,frontload,300.0,2,SELL,0.05,4.002363041637925,0.20011815208189626,0.20011815208189626,1.0,63018.55,63025.05,63025.05,-0.00010314423292824096,3.1736687054381546e-06,-0.0,6.992228557499685e-05,1.0893676266722962e-06,1.0893676266722962e-06
adaptive_300_2_SELL_0.05,adaptive,300.0,2,SELL,0.05,4.002363041637925,0.20011815208189626,0.20011815208189626,1.0,63018.55,63025.05,63025.05,-0.00010314423292824096,3.1736687056690693e-06,-0.0,9.510706521267609e-05,1.275570165153557e-06,1.275570165153557e-06
rl2_300_2_SELL_0.05,rl2,300.0,2,SELL,0.05,4.002363041637925,0.20011815208189626,0.20011815208189626,1.0,63018.55,63024.850000000006,63025.05,-9.997056422280282e-05,3.1736687056690693e-06,3.1736687054381546e-06,6.954965627940886e-05,1.346540602546688e-06,1.346540602546688e-06
twap_300_2_BUY_0.1,twap,300.0,2,BUY,0.1,4.002363041637925,0.4002363041637925,0.4002363041637925,1.0,63018.55,63025.15000000001,63025.05,0.0001047310672810755,3.1736687056690693e-06,1.5868343528345346e-06,-8.399643173816372e-05,1.2165730037501035e-06,1.2165730037501035e-06
pov_300_2_BUY_0.1,pov,300.0,2,BUY,0.1,4.002363041637925,0.4002363041637925,0.4002363041637925,1.0,63018.55,63025.05,63025.05,0.00010314423292824096,7.934171763710843e-06,0.0,-3.3193710070369e-05,7.934171762878207e-07,7.934171762878207e-07
frontload_300_2_BUY_0.1,frontload,300.0,2,BUY,0.1,4.002363041637925,0.4002363041637925,0.4002363041637925,1.0,63018.55,63025.15000000001,63025.05,0.0001047310672810755,3.1736687056690693e-06,1.5868343528345346e-06,-6.773416994582148e-05,1.0987480021750328e-06,1.0987480021750328e-06
adaptive_300_2_BUY_0.1,adaptive,300.0,2,BUY,0.1,4.002363041637925,0.4002363041637925,0.4002363041637925,1.0,63018.55,63025.05,63025.05,0.00010314423292824096,3.1736687056690693e-06,0.0,-7.999646589338124e-05,1.1103622013483647e-06,1.1103622013483647e-06
rl2_300_2_BUY_0.1,rl2,300.0,2,BUY,0.1,4.002363041637925,0.4002363041637925,0.4002363041637925,1.0,63018.55,63025.45,63025.05,0.00010949157033911727,6.347337410876309e-06,6.347337410876309e-06,-5.278082427232272e-05,1.890907323519185e-06,1.890907323519185e-06
twap_300_2_SELL_0.1,twap,300.0,2,SELL,0.1,4.002363041637925,0.4002363041637925,0.4002363041637925,1.0,63018.55,63024.95,63025.05,-0.00010155739857540643,3.1736687056690693e-06,1.5868343528345346e-06,8.648247222440201e-05,1.2694674821930306e-06,1.2694674821930306e-06
pov_300_2_SELL_0.1,pov,300.0,2,SELL,0.1,4.002363041637925,0.4002363041637925,0.4002363041637925,1.0,63018.55,63025.05,63025.05,-0.00010314423292824096,7.934171763710843e-06,-0.0,2.0923493674511927e-05,7.934171764636089e-07,7.934171764636089e-07
frontload_300_2_SELL_0.1,frontload,300.0,2,SELL,0.1,4.002363041637925,0.4002363041637925,0.4002363041637925,1.0,63018.55,63025.05,63025.05,-0.00010314423292824096,3.1736687056690693e-06,-0.0,6.992438742606999e-05,1.0914694777091324e-06,1.0914694777091324e-06
adaptive_300_2_SELL_0.1,adaptive,300.0,2,SELL,0.1,4.002363041637925,0.4002363041637925,0.4002363041637925,1.0,63018.55,63025.05,63025.05,-0.00010314423292824096,3.1736687056690693e-06,-0.0,9.575794003129529e-05,1.2860851197953768e-06,1.2860851197953768e-06
rl2_300_2_SELL_0.1,rl2,300.0,2,SELL,0.1,4.002363041637925,0.4002363041637925,0.4002363041637925,1.0,63018.55,63024.850000000006,63025.05,-9.997056422280282e-05,3.1736687056690693e-06,3.1736687054381546e-06,7.961712259683619e-05,1.6913204906014652e-06,1.6913204906014652e-06
twap_300_2_BUY_0.2,twap,300.0,2,BUY,0.2,4.002363041637925,0.800472608327585,0.800472608327585,1.0,63018.55,63025.25,63025.05,0.00010631790163367911,3.1736687056690693e-06,3.1736687054381546e-06,-8.392487496910595e-05,1.2881297729138592e-06,1.2881297729138592e-06
pov_300_2_BUY_0.2,pov,300.0,2,BUY,0.2,4.002363041637925,0.800472608327585,0.800472608327585,1.0,63018.55,63025.05,63025.05,0.00010314423292824096,9.521006116314463e-06,0.0,-3.8728606102841174e-05,8.176006339059858e-07,8.176006339059858e-07
frontload_300_2_BUY_0.2,frontload,300.0,2,BUY,0.2,4.002363041637925,0.800472608327585,0.800472608327585,1.0,63018.55,63025.15000000001,63025.05,0.0001047310672810755,4.760503058272689e-06,1.5868343528345346e-06,-6.747627164298345e-05,1.3566463051385405e-06,1.3566463051385405e-06
adaptive_300_2_BUY_0.2,adaptive,300.0,2,BUY,0.2,4.002363041637925,0.800472608327585,0.800472608327585,1.0,63018.55,63025.05,63025.05,0.00010314423292824096,4.760503058272689e-06,0.0,-8.00346661568501e-05,1.1430893821014959e-06,1.1430893821014959e-06
rl2_300_2_BUY_0.2,rl2,300.0,2,BUY,0.2,4.002363041637925,0.800472608327585,0.800472608327585,1.0,63018.55,63025.55,63025.05,0.00011107840469195181,7.934171763710843e-06,7.934171763710843e-06,-4.434588756165137e-05,2.0196291485554846e-06,2.0196291485554846e-06
twap_300_2_SELL_0.2,twap,300.0,2,SELL,0.2,4.002363041637925,0.800472608327585,0.800472608327585,1.0,63018.55,63024.850000000006,63025.05,-9.997056422280282e-05,4.760503058272689e-06,3.1736687054381546e-06,8.655060713507831e-05,1.3376023931087588e-06,1.3376023931087588e-06
pov_300_2_SELL_0.2,pov,300.0,2,SELL,0.2,4.002363041637925,0.800472608327585,0.800472608327585,1.0,63018.55,63025.05,63025.05,-0.00010314423292824096,9.521006116545378e-06,-0.0,2.1913605009880446e-05,9.761343022073693e-07,9.761343022073693e-07
frontload_300_2_SELL_0.2,frontload,300.0,2,SELL,0.2,4.002363041637925,0.800472608327585,0.800472608327585,1.0,63018.55,63024.95,63025.05,-0.00010155739857540643,6.347337411107224e-06,1.5868343528345346e-06,7.022976175958767e-05,1.3968438112691033e-06,1.3968438112691033e-06
adaptive_300_2_SELL_0.2,adaptive,300.0,2,SELL,0.2,4.002363041637925,0.800472608327585,0.800472608327585,1.0,63018.55,63025.05,63025.05,-0.00010314423292824096,4.760503058272689e-06,-0.0,9.88767837236001e-05,1.2888757621975385e-06,1.2888757621975385e-06
rl2_300_2_SELL_0.2,rl2,300.0,2,SELL,0.2,4.002363041637925,0.800472608327585,0.800472608327585,1.0,63018.55,63024.65000000001,63025.05,-9.679689551736466e-05,6.347337410876309e-06,6.347337410876309e-06,6.18518589846162e-05,1.6660387335667508e-06,1.6660387335667508e-06
twap_300_3_BUY_0.001,twap,300.0,3,BUY,0.001,9.956051119987377,0.009956051119987376,0.009956051119987376,1.0,62967.350000000006,62944.65000000001,62944.65000000001,-0.00036050429309788466,1.5881246392903743e-06,0.0,-0.000328688862826173,1.1116872474102279e-06,1.1116872474102279e-06
pov_300_3_BUY_0.001,pov,300.0,3,BUY,0.001,9.956051119987377,0.009956051119987376,0.009956051119987376,1.0,62967.350000000006,62944.65000000001,62944.65000000001,-0.00036050429309788466,1.5881246392903743e-06,0.0,8.995920071634431e-06,7.940623195965447e-07,7.940623195965447e-07
frontload_300_3_BUY_0.001,frontload,300.0,3,BUY,0.001,9.956051119987377,0.009956051119987376,0.009956051119987376,1.0,62967.350000000006,62944.65000000001,62944.65000000001,-0.00036050429309788466,1.5881246392903743e-06,0.0,-0.0002477795059707641,9.901040400713525e-07,9.901040400713525e-07
adaptive_300_3_BUY_0.001,adaptive,300.0,3,BUY,0.001,9.956051119987377,0.009956051119987376,0.009956051119987376,1.0,62967.350000000006,62944.65000000001,62944.65000000001,-0.00036050429309788466,1.5881246392903743e-06,0.0,-0.000397325161619075,9.747933684235443e-07,9.747933684235443e-07
rl2_300_3_BUY_0.001,rl2,300.0,3,BUY,0.001,9.956051119987377,0.009956051119987376,0.009956051119987376,1.0,62967.350000000006,62944.65000000001,62944.65000000001,-0.00036050429309788466,1.5881246392903743e-06,0.0,-0.0003901008491281218,1.661209087259517e-06,1.661209087259517e-06
twap_300_3_SELL_0.001,twap,300.0,3,SELL,0.001,9.956051119987377,0.009956051119987376,0.009956051119987376,1.0,62967.350000000006,62944.55,62944.65000000001,0.00036209241773717504,1.5881246392903743e-06,1.5881246392903743e-06,0.0003309122373210409,1.1116872474442301e-06,1.1116872474442301e-06
pov_300_3_SELL_0.001,pov,300.0,3,SELL,0.001,9.956051119987377,0.009956051119987376,0.009956051119987376,1.0,62967.350000000006,62944.65000000001,62944.65000000001,0.00036050429309788466,1.5881246392903743e-06,-0.0,7.940623195296359e-07,7.940623195512083e-07,7.940623195512083e-07
frontload_300_3_SELL_0.001,frontload,300.0,3,SELL,0.001,9.956051119987377,0.009956051119987376,0.009956051119987376,1.0,62967.350000000006,62944.55,62944.65000000001,0.00036209241773717504,1.5881246392903743e-06,1.5881246392903743e-06,0.00024975971405098637,9.901040400926039e-07,9.901040400926039e-07
adaptive_300_3_SELL_0.001,adaptive,300.0,3,SELL,0.001,9.956051119987377,0.009956051119987376,0.009956051119987376,1.0,62967.350000000006,62944.55,62944.65000000001,0.00036209241773717504,1.5881246392903743e-06,1.5881246392903743e-06,0.0003347181688631082,1.1511794628226517e-06,1.1511794628226517e-06
rl2_300_3_SELL_0.001,rl2,300.0,3,SELL,0.001,9.956051119987377,0.009956051119987376,0.009956051119987376,1.0,62967.350000000006,62944.55,62944.65000000001,0.00036209241773717504,1.5881246392903743e-06,1.5881246392903743e-06,0.00036188398248381557,1.4233823939251056e-06,1.4233823939251056e-06
twap_300_3_BUY_0.0025,twap,300.0,3,BUY,0.0025,9.956051119987377,0.024890127799968444,0.024890127799968444,1.0,62967.350000000006,62944.65000000001,62944.65000000001,-0.00036050429309788466,1.5881246392903743e-06,0.0,-0.000328688862826173,1.1116872474124941e-06,1.1116872474124941e-06
pov_300_3_BUY_0.0025,pov,300.0,3,BUY,0.0025,9.956051119987377,0.024890127799968444,0.024890127799968444,1.0,62967.350000000006,62944.65000000001,62944.65000000001,-0.00036050429309788466,1.5881246392903743e-06,0.0,2.5038050657941424e-05,7.940623195512081e-07,7.940623195512081e-07
frontload_300_3_BUY_0.0025,frontload,300.0,3,BUY,0.0025,9.956051119987377,0.024890127799968444,0.024890127799968444,1.0,62967.350000000006,62944.65000000001,62944.65000000001,-0.00036050429309788466,1.5881246392903743e-06,0.0,-0.0002477795059703019,9.901040400642687e-07,9.901040400642687e-07
adaptive_300_3_BUY_0.0025,adaptive,300.0,3,BUY,0.0025,9.956051119987377,0.024890127799968444,0.024890127799968444,1.0,62967.350000000006,62944.65000000001,62944.65000000001,-0.00036050429309788466,1.5881246392903743e-06,0.0,-0.00039732515247781365,9.747879978984e-07,9.747879978984e-07
rl2_300_3_BUY_0.0025,rl2,300.0,3,BUY,0.0025,9.956051119987377,0.024890127799968444,0.024890127799968444,1.0,62967.350000000006,62944.65000000001,62944.65000000001,-0.00036050429309788466,1.5881246392903743e-06,0.0,-0.0003901008491283529,1.6612090872481822e-06,1.6612090872481822e-06
twap_300_3_SELL_0.0025,twap,300.0,3,SELL,0.0025,9.956051119987377,0.024890127799968444,0.024890127799968444,1.0,62967.350000000006,62944.55,62944.65000000001,0.00036209241773717504,1.5881246392903743e-06,1.5881246392903743e-06,0.00033091223732069423,1.1116872474487632e-06,1.1116872474487632e-06
pov_300_3_SELL_0.0025,pov,300.0,3,SELL,0.0025,9.956051119987377,0.024890127799968444,0.024890127799968444,1.0,62967.350000000006,62944.65000000001,62944.65000000001,0.00036050429309788466,3.1762492783496463e-06,-0.0,7.940623196451872e-07,7.940623196600157e-07,7.940623196600157e-07
frontload_300_3_SELL_0.0025,frontload,300.0,3,SELL,0.0025,9.956051119987377,0.024890127799968444,0.024890127799968444,1.0,62967.350000000006,62944.55,62944.65000000001,0.00036209241773717504,1.5881246392903743e-06,1.5881246392903743e-06,0.00024975971405063975,9.901040401050714e-07,9.901040401050714e-07
adaptive_300_3_SELL_0.0025,adaptive,300.0,3,SELL,0.0025,9.956051119987377,0.024890127799968444,0.024890127799968444,1.0,62967.350000000006,62944.55,62944.65000000001,0.00036209241773717504,1.5881246392903743e-06,1.5881246392903743e-06,0.0003349140229131075,1.1511841249648803e-06,1.1511841249648803e-06
rl2_300_3_SELL_0.0025,rl2,300.0,3,SELL,0.0025,9.956051119987377,0.024890127799968444,0.024890127799968444,1.0,62967.350000000006,62944.55,62944.65000000001,0.00036209241773717504,1.5881246392903743e-06,1.5881246392903743e-06,0.00036188398248370005,1.4233823939259554e-06,1.4233823939259554e-06
twap_300_3_BUY_0.005,twap,300.0,3,BUY,0.005,9.956051119987377,0.04978025559993689,0.04978025559993689,1.0,62967.350000000006,62944.65000000001,62944.65000000001,-0.00036050429309788466,1.5881246392903743e-06,0.0,-0.000328688862826173,1.1116872474124941e-06,1.1116872474124941e-06
pov_300_3_BUY_0.005,pov,300.0,3,BUY,0.005,9.956051119987377,0.04978025559993689,0.04978025559993689,1.0,62967.350000000006,62944.65000000001,62944.65000000001,-0.00036050429309788466,3.1762492783496463e-06,0.0,3.0385427519774137e-05,7.940623195330736e-07,7.940623195330736e-07
frontload_300_3_BUY_0.005,frontload,300.0,3,BUY,0.005,9.956051119987377,0.04978025559993689,0.04978025559993689,1.0,62967.350000000006,62944.65000000001,62944.65000000001,-0.00036050429309788466,1.5881246392903743e-06,0.0,-0.0002477795059703019,9.901040400642687e-07,9.901040400642687e-07
adaptive_300_3_BUY_0.005,adaptive,300.0,3,BUY,0.005,9.956051119987377,0.04978025559993689,0.04978025559993689,1.0,62967.350000000006,62944.65000000001,62944.65000000001,-0.00036050429309788466,1.5881246392903743e-06,0.0,-0.00039732513671280646,9.747819141861637e-07,9.747819141861637e-07
rl2_300_3_BUY_0.005,rl2,300.0,3,BUY,0.005,9.956051119987377,0.04978025559993689,0.04978025559993689,1.0,62967.350000000006,62944.65000000001,62944.65000000001,-0.00036050429309788466,1.5881246392903743e-06,0.0,-0.0003901008491283529,1.6612090872481822e-06,1.6612090872481822e-06
twap_300_3_SELL_0.005,twap,300.0,3,SELL,0.005,9.956051119987377,0.04978025559993689,0.04978025559993689,1.0,62967.350000000006,62944.55,62944.65000000001,0.00036209241773717504,1.5881246392903743e-06,1.5881246392903743e-06,0.00033091223732069423,1.1116872474487632e-06,1.1116872474487632e-06
pov_300_3_SELL_0.005,pov,300.0,3,SELL,0.005,9.956051119987377,0.04978025559993689,0.04978025559993689,1.0,62967.350000000006,62944.65000000001,62944.65000000001,0.00036050429309788466,3.1762492783496463e-06,-0.0,7.940623196451872e-07,7.940623196600157e-07,7.940623196600157e-07
frontload_300_3_SELL_0.005,frontload,300.0,3,SELL,0.005,9.956051119987377,0.04978025559993689,0.04978025559993689,1.0,62967.350000000006,62944.55,62944.65000000001,0.00036209241773717504,1.5881246392903743e-06,1.5881246392903743e-06,0.00024975971405063975,9.901040401050714e-07,9.901040401050714e-07
adaptive_300_3_SELL_0.005,adaptive,300.0,3,SELL,0.005,9.956051119987377,0.04978025559993689,0.04978025559993689,1.0,62967.350000000006,62944.55,62944.65000000001,0.00036209241773717504,1.5881246392903743e-06,1.5881246392903743e-06,0.0003375519081666401,1.1511894023556069e-06,1.1511894023556069e-06
rl2_300_3_SELL_0.005,rl2,300.0,3,SELL,0.005,9.956051119987377,0.04978025559993689,0.04978025559993689,1.0,62967.350000000006,62944.45,62944.65000000001,0.0003636805423764654,3.1762492785807487e-06,3.1762492785807487e-06,0.00037988543283070183,1.4785766293778884e-06,1.4785766293778884e-06
twap_300_3_BUY_0.01,twap,300.0,3,BUY,0.01,9.956051119987377,0.09956051119987377,0.09956051119987377,1.0,62967.350000000006,62944.65000000001,62944.65000000001,-0.00036050429309788466,1.5881246392903743e-06,0.0,-0.000328688862826173,1.1116872474124941e-06,1.1116872474124941e-06
pov_300_3_BUY_0.01,pov,300.0,3,BUY,0.01,9.956051119987377,0.09956051119987377,0.09956051119987377,1.0,62967.350000000006,62944.65000000001,62944.65000000001,-0.00036050429309788466,4.7643739176400204e-06,0.0,3.30591159509216e-05,7.940623194514679e-07,7.940623194514679e-07
frontload_300_3_BUY_0.01,frontload,300.0,3,BUY,0.01,9.956051119987377,0.09956051119987377,0.09956051119987377,1.0,62967.350000000006,62944.65000000001,62944.65000000001,-0.00036050429309788466,1.5881246392903743e-06,0.0,-0.0002477795059703019,9.901040400642687e-07,9.901040400642687e-07
adaptive_300_3_BUY_0.01,adaptive,300.0,3,BUY,0.01,9.956051119987377,0.09956051119987377,0.09956051119987377,1.0,62967.350000000006,62944.65000000001,62944.65000000001,-0.00036050429309788466,1.5881246392903743e-06,0.0,-0.0003973251040895615,9.74773254281683e-07,9.74773254281683e-07
rl2_300_3_BUY_0.01,rl2,300.0,3,BUY,0.01,9.956051119987377,0.09956051119987377,0.09956051119987377,1.0,62967.350000000006,62944.65000000001,62944.65000000001,-0.00036050429309788466,3.1762492783496463e-06,0.0,-0.0003901008491283529,1.6612090872481822e-06,1.6612090872481822e-06
twap_300_3_SELL_0.01,twap,300.0,3,SELL,0.01,9.956051119987377,0.09956051119987377,0.09956051119987377,1.0,62967.350000000006,62944.55,62944.65000000001,0.00036209241773717504,3.1762492783496463e-06,1.5881246392903743e-06,0.00033101621224855896,1.2156621752855047e-06,1.2156621752855047e-06
pov_300_3_SELL_0.01,pov,300.0,3,SELL,0.01,9.956051119987377,0.09956051119987377,0.09956051119987377,1.0,62967.350000000006,62944.65000000001,62944.65000000001,0.00036050429309788466,4.7643739176400204e-06,-0.0,7.940623196451872e-07,7.940623196600157e-07,7.940623196600157e-07
frontload_300_3_SELL_0.01,frontload,300.0,3,SELL,0.01,9.956051119987377,0.09956051119987377,0.09956051119987377,1.0,62967.350000000006,62944.55,62944.65000000001,0.00036209241773717504,1.5881246392903743e-06,1.5881246392903743e-06,0.00024975971405063975,9.901040401050714e-07,9.901040401050714e-07
adaptive_300_3_SELL_0.01,adaptive,300.0,3,SELL,0.01,9.956051119987377,0.09956051119987377,0.09956051119987377,1.0,62967.350000000006,62944.55,62944.65000000001,0.00036209241773717504,1.5881246392903743e-06,1.5881246392903743e-06,0.0003388708284064445,1.1511969064836826e-06,1.1511969064836826e-06
rl2_300_3_SELL_0.01,rl2,300.0,3,SELL,0.01,9.956051119987377,0.09956051119987377,0.09956051119987377,1.0,62967.350000000006,62944.45,62944.65000000001,0.0003636805423764654,3.1762492785807487e-06,3.1762492785807487e-06,0.00038038994731660913,1.9830911152695472e-06,1.9830911152695472e-06
twap_300_3_BUY_0.02,twap,300.0,3,BUY,0.02,9.956051119987377,0.19912102239974755,0.19912102239974755,1.0,62967.350000000006,62944.65000000001,62944.65000000001,-0.00036050429309788466,1.5881246392903743e-06,0.0,-0.000328688862826173,1.1116872474124941e-06,1.1116872474124941e-06
pov_300_3_BUY_0.02,pov,300.0,3,BUY,0.02,9.956051119987377,0.19912102239974755,0.19912102239974755,1.0,62967.350000000006,62944.65000000001,62944.65000000001,-0.00036050429309788466,6.352498556930395e-06,0.0,5.644712257589944e-05,7.94062319592011e-07,7.94062319592011e-07
frontload_300_3_BUY_0.02,frontload,300.0,3,BUY,0.02,9.956051119987377,0.19912102239974755,0.19912102239974755,1.0,62967.350000000006,62944.65000000001,62944.65000000001,-0.00036050429309788466,3.1762492783496463e-06,0.0,-0.0002477795059703019,9.901040400642687e-07,9.901040400642687e-07
adaptive_300_3_BUY_0.02,adaptive,300.0,3,BUY,0.02,9.956051119987377,0.19912102239974755,0.19912102239974755,1.0,62967.350000000006,62944.65000000001,62944.65000000001,-0.00036050429309788466,3.1762492783496463e-06,0.0,-0.0003973250360936444,9.747608958600636e-07,9.747608958600636e-07
rl2_300_3_BUY_0.02,rl2,300.0,3,BUY,0.02,9.956051119987377,0.19912102239974755,0.19912102239974755,1.0,62967.350000000006,62944.65000000001,62944.65000000001,-0.00036050429309788466,4.7643739176400204e-06,0.0,-0.0003688712232684768,1.6539221396204575e-06,1.6539221396204575e-06
twap_300_3_SELL_0.02,twap,300.0,3,SELL,0.02,9.956051119987377,0.19912102239974755,0.19912102239974755,1.0,62967.350000000006,62944.55,62944.65000000001,0.00036209241773717504,3.1762492783496463e-06,1.5881246392903743e-06,0.00033107009108852923,1.2695410152748375e-06,1.2695410152748375e-06
pov_300_3_SELL_0.02,pov,300.0,3,SELL,0.02,9.956051119987377,0.19912102239974755,0.19912102239974755,1.0,62967.350000000006,62944.65000000001,62944.65000000001,0.00036050429309788466,6.352498556699293e-06,-0.0,-7.109251917587243e-06,7.940623197688233e-07,7.940623197688233e-07
frontload_300_3_SELL_0.02,frontload,300.0,3,SELL,0.02,9.956051119987377,0.19912102239974755,0.19912102239974755,1.0,62967.350000000006,62944.55,62944.65000000001,0.00036209241773717504,3.1762492783496463e-06,1.5881246392903743e-06,0.00024978647734390404,1.0168673333073058e-06,1.0168673333073058e-06
adaptive_300_3_SELL_0.02,adaptive,300.0,3,SELL,0.02,9.956051119987377,0.19912102239974755,0.19912102239974755,1.0,62967.350000000006,62944.55,62944.65000000001,0.00036209241773717504,1.5881246392903743e-06,1.5881246392903743e-06,0.0003363877066704701,1.151207597832737e-06,1.151207597832737e-06
rl2_300_3_SELL_0.02,rl2,300.0,3,SELL,0.02,9.956051119987377,0.19912102239974755,0.19912102239974755,1.0,62967.350000000006,62944.350000000006,62944.65000000001,0.00036526866701552465,4.7643739176400204e-06,4.7643739176400204e-06,0.00037152485058752866,2.0149370574938113e-06,2.0149370574938113e-06
twap_300_3_BUY_0.05,twap,300.0,3,BUY,0.05,9.956051119987377,0.49780255599936885,0.49780255599936885,1.0,62967.350000000006,62944.75,62944.65000000001,-0.00035891616845882537,3.1762492785807487e-06,1.5881246390592718e-06,-0.0003286715629422655,1.1289871316302278e-06,1.1289871316302278e-06
pov_300_3_BUY_0.05,pov,300.0,3,BUY,0.05,9.956051119987377,0.49780255599936885,0.49780255599936885,1.0,62967.350000000006,62944.65000000001,62944.65000000001,-0.00036050429309788466,9.528747835280041e-06,0.0,9.070939605194188e-05,7.940623196183063e-07,7.940623196183063e-07
frontload_300_3_BUY_0.05,frontload,300.0,3,BUY,0.05,9.956051119987377,0.49780255599936885,0.49780255599936885,1.0,62967.350000000006,62944.65000000001,62944.65000000001,-0.00036050429309788466,4.7643739176400204e-06,0.0,-0.0002474894125363727,1.280197474873813e-06,1.280197474873813e-06
adaptive_300_3_BUY_0.05,adaptive,300.0,3,BUY,0.05,9.956051119987377,0.49780255599936885,0.49780255599936885,1.0,62967.350000000006,62944.65000000001,62944.65000000001,-0.00036050429309788466,3.1762492785807487e-06,0.0,-0.0003976039731646917,9.760279566651661e-07,9.760279566651661e-07
rl2_300_3_BUY_0.05,rl2,300.0,3,BUY,0.05,9.956051119987377,0.49780255599936885,0.49780255599936885,1.0,62967.350000000006,62944.65000000001,62944.65000000001,-0.00036050429309788466,6.352498556930395e-06,0.0,-0.0003710621525411577,1.6562944987972203e-06,1.6562944987972203e-06
twap_300_3_SELL_0.05,twap,300.0,3,SELL,0.05,9.956051119987377,0.49780255599936885,0.49780255599936885,1.0,62967.350000000006,62944.45,62944.65000000001,0.0003636805423764654,3.1762492785807487e-06,3.1762492785807487e-06,0.00033122020438215987,1.4196543086802805e-06,1.4196543086802805e-06
pov_300_3_SELL_0.05,pov,300.0,3,SELL,0.05,9.956051119987377,0.49780255599936885,0.49780255599936885,1.0,62967.350000000006,62944.65000000001,62944.65000000001,0.00036050429309788466,6.352498556699293e-06,-0.0,3.805130582431195e-05,7.940623196310004e-07,7.940623196310004e-07
frontload_300_3_SELL_0.05,frontload,300.0,3,SELL,0.05,9.956051119987377,0.49780255599936885,0.49780255599936885,1.0,62967.350000000006,62944.55,62944.65000000001,0.00036209241773717504,3.1762492785807487e-06,1.5881246392903743e-06,0.0002498891971779633,1.1195871669025298e-06,1.1195871669025298e-06
adaptive_300_3_SELL_0.05,adaptive,300.0,3,SELL,0.05,9.956051119987377,0.49780255599936885,0.49780255599936885,1.0,62967.350000000006,62944.55,62944.65000000001,0.00036209241773717504,3.1762492785807487e-06,1.5881246392903743e-06,0.00033461948503670435,1.2021264068675118e-06,1.2021264068675118e-06
rl2_300_3_SELL_0.05,rl2,300.0,3,SELL,0.05,9.956051119987377,0.49780255599936885,0.49780255599936885,1.0,62967.350000000006,62944.350000000006,62944.65000000001,0.00036526866701552465,4.7643739176400204e-06,4.7643739176400204e-06,0.000378024762883084,1.4478424040264099e-06,1.4478424040264099e-06
twap_300_3_BUY_0.1,twap,300.0,3,BUY,0.1,9.956051119987377,0.9956051119987377,0.9956051119987377,1.0,62967.350000000006,62944.75,62944.65000000001,-0.00035891616845882537,4.7643739176400204e-06,1.5881246390592718e-06,-0.0003284845150129196,1.3160350607907373e-06,1.3160350607907373e-06
pov_300_3_BUY_0.1,pov,300.0,3,BUY,0.1,9.956051119987377,0.9956051119987377,0.9956051119987377,1.0,62967.350000000006,62944.65000000001,62944.65000000001,-0.00036050429309788466,1.4293121752920061e-05,0.0,8.314938592953491e-05,7.940623196908446e-07,7.940623196908446e-07
frontload_300_3_BUY_0.1,frontload,300.0,3,BUY,0.1,9.956051119987377,0.9956051119987377,0.9956051119987377,1.0,62967.350000000006,62944.75,62944.65000000001,-0.00035891616845882537,6.352498556930395e-06,1.5881246390592718e-06,-0.00024739218750241613,1.377422508716139e-06,1.377422508716139e-06
adaptive_300_3_BUY_0.1,adaptive,300.0,3,BUY,0.1,9.956051119987377,0.9956051119987377,0.9956051119987377,1.0,62967.350000000006,62944.65000000001,62944.65000000001,-0.00036050429309788466,4.7643739176400204e-06,0.0,-0.00038835455271244644,9.89689616767117e-07,9.89689616767117e-07
rl2_300_3_BUY_0.1,rl2,300.0,3,BUY,0.1,9.956051119987377,0.9956051119987377,0.9956051119987377,1.0,62967.350000000006,62945.05,62944.65000000001,-0.00035415179454118537,7.940623195989668e-06,6.352498556699293e-06,-0.0003809465638872477,2.4515493353359266e-06,2.4515493353359266e-06
twap_300_3_SELL_0.1,twap,300.0,3,SELL,0.1,9.956051119987377,0.9956051119987377,0.9956051119987377,1.0,62967.350000000006,62944.45,62944.65000000001,0.0003636805423764654,4.7643739176400204e-06,3.1762492785807487e-06,0.00033150311820362633,1.7025681299150056e-06,1.7025681299150056e-06
pov_300_3_SELL_0.1,pov,300.0,3,SELL,0.1,9.956051119987377,0.9956051119987377,0.9956051119987377,1.0,62967.350000000006,62944.65000000001,62944.65000000001,0.00036050429309788466,7.940623195989668e-06,-0.0,0.0002059748347307906,7.940623196019851e-07,7.940623196019851e-07
frontload_300_3_SELL_0.1,frontload,300.0,3,SELL,0.1,9.956051119987377,0.9956051119987377,0.9956051119987377,1.0,62967.350000000006,62944.45,62944.65000000001,0.0003636805423764654,4.7643739176400204e-06,3.1762492785807487e-06,0.0002502347448985226,1.4651348873172784e-06,1.4651348873172784e-06
adaptive_300_3_SELL_0.1,adaptive,300.0,3,SELL,0.1,9.956051119987377,0.9956051119987377,0.9956051119987377,1.0,62967.350000000006,62944.55,62944.65000000001,0.00036209241773717504,4.7643739176400204e-06,1.5881246392903743e-06,0.0003394755066286606,1.316970130553767e-06,1.316970130553767e-06
rl2_300_3_SELL_0.1,rl2,300.0,3,SELL,0.1,9.956051119987377,0.9956051119987377,0.9956051119987377,1.0,62967.350000000006,62944.15000000001,62944.65000000001,0.0003684449162938743,7.940623195989668e-06,7.940623195989668e-06,0.0003811499865177205,2.1041112564140416e-06,2.1041112564140416e-06
twap_300_3_BUY_0.2,twap,300.0,3,BUY,0.2,9.956051119987377,1.9912102239974754,1.9912102239974754,1.0,62967.350000000006,62944.850000000006,62944.65000000001,-0.000357328043819535,6.352498556930395e-06,3.1762492783496463e-06,-0.00032807673390184626,1.7238161718380237e-06,1.7238161718380237e-06
pov_300_3_BUY_0.2,pov,300.0,3,BUY,0.2,9.956051119987377,1.9912102239974754,1.9912102239974754,1.0,62967.350000000006,62944.65000000001,62944.65000000001,-0.00036050429309788466,1.4293121752920061e-05,0.0,4.9684638564752095e-05,7.983872906775e-07,7.983872906775e-07
frontload_300_3_BUY_0.2,frontload,300.0,3,BUY,0.2,9.956051119987377,1.9912102239974754,1.9912102239974754,1.0,62967.350000000006,62944.75,62944.65000000001,-0.00035891616845882537,7.940623195989668e-06,1.5881246390592718e-06,-0.000247211706219988,1.557903791155594e-06,1.557903791155594e-06
adaptive_300_3_BUY_0.2,adaptive,300.0,3,BUY,0.2,9.956051119987377,1.9912102239974754,1.9912102239974754,1.0,62967.350000000006,62944.75,62944.65000000001,-0.00035891616845882537,7.940623195989668e-06,1.5881246390592718e-06,-0.00037298465134825537,1.020597913001141e-06,1.020597913001141e-06
rl2_300_3_BUY_0.2,rl2,300.0,3,BUY,0.2,9.956051119987377,1.9912102239974754,1.9912102239974754,1.0,62967.350000000006,62945.15000000001,62944.65000000001,-0.000352563669901895,1.2704997113629688e-05,7.940623195989668e-06,-0.0003937555520259592,3.83528732590794e-06,3.83528732590794e-06
twap_300_3_SELL_0.2,twap,300.0,3,SELL,0.2,9.956051119987377,1.9912102239974754,1.9912102239974754,1.0,62967.350000000006,62944.350000000006,62944.65000000001,0.00036526866701552465,6.352498556930395e-06,4.7643739176400204e-06,0.0003318194588402289,2.0189087665593345e-06,2.0189087665593345e-06
pov_300_3_SELL_0.2,pov,300.0,3,SELL,0.2,9.956051119987377,1.9912102239974754,1.9912102239974754,1.0,62967.350000000006,62944.65000000001,62944.65000000001,0.00036050429309788466,1.5881246391979335e-05,-0.0,0.0003680647376892747,7.940623196427879e-07,7.940623196427879e-07
frontload_300_3_SELL_0.2,frontload,300.0,3,SELL,0.2,9.956051119987377,1.9912102239974754,1.9912102239974754,1.0,62967.350000000006,62944.45,62944.65000000001,0.0003636805423764654,9.528747835048938e-06,3.1762492785807487e-06,0.00025095094132623625,2.181331315110185e-06,2.181331315110185e-06
adaptive_300_3_SELL_0.2,adaptive,300.0,3,SELL,0.2,9.956051119987377,1.9912102239974754,1.9912102239974754,1.0,62967.350000000006,62944.45,62944.65000000001,0.0003636805423764654,7.940623195989668e-06,3.1762492785807487e-06,0.00034387003607198023,1.4340306825763293e-06,1.4340306825763293e-06
rl2_300_3_SELL_0.2,rl2,300.0,3,SELL,0.2,9.956051119987377,1.9912102239974754,1.9912102239974754,1.0,62967.350000000006,62943.95,62944.65000000001,0.0003716211655724551,1.2704997113398585e-05,1.1116872474570416e-05,0.00037135350913286916,1.7781853668905252e-06,1.7781853668905252e-06
twap_300_4_BUY_0.001,twap,300.0,4,BUY,0.001,23.556856824086125,0.023556856824086127,0.023556856824086127,1.0,62957.45,62915.350000000006,62915.350000000006,-0.0006687056098998812,1.5883743704012913e-06,0.0,-0.0002354500274922348,7.941871851285584e-07,7.941871851285584e-07
pov_300_4_BUY_0.001,pov,300.0,4,BUY,0.001,23.556856824086125,0.023556856824086127,0.023556856824086127,1.0,62957.45,62915.350000000006,62915.350000000006,-0.0006687056098998812,1.5883743704012913e-06,0.0,7.941871852006456e-07,7.941871852483333e-07,7.941871852483333e-07
frontload_300_4_BUY_0.001,frontload,300.0,4,BUY,0.001,23.556856824086125,0.023556856824086127,0.023556856824086127,1.0,62957.45,62915.350000000006,62915.350000000006,-0.0006687056098998812,1.5883743704012913e-06,0.0,-9.661489642436365e-05,7.941871851489202e-07,7.941871851489202e-07
adaptive_300_4_BUY_0.001,adaptive,300.0,4,BUY,0.001,23.556856824086125,0.023556856824086127,0.023556856824086127,1.0,62957.45,62915.350000000006,62915.350000000006,-0.0006687056098998812,1.5883743704012913e-06,0.0,-0.00024672305977237717,7.941871851357448e-07,7.941871851357448e-07
rl2_300_4_BUY_0.001,rl2,300.0,4,BUY,0.001,23.556856824086125,0.023556856824086127,0.023556856824086127,1.0,62957.45,62915.350000000006,62915.350000000006,-0.0006687056098998812,1.5883743704012913e-06,0.0,-0.00048316310395967555,7.941871850674731e-07,7.941871850674731e-07
twap_300_4_SELL_0.001,twap,300.0,4,SELL,0.001,23.556856824086125,0.023556856824086127,0.023556856824086127,1.0,62957.45,62915.25,62915.350000000006,0.0006702939842702824,1.5883743704012913e-06,1.5883743704012913e-06,0.00023703840186275167,7.941871851525132e-07,7.941871851525132e-07
pov_300_4_SELL_0.001,pov,300.0,4,SELL,0.001,23.556856824086125,0.023556856824086127,0.023556856824086127,1.0,62957.45,62915.350000000006,62915.350000000006,0.0006687056098998812,3.1767487405714434e-06,-0.0,7.941871850850761e-07,7.941871850950214e-07,7.941871850950214e-07
frontload_300_4_SELL_0.001,frontload,300.0,4,SELL,0.001,23.556856824086125,0.023556856824086127,0.023556856824086127,1.0,62957.45,62915.25,62915.350000000006,0.0006702939842702824,1.5883743704012913e-06,1.5883743704012913e-06,9.820327079476493e-05,7.941871851453269e-07,7.941871851453269e-07
adaptive_300_4_SELL_0.001,adaptive,300.0,4,SELL,0.001,23.556856824086125,0.023556856824086127,0.023556856824086127,1.0,62957.45,62915.350000000006,62915.350000000006,0.0006687056098998812,1.5883743704012913e-06,-0.0,0.00020916220586509872,7.941871851423324e-07,7.941871851423324e-07
rl2_300_4_SELL_0.001,rl2,300.0,4,SELL,0.001,23.556856824086125,0.023556856824086127,0.023556856824086127,1.0,62957.45,62915.25,62915.350000000006,0.0006702939842702824,1.5883743704012913e-06,1.5883743704012913e-06,0.0004916080913107743,7.941871852100052e-07,7.941871852100052e-07
twap_300_4_BUY_0.0025,twap,300.0,4,BUY,0.0025,23.556856824086125,0.05889214206021531,0.05889214206021531,1.0,62957.45,62915.350000000006,62915.350000000006,-0.0006687056098998812,1.5883743704012913e-06,0.0,-0.00023545002749177253,7.941871851333496e-07,7.941871851333496e-07
pov_300_4_BUY_0.0025,pov,300.0,4,BUY,0.0025,23.556856824086125,0.05889214206021531,0.05889214206021531,1.0,62957.45,62915.350000000006,62915.350000000006,-0.0006687056098998812,3.1767487405714434e-06,0.0,7.941871852006456e-07,7.941871852789958e-07,7.941871852789958e-07
frontload_300_4_BUY_0.0025,frontload,300.0,4,BUY,0.0025,23.556856824086125,0.05889214206021531,0.05889214206021531,1.0,62957.45,62915.350000000006,62915.350000000006,-0.0006687056098998812,1.5883743704012913e-06,0.0,-9.661489642390137e-05,7.941871851103527e-07,7.941871851103527e-07
adaptive_300_4_BUY_0.0025,adaptive,300.0,4,BUY,0.0025,23.556856824086125,0.05889214206021531,0.05889214206021531,1.0,62957.45,62915.350000000006,62915.350000000006,-0.0006687056098998812,1.5883743704012913e-06,0.0,-0.0002467292904631777,7.941871851364637e-07,7.941871851364637e-07
rl2_300_4_BUY_0.0025,rl2,300.0,4,BUY,0.0025,23.556856824086125,0.05889214206021531,0.05889214206021531,1.0,62957.45,62915.350000000006,62915.350000000006,-0.0006687056098998812,3.1767487405714434e-06,0.0,-0.00046064354289963177,7.941871850796905e-07,7.941871850796905e-07
twap_300_4_SELL_0.0025,twap,300.0,4,SELL,0.0025,23.556856824086125,0.05889214206021531,0.05889214206021531,1.0,62957.45,62915.25,62915.350000000006,0.0006702939842702824,1.5883743704012913e-06,1.5883743704012913e-06,0.00023703840186252052,7.941871851601786e-07,7.941871851601786e-07
pov_300_4_SELL_0.0025,pov,300.0,4,SELL,0.0025,23.556856824086125,0.05889214206021531,0.05889214206021531,1.0,62957.45,62915.350000000006,62915.350000000006,0.0006687056098998812,3.1767487408025826e-06,-0.0,-5.0950571414230906e-05,7.941871850950215e-07,7.941871850950215e-07
frontload_300_4_SELL_0.0025,frontload,300.0,4,SELL,0.0025,23.556856824086125,0.05889214206021531,0.05889214206021531,1.0,62957.45,62915.25,62915.350000000006,0.0006702939842702824,1.5883743704012913e-06,1.5883743704012913e-06,9.820327079453379e-05,7.941871851659282e-07,7.941871851659282e-07
adaptive_300_4_SELL_0.0025,adaptive,300.0,4,SELL,0.0025,23.556856824086125,0.05889214206021531,0.05889214206021531,1.0,62957.45,62915.25,62915.350000000006,0.0006702939842702824,1.5883743704012913e-06,1.5883743704012913e-06,0.00020916924124642007,7.941871851616165e-07,7.941871851616165e-07
rl2_300_4_SELL_0.0025,rl2,300.0,4,SELL,0.0025,23.556856824086125,0.05889214206021531,0.05889214206021531,1.0,62957.45,62915.15000000001,62915.350000000006,0.0006718823586404526,3.1767487405714434e-06,3.1767487405714434e-06,0.0004916080913108899,7.94187185155388e-07,7.94187185155388e-07
twap_300_4_BUY_0.005,twap,300.0,4,BUY,0.005,23.556856824086125,0.11778428412043063,0.11778428412043063,1.0,62957.45,62915.350000000006,62915.350000000006,-0.0006687056098998812,1.5883743704012913e-06,0.0,-0.00023545002749177253,7.941871851333496e-07,7.941871851333496e-07
pov_300_4_BUY_0.005,pov,300.0,4,BUY,0.005,23.556856824086125,0.11778428412043063,0.11778428412043063,1.0,62957.45,62915.350000000006,62915.350000000006,-0.0006687056098998812,4.765123110972735e-06,0.0,7.941871852006456e-07,7.941871852789958e-07,7.941871852789958e-07
frontload_300_4_BUY_0.005,frontload,300.0,4,BUY,0.005,23.556856824086125,0.11778428412043063,0.11778428412043063,1.0,62957.45,62915.350000000006,62915.350000000006,-0.0006687056098998812,1.5883743704012913e-06,0.0,-9.661489642390137e-05,7.941871851103527e-07,7.941871851103527e-07
adaptive_300_4_BUY_0.005,adaptive,300.0,4,BUY,0.005,23.556856824086125,0.11778428412043063,0.11778428412043063,1.0,62957.45,62915.350000000006,62915.350000000006,-0.0006687056098998812,1.5883743704012913e-06,0.0,-0.00025510921239904404,7.941871851379008e-07,7.941871851379008e-07
rl2_300_4_BUY_0.005,rl2,300.0,4,BUY,0.005,23.556856824086125,0.11778428412043063,0.11778428412043063,1.0,62957.45,62915.350000000006,62915.350000000006,-0.0006687056098998812,3.176748740687013e-06,0.0,-0.0004457223153771074,1.0186286279390517e-06,1.0186286279390517e-06
twap_300_4_SELL_0.005,twap,300.0,4,SELL,0.005,23.556856824086125,0.11778428412043063,0.11778428412043063,1.0,62957.45,62915.25,62915.350000000006,0.0006702939842702824,1.5883743704012913e-06,1.5883743704012913e-06,0.00023703840186252052,7.941871851601786e-07,7.941871851601786e-07
pov_300_4_SELL_0.005,pov,300.0,4,SELL,0.005,23.556856824086125,0.11778428412043063,0.11778428412043063,1.0,62957.45,62915.350000000006,62915.350000000006,0.0006687056098998812,4.765123110972735e-06,-0.0,-7.272942322383799e-05,7.941871849723721e-07,7.941871849723721e-07
frontload_300_4_SELL_0.005,frontload,300.0,4,SELL,0.005,23.556856824086125,0.11778428412043063,0.11778428412043063,1.0,62957.45,62915.25,62915.350000000006,0.0006702939842702824,1.5883743704012913e-06,1.5883743704012913e-06,9.820327079453379e-05,7.941871851659282e-07,7.941871851659282e-07
adaptive_300_4_SELL_0.005,adaptive,300.0,4,SELL,0.005,23.556856824086125,0.11778428412043063,0.11778428412043063,1.0,62957.45,62915.25,62915.350000000006,0.0006702939842702824,1.5883743704012913e-06,1.5883743704012913e-06,0.00021034673827020745,7.94187185164012e-07,7.94187185164012e-07
rl2_300_4_SELL_0.005,rl2,300.0,4,SELL,0.005,23.556856824086125,0.11778428412043063,0.11778428412043063,1.0,62957.45,62915.05,62915.350000000006,0.0006734707330108539,4.765123110972735e-06,4.765123110972735e-06,0.0004839325337742639,7.941871851668864e-07,7.941871851668864e-07
twap_300_4_BUY_0.01,twap,300.0,4,BUY,0.01,23.556856824086125,0.23556856824086125,0.23556856824086125,1.0,62957.45,62915.45,62915.350000000006,-0.0006671172355297109,3.176748740687013e-06,1.5883743701701523e-06,-0.00023541623049729406,8.279841796968882e-07,8.279841796968882e-07
pov_300_4_BUY_0.01,pov,300.0,4,BUY,0.01,23.556856824086125,0.23556856824086125,0.23556856824086125,1.0,62957.45,62915.350000000006,62915.350000000006,-0.0006687056098998812,4.765123110972735e-06,0.0,4.085151499516237e-05,7.941871851563462e-07,7.941871851563462e-07
frontload_300_4_BUY_0.01,frontload,300.0,4,BUY,0.01,23.556856824086125,0.23556856824086125,0.23556856824086125,1.0,62957.45,62915.350000000006,62915.350000000006,-0.0006687056098998812,3.1767487405714434e-06,0.0,-9.661489642390137e-05,7.941871851103527e-07,7.941871851103527e-07
adaptive_300_4_BUY_0.01,adaptive,300.0,4,BUY,0.01,23.556856824086125,0.23556856824086125,0.23556856824086125,1.0,62957.45,62915.350000000006,62915.350000000006,-0.0006687056098998812,3.1767487405714434e-06,0.0,-0.00026316651766839937,7.94187185145327e-07,7.94187185145327e-07
rl2_300_4_BUY_0.01,rl2,300.0,4,BUY,0.01,23.556856824086125,0.23556856824086125,0.23556856824086125,1.0,62957.45,62915.55,62915.350000000006,-0.0006655288611593096,3.176748740687013e-06,3.1767487405714434e-06,-0.0004746177281387721,8.096702152953875e-07,8.096702152953875e-07
twap_300_4_SELL_0.01,twap,300.0,4,SELL,0.01,23.556856824086125,0.23556856824086125,0.23556856824086125,1.0,62957.45,62915.25,62915.350000000006,0.0006702939842702824,3.176748740687013e-06,1.5883743704012913e-06,0.00023706551752140402,8.213028442267756e-07,8.213028442267756e-07
pov_300_4_SELL_0.01,pov,300.0,4,SELL,0.01,23.556856824086125,0.23556856824086125,0.23556856824086125,1.0,62957.45,62915.350000000006,62915.350000000006,0.0006687056098998812,7.941871851544179e-06,-0.0,-8.361884912852595e-05,7.941871851256839e-07,7.941871851256839e-07
frontload_300_4_SELL_0.01,frontload,300.0,4,SELL,0.01,23.556856824086125,0.23556856824086125,0.23556856824086125,1.0,62957.45,62915.25,62915.350000000006,0.0006702939842702824,3.1767487408025826e-06,1.5883743704012913e-06,9.82977019783721e-05,8.886183693144521e-07,8.886183693144521e-07
adaptive_300_4_SELL_0.01,adaptive,300.0,4,SELL,0.01,23.556856824086125,0.23556856824086125,0.23556856824086125,1.0,62957.45,62915.25,62915.350000000006,0.0006702939842702824,3.1767487405714434e-06,1.5883743704012913e-06,0.00022191032692108205,7.941871851870085e-07,7.941871851870085e-07
rl2_300_4_SELL_0.01,rl2,300.0,4,SELL,0.01,23.556856824086125,0.23556856824086125,0.23556856824086125,1.0,62957.45,62915.05,62915.350000000006,0.0006734707330108539,4.765123110972735e-06,4.765123110972735e-06,0.0004692775242605582,7.94187185203298e-07,7.94187185203298e-07
twap_300_4_BUY_0.02,twap,300.0,4,BUY,0.02,23.556856824086125,0.4711371364817225,0.4711371364817225,1.0,62957.45,62915.45,62915.350000000006,-0.0006671172355297109,3.1767487408025826e-06,1.5883743701701523e-06,-0.00023532724732023817,9.169673567705091e-07,9.169673567705091e-07
pov_300_4_BUY_0.02,pov,300.0,4,BUY,0.02,23.556856824086125,0.4711371364817225,0.4711371364817225,1.0,62957.45,62915.350000000006,62915.350000000006,-0.0006687056098998812,7.941871851544179e-06,0.0,6.49543568365694e-05,7.941871851563462e-07,7.941871851563462e-07
frontload_300_4_BUY_0.02,frontload,300.0,4,BUY,0.02,23.556856824086125,0.4711371364817225,0.4711371364817225,1.0,62957.45,62915.350000000006,62915.350000000006,-0.0006687056098998812,3.1767487408025826e-06,0.0,-9.655384883465912e-05,8.552347741602747e-07,8.552347741602747e-07
adaptive_300_4_BUY_0.02,adaptive,300.0,4,BUY,0.02,23.556856824086125,0.4711371364817225,0.4711371364817225,1.0,62957.45,62915.350000000006,62915.350000000006,-0.0006687056098998812,3.1767487408025826e-06,0.0,-0.0002672075165517957,7.941871851170601e-07,7.941871851170601e-07
rl2_300_4_BUY_0.02,rl2,300.0,4,BUY,0.02,23.556856824086125,0.4711371364817225,0.4711371364817225,1.0,62957.45,62915.350000000006,62915.350000000006,-0.0006687056098998812,9.53024622194547e-06,0.0,-0.000508644141909042,2.17852443478941e-06,2.17852443478941e-06
twap_300_4_SELL_0.02,twap,300.0,4,SELL,0.02,23.556856824086125,0.4711371364817225,0.4711371364817225,1.0,62957.45,62915.15000000001,62915.350000000006,0.0006718823586404526,3.1767487408025826e-06,3.1767487405714434e-06,0.0002372271037376363,9.828890603166095e-07,9.828890603166095e-07
pov_300_4_SELL_0.02,pov,300.0,4,SELL,0.02,23.556856824086125,0.4711371364817225,0.4711371364817225,1.0,62957.45,62915.350000000006,62915.350000000006,0.0006687056098998812,1.111862059234676e-05,-0.0,-8.790416066274541e-05,7.94187185049028e-07,7.94187185049028e-07
frontload_300_4_SELL_0.02,frontload,300.0,4,SELL,0.02,23.556856824086125,0.4711371364817225,0.4711371364817225,1.0,62957.45,62915.25,62915.350000000006,0.0006702939842702824,3.1767487408025826e-06,1.5883743704012913e-06,9.860291906949896e-05,1.19383546020151e-06,1.19383546020151e-06
adaptive_300_4_SELL_0.02,adaptive,300.0,4,SELL,0.02,23.556856824086125,0.4711371364817225,0.4711371364817225,1.0,62957.45,62915.25,62915.350000000006,0.0006702939842702824,3.1767487408025826e-06,1.5883743704012913e-06,0.0002374654207090518,7.941871851783849e-07,7.941871851783849e-07
rl2_300_4_SELL_0.02,rl2,300.0,4,SELL,0.02,23.556856824086125,0.4711371364817225,0.4711371364817225,1.0,62957.45,62914.850000000006,62915.350000000006,0.0006766474817514253,7.941871851544179e-06,7.941871851544179e-06,0.0004872740364812598,8.967956820167076e-07,8.967956820167076e-07
twap_300_4_BUY_0.05,twap,300.0,4,BUY,0.05,23.556856824086125,1.1778428412043063,1.1778428412043063,1.0,62957.45,62915.55,62915.350000000006,-0.0006655288611593096,6.353497481374026e-06,3.1767487405714434e-06,-0.00023524460731217723,9.996073648595743e-07,9.996073648595743e-07
pov_300_4_BUY_0.05,pov,300.0,4,BUY,0.05,23.556856824086125,1.1778428412043063,1.1778428412043063,1.0,62957.45,62915.350000000006,62915.350000000006,-0.0006687056098998812,1.4295369332687065e-05,0.0,3.659179306712893e-05,7.941871850950214e-07,7.941871850950214e-07
frontload_300_4_BUY_0.05,frontload,300.0,4,BUY,0.05,23.556856824086125,1.1778428412043063,1.1778428412043063,1.0,62957.45,62915.45,62915.350000000006,-0.0006671172355297109,6.353497481374026e-06,1.5883743701701523e-06,-9.642178386700005e-05,9.872997415940825e-07,9.872997415940825e-07
adaptive_300_4_BUY_0.05,adaptive,300.0,4,BUY,0.05,23.556856824086125,1.1778428412043063,1.1778428412043063,1.0,62957.45,62915.350000000006,62915.350000000006,-0.0006687056098998812,4.765123110972735e-06,0.0,-0.000269163579438827,8.170867193001044e-07,8.170867193001044e-07
rl2_300_4_BUY_0.05,rl2,300.0,4,BUY,0.05,23.556856824086125,1.1778428412043063,1.1778428412043063,1.0,62957.45,62915.350000000006,62915.350000000006,-0.0006687056098998812,9.530246221714331e-06,0.0,-0.00039113016384496706,1.064992576640987e-06,1.064992576640987e-06
twap_300_4_SELL_0.05,twap,300.0,4,SELL,0.05,23.556856824086125,1.1778428412043063,1.1778428412043063,1.0,62957.45,62915.05,62915.350000000006,0.0006734707330108539,4.765123110972735e-06,4.765123110972735e-06,0.000237507043445339,1.262828768285677e-06,1.262828768285677e-06
pov_300_4_SELL_0.05,pov,300.0,4,SELL,0.05,23.556856824086125,1.1778428412043063,1.1778428412043063,1.0,62957.45,62915.350000000006,62915.350000000006,0.0006687056098998812,1.111862059234676e-05,-0.0,-2.7843009833808465e-05,7.941871851291333e-07,7.941871851291333e-07
frontload_300_4_SELL_0.05,frontload,300.0,4,SELL,0.05,23.556856824086125,1.1778428412043063,1.1778428412043063,1.0,62957.45,62915.15000000001,62915.350000000006,0.0006718823586404526,7.941871851544179e-06,3.1767487405714434e-06,9.921495492489013e-05,1.8058713163279865e-06,1.8058713163279865e-06
adaptive_300_4_SELL_0.05,adaptive,300.0,4,SELL,0.05,23.556856824086125,1.1778428412043063,1.1778428412043063,1.0,62957.45,62915.25,62915.350000000006,0.0006702939842702824,4.765123110972735e-06,1.5883743704012913e-06,0.00025988589015073373,8.871627368384969e-07,8.871627368384969e-07
rl2_300_4_SELL_0.05,rl2,300.0,4,SELL,0.05,23.556856824086125,1.1778428412043063,1.1778428412043063,1.0,62957.45,62914.75,62915.350000000006,0.0006782358561218265,1.4295369332918205e-05,9.53024622194547e-06,0.00044191866652515817,2.1169208146147027e-06,2.1169208146147027e-06
twap_300_4_BUY_0.1,twap,300.0,4,BUY,0.1,23.556856824086125,2.3556856824086125,2.3556856824086125,1.0,62957.45,62915.65000000001,62915.350000000006,-0.0006639404867889084,7.941871851544179e-06,4.765123110972735e-06,-0.00023499289260233482,1.2513220744941213e-06,1.2513220744941213e-06
pov_300_4_BUY_0.1,pov,300.0,4,BUY,0.1,23.556856824086125,2.3556856824086125,2.3556856824086125,1.0,62957.45,62915.350000000006,62915.350000000006,-0.0006687056098998812,1.90604924436598e-05,0.0,3.683020787304988e-05,8.225135747442365e-07,8.225135747442365e-07
frontload_300_4_BUY_0.1,frontload,300.0,4,BUY,0.1,23.556856824086125,2.3556856824086125,2.3556856824086125,1.0,62957.45,62915.45,62915.350000000006,-0.0006671172355297109,9.53024622194547e-06,1.5883743701701523e-06,-9.607840106472411e-05,1.3306825438529572e-06,1.3306825438529572e-06
adaptive_300_4_BUY_0.1,adaptive,300.0,4,BUY,0.1,23.556856824086125,2.3556856824086125,2.3556856824086125,1.0,62957.45,62915.45,62915.350000000006,-0.0006671172355297109,7.941871851544179e-06,1.5883743701701523e-06,-0.0002893727863408483,8.409336698676897e-07,8.409336698676897e-07
rl2_300_4_BUY_0.1,rl2,300.0,4,BUY,0.1,23.556856824086125,2.3556856824086125,2.3556856824086125,1.0,62957.45,62916.45,62915.350000000006,-0.0006512334918266226,1.7472118073258508e-05,1.7472118073258508e-05,-0.00041010060198667166,2.9591807971609584e-06,2.9591807971609584e-06
twap_300_4_SELL_0.1,twap,300.0,4,SELL,0.1,23.556856824086125,2.3556856824086125,2.3556856824086125,1.0,62957.45,62915.05,62915.350000000006,0.0006734707330108539,7.941871851544179e-06,4.765123110972735e-06,0.0002380024031286092,1.758188451506199e-06,1.758188451506199e-06
pov_300_4_SELL_0.1,pov,300.0,4,SELL,0.1,23.556856824086125,2.3556856824086125,2.3556856824086125,1.0,62957.45,62915.350000000006,62915.350000000006,0.0006687056098998812,1.4295369332687065e-05,-0.0,1.2461294833349451e-05,9.668511699007107e-07,9.668511699007107e-07
frontload_300_4_SELL_0.1,frontload,300.0,4,SELL,0.1,23.556856824086125,2.3556856824086125,2.3556856824086125,1.0,62957.45,62915.15000000001,62915.350000000006,0.0006718823586404526,1.1118620592115622e-05,3.1767487405714434e-06,9.969307246690715e-05,2.2839888583379836e-06,2.2839888583379836e-06
adaptive_300_4_SELL_0.1,adaptive,300.0,4,SELL,0.1,23.556856824086125,2.3556856824086125,2.3556856824086125,1.0,62957.45,62915.15000000001,62915.350000000006,0.0006718823586404526,7.941871851544179e-06,3.1767487405714434e-06,0.0002833020079446281,9.85423506380851e-07,9.85423506380851e-07
rl2_300_4_SELL_0.1,rl2,300.0,4,SELL,0.1,23.556856824086125,2.3556856824086125,2.3556856824086125,1.0,62957.45,62914.850000000006,62915.350000000006,0.0006766474817514253,1.7472118073489647e-05,7.941871851544179e-06,0.0003542937277142002,2.6173064067924943e-06,2.6173064067924943e-06
twap_300_4_BUY_0.2,twap,300.0,4,BUY,0.2,23.556856824086125,4.711371364817225,4.711371364817225,1.0,62957.45,62915.75,62915.350000000006,-0.0006623521124187382,1.1118620592115622e-05,6.353497481142887e-06,-0.00023439344120526625,1.8507734718592818e-06,1.8507734718592818e-06
pov_300_4_BUY_0.2,pov,300.0,4,BUY,0.2,23.556856824086125,4.711371364817225,4.711371364817225,1.0,62957.45,62915.350000000006,62915.350000000006,-0.0006687056098998812,1.90604924436598e-05,0.0,-4.210060095912083e-06,8.083504284106323e-07,8.083504284106323e-07
frontload_300_4_BUY_0.2,frontload,300.0,4,BUY,0.2,23.556856824086125,4.711371364817225,4.711371364817225,1.0,62957.45,62915.55,62915.350000000006,-0.0006655288611593096,1.4295369332687065e-05,3.1767487405714434e-06,-9.51514901972263e-05,2.2575934114355936e-06,2.2575934114355936e-06
adaptive_300_4_BUY_0.2,adaptive,300.0,4,BUY,0.2,23.556856824086125,4.711371364817225,4.711371364817225,1.0,62957.45,62915.55,62915.350000000006,-0.0006655288611593096,1.1118620592115622e-05,3.1767487405714434e-06,-0.0003170560842172398,8.950783749768302e-07,8.950783749768302e-07
rl2_300_4_BUY_0.2,rl2,300.0,4,BUY,0.2,23.556856824086125,4.711371364817225,4.711371364817225,1.0,62957.45,62917.65000000001,62915.350000000006,-0.0006321729993827317,3.6532610517149444e-05,3.6532610517149444e-05,-0.00042387198085321666,5.650998145928847e-06,5.650998145928847e-06
twap_300_4_SELL_0.2,twap,300.0,4,SELL,0.2,23.556856824086125,4.711371364817225,4.711371364817225,1.0,62957.45,62914.850000000006,62915.350000000006,0.0006766474817514253,1.2706994962516913e-05,7.941871851544179e-06,0.0002384753755108032,2.2311608338822352e-06,2.2311608338822352e-06
pov_300_4_SELL_0.2,pov,300.0,4,SELL,0.2,23.556856824086125,4.711371364817225,4.711371364817225,1.0,62957.45,62915.350000000006,62915.350000000006,0.0006687056098998812,1.90604924436598e-05,-0.0,0.00013102205763231887,9.544212283195858e-07,9.544212283195858e-07
frontload_300_4_SELL_0.2,frontload,300.0,4,SELL,0.2,23.556856824086125,4.711371364817225,4.711371364817225,1.0,62957.45,62915.05,62915.350000000006,0.0006734707330108539,1.4295369332687065e-05,4.765123110972735e-06,0.00010054624129038399,3.137157681846573e-06,3.137157681846573e-06
adaptive_300_4_SELL_0.2,adaptive,300.0,4,SELL,0.2,23.556856824086125,4.711371364817225,4.711371364817225,1.0,62957.45,62915.05,62915.350000000006,0.0006734707330108539,1.1118620592115622e-05,4.765123110972735e-06,0.00031369632437582457,1.0816570586299533e-06,1.0816570586299533e-06
rl2_300_4_SELL_0.2,rl2,300.0,4,SELL,0.2,23.556856824086125,4.711371364817225,4.711371364817225,1.0,62957.45,62914.05,62915.350000000006,0.0006893544767139422,2.064886681406109e-05,2.064886681406109e-05,0.0003072447207061283,3.91037529027804e-06,3.91037529027804e-06
twap_600_0_BUY_0.001,twap,600.0,0,BUY,0.001,17.371749283631743,0.017371749283631745,0.017371749283631745,1.0,63008.850000000006,62991.15000000001,62991.15000000001,-0.0002809129193755653,1.587078640632558e-06,0.0,-0.0001360919934270824,8.728932522683794e-07,8.728932522683794e-07
pov_600_0_BUY_0.001,pov,600.0,0,BUY,0.001,17.371749283631743,0.017371749283631745,0.017371749283631745,1.0,63008.850000000006,62991.15000000001,62991.15000000001,-0.0002809129193755653,1.5870786404016078e-06,0.0,7.93539320316279e-07,7.935393201802464e-07,7.935393201802464e-07
frontload_600_0_BUY_0.001,frontload,600.0,0,BUY,0.001,17.371749283631743,0.017371749283631745,0.017371749283631745,1.0,63008.850000000006,62991.15000000001,62991.15000000001,-0.0002809129193755653,1.587078640632558e-06,0.0,-0.00010097142399396673,9.389934027715281e-07,9.389934027715281e-07
adaptive_600_0_BUY_0.001,adaptive,600.0,0,BUY,0.001,17.371749283631743,0.017371749283631745,0.017371749283631745,1.0,63008.850000000006,62991.15000000001,62991.15000000001,-0.0002809129193755653,1.587078640632558e-06,0.0,-0.0001357656353439561,8.582318309727718e-07,8.582318309727718e-07
rl2_600_0_BUY_0.001,rl2,600.0,0,BUY,0.001,17.371749283631743,0.017371749283631745,0.017371749283631745,1.0,63008.850000000006,62991.15000000001,62991.15000000001,-0.0002809129193755653,1.587078640632558e-06,0.0,-0.0002184456815507389,8.570961162982265e-07,8.570961162982265e-07
twap_600_0_SELL_0.001,twap,600.0,0,SELL,0.001,17.371749283631743,0.017371749283631745,0.017371749283631745,1.0,63008.850000000006,62991.15000000001,62991.15000000001,0.0002809129193755653,1.587078640632558e-06,-0.0,0.0001378113286202542,8.464419416264309e-07,8.464419416264309e-07
pov_600_0_SELL_0.001,pov,600.0,0,SELL,0.001,17.371749283631743,0.017371749283631745,0.017371749283631745,1.0,63008.850000000006,62991.15000000001,62991.15000000001,0.0002809129193755653,3.174157281034166e-06,-0.0,7.93539320316279e-07,7.935393203879745e-07,7.935393203879745e-07
frontload_600_0_SELL_0.001,frontload,600.0,0,SELL,0.001,17.371749283631743,0.017371749283631745,0.017371749283631745,1.0,63008.850000000006,62991.15000000001,62991.15000000001,0.0002809129193755653,1.587078640632558e-06,-0.0,0.00010281024158765861,8.998241910599591e-07,8.998241910599591e-07
adaptive_600_0_SELL_0.001,adaptive,600.0,0,SELL,0.001,17.371749283631743,0.017371749283631745,0.017371749283631745,1.0,63008.850000000006,62991.15000000001,62991.15000000001,0.0002809129193755653,1.587078640632558e-06,-0.0,0.0001313566035715312,8.084070600501194e-07,8.084070600501194e-07
rl2_600_0_SELL_0.001,rl2,600.0,0,SELL,0.001,17.371749283631743,0.017371749283631745,0.017371749283631745,1.0,63008.850000000006,62991.05,62991.15000000001,0.00028249999801619786,1.587078640632558e-06,1.587078640632558e-06,0.0001828198823628864,8.07410615129755e-07,8.07410615129755e-07
twap_600_0_BUY_0.0025,twap,600.0,0,BUY,0.0025,17.371749283631743,0.04342937320907936,0.04342937320907936,1.0,63008.850000000006,62991.15000000001,62991.15000000001,-0.0002809129193755653,1.587078640632558e-06,0.0,-0.00013609199342627407,8.728932522683805e-07,8.728932522683805e-07
pov_600_0_BUY_0.0025,pov,600.0,0,BUY,0.0025,17.371749283631743,0.04342937320907936,0.04342937320907936,1.0,63008.850000000006,62991.15000000001,62991.15000000001,-0.0002809129193755653,3.174157281034166e-06,0.0,7.935393202008039e-07,7.935393202633378e-07,7.935393202633378e-07
frontload_600_0_BUY_0.0025,frontload,600.0,0,BUY,0.0025,17.371749283631743,0.04342937320907936,0.04342937320907936,1.0,63008.850000000006,62991.15000000001,62991.15000000001,-0.0002809129193755653,1.587078640632558e-06,0.0,-0.00010097142399396673,9.389934027684448e-07,9.389934027684448e-07
adaptive_600_0_BUY_0.0025,adaptive,600.0,0,BUY,0.0025,17.371749283631743,0.04342937320907936,0.04342937320907936,1.0,63008.850000000006,62991.15000000001,62991.15000000001,-0.0002809129193755653,1.587078640632558e-06,0.0,-0.00013576666050791196,8.582303907536121e-07,8.582303907536121e-07
rl2_600_0_BUY_0.0025,rl2,600.0,0,BUY,0.0025,17.371749283631743,0.04342937320907936,0.04342937320907936,1.0,63008.850000000006,62991.15000000001,62991.15000000001,-0.0002809129193755653,1.587078640632558e-06,0.0,-0.00021844568155096985,8.570961162925465e-07,8.570961162925465e-07
twap_600_0_SELL_0.0025,twap,600.0,0,SELL,0.0025,17.371749283631743,0.04342937320907936,0.04342937320907936,1.0,63008.850000000006,62991.15000000001,62991.15000000001,0.0002809129193755653,1.587078640632558e-06,-0.0,0.0001378113286201387,8.464419416251337e-07,8.464419416251337e-07
pov_600_0_SELL_0.0025,pov,600.0,0,SELL,0.0025,17.371749283631743,0.04342937320907936,0.04342937320907936,1.0,63008.850000000006,62991.15000000001,62991.15000000001,0.0002809129193755653,3.174157281034166e-06,-0.0,-1.2310020452295935e-05,7.935393203464291e-07,7.935393203464291e-07
frontload_600_0_SELL_0.0025,frontload,600.0,0,SELL,0.0025,17.371749283631743,0.04342937320907936,0.04342937320907936,1.0,63008.850000000006,62991.15000000001,62991.15000000001,0.0002809129193755653,1.587078640632558e-06,-0.0,0.00010281024158765861,8.998241910664506e-07,8.998241910664506e-07
adaptive_600_0_SELL_0.0025,adaptive,600.0,0,SELL,0.0025,17.371749283631743,0.04342937320907936,0.04342937320907936,1.0,63008.850000000006,62991.15000000001,62991.15000000001,0.0002809129193755653,1.587078640632558e-06,-0.0,0.00013135716832340068,8.084065371295653e-07,8.084065371295653e-07
rl2_600_0_SELL_0.0025,rl2,600.0,0,SELL,0.0025,17.371749283631743,0.04342937320907936,0.04342937320907936,1.0,63008.850000000006,62991.05,62991.15000000001,0.00028249999801619786,1.587078640632558e-06,1.587078640632558e-06,0.00018281988236311736,8.074106151221277e-07,8.074106151221277e-07
twap_600_0_BUY_0.005,twap,600.0,0,BUY,0.005,17.371749283631743,0.08685874641815872,0.08685874641815872,1.0,63008.850000000006,62991.15000000001,62991.15000000001,-0.0002809129193755653,1.587078640632558e-06,0.0,-0.00013606554211565076,8.993445629427864e-07,8.993445629427864e-07
pov_600_0_BUY_0.005,pov,600.0,0,BUY,0.005,17.371749283631743,0.08685874641815872,0.08685874641815872,1.0,63008.850000000006,62991.15000000001,62991.15000000001,-0.0002809129193755653,3.174157281265116e-06,0.0,9.606020333240379e-06,7.935393201802466e-07,7.935393201802466e-07
frontload_600_0_BUY_0.005,frontload,600.0,0,BUY,0.005,17.371749283631743,0.08685874641815872,0.08685874641815872,1.0,63008.850000000006,62991.15000000001,62991.15000000001,-0.0002809129193755653,1.587078640632558e-06,0.0,-0.00010094255389922493,9.678634975736464e-07,9.678634975736464e-07
adaptive_600_0_BUY_0.005,adaptive,600.0,0,BUY,0.005,17.371749283631743,0.08685874641815872,0.08685874641815872,1.0,63008.850000000006,62991.15000000001,62991.15000000001,-0.0002809129193755653,1.587078640632558e-06,0.0,-0.00013574508492510357,8.809559575573616e-07,8.809559575573616e-07
rl2_600_0_BUY_0.005,rl2,600.0,0,BUY,0.005,17.371749283631743,0.08685874641815872,0.08685874641815872,1.0,63008.850000000006,62991.15000000001,62991.15000000001,-0.0002809129193755653,1.587078640632558e-06,0.0,-0.00021844568155096985,8.570961162925465e-07,8.570961162925465e-07
twap_600_0_SELL_0.005,twap,600.0,0,SELL,0.005,17.371749283631743,0.08685874641815872,0.08685874641815872,1.0,63008.850000000006,62991.15000000001,62991.15000000001,0.0002809129193755653,1.587078640632558e-06,-0.0,0.0001378113286201387,8.464419416251337e-07,8.464419416251337e-07
pov_600_0_SELL_0.005,pov,600.0,0,SELL,0.005,17.371749283631743,0.08685874641815872,0.08685874641815872,1.0,63008.850000000006,62991.15000000001,62991.15000000001,0.0002809129193755653,3.174157281265116e-06,-0.0,-5.195753866587746e-06,7.935393202633378e-07,7.935393202633378e-07
frontload_600_0_SELL_0.005,frontload,600.0,0,SELL,0.005,17.371749283631743,0.08685874641815872,0.08685874641815872,1.0,63008.850000000006,62991.15000000001,62991.15000000001,0.0002809129193755653,1.587078640632558e-06,-0.0,0.00010281024158765861,8.998241910664506e-07,8.998241910664506e-07
adaptive_600_0_SELL_0.005,adaptive,600.0,0,SELL,0.005,17.371749283631743,0.08685874641815872,0.08685874641815872,1.0,63008.850000000006,62991.15000000001,62991.15000000001,0.0002809129193755653,1.587078640632558e-06,-0.0,0.00013135780502473028,8.084059479213779e-07,8.084059479213779e-07
rl2_600_0_SELL_0.005,rl2,600.0,0,SELL,0.005,17.371749283631743,0.08685874641815872,0.08685874641815872,1.0,63008.850000000006,62990.95,62991.15000000001,0.00028408707665683044,3.174157281265116e-06,3.174157281265116e-06,0.00018281988236311736,8.074106151221277e-07,8.074106151221277e-07
twap_600_0_BUY_0.01,twap,600.0,0,BUY,0.01,17.371749283631743,0.17371749283631743,0.17371749283631743,1.0,63008.850000000006,62991.25,62991.15000000001,-0.0002793258407351637,3.174157281034166e-06,1.5870786404016078e-06,-0.00013606554211565076,8.993445629427864e-07,8.993445629427864e-07
pov_600_0_BUY_0.01,pov,600.0,0,BUY,0.01,17.371749283631743,0.17371749283631743,0.17371749283631743,1.0,63008.850000000006,62991.15000000001,62991.15000000001,-0.0002809129193755653,4.761235921666724e-06,0.0,1.8221852408633405e-05,7.935393202114058e-07,7.935393202114058e-07
frontload_600_0_BUY_0.01,frontload,600.0,0,BUY,0.01,17.371749283631743,0.17371749283631743,0.17371749283631743,1.0,63008.850000000006,62991.15000000001,62991.15000000001,-0.0002809129193755653,1.587078640632558e-06,0.0,-0.00010094255389922493,9.678634975736464e-07,9.678634975736464e-07
adaptive_600_0_BUY_0.01,adaptive,600.0,0,BUY,0.01,17.371749283631743,0.17371749283631743,0.17371749283631743,1.0,63008.850000000006,62991.15000000001,62991.15000000001,-0.0002809129193755653,3.174157281034166e-06,0.0,-0.0001357472849331998,8.809520557435874e-07,8.809520557435874e-07
rl2_600_0_BUY_0.01,rl2,600.0,0,BUY,0.01,17.371749283631743,0.17371749283631743,0.17371749283631743,1.0,63008.850000000006,62991.350000000006,62991.15000000001,-0.0002777387620945311,3.174157281265116e-06,3.174157281034166e-06,-0.00021752289673749342,8.570961162990381e-07,8.570961162990381e-07
twap_600_0_SELL_0.01,twap,600.0,0,SELL,0.01,17.371749283631743,0.17371749283631743,0.17371749283631743,1.0,63008.850000000006,62991.05,62991.15000000001,0.00028249999801619786,1.587078640632558e-06,1.587078640632558e-06,0.0001378113286201387,8.464419416251337e-07,8.464419416251337e-07
pov_600_0_SELL_0.01,pov,600.0,0,SELL,0.01,17.371749283631743,0.17371749283631743,0.17371749283631743,1.0,63008.850000000006,62991.15000000001,62991.15000000001,0.0002809129193755653,4.761235921666724e-06,-0.0,-6.854968784542581e-06,2.2151360532497117e-06,2.2151360532497117e-06
frontload_600_0_SELL_0.01,frontload,600.0,0,SELL,0.01,17.371749283631743,0.17371749283631743,0.17371749283631743,1.0,63008.850000000006,62991.15000000001,62991.15000000001,0.0002809129193755653,1.587078640632558e-06,-0.0,0.00010281024158765861,8.998241910664506e-07,8.998241910664506e-07
adaptive_600_0_SELL_0.01,adaptive,600.0,0,SELL,0.01,17.371749283631743,0.17371749283631743,0.17371749283631743,1.0,63008.850000000006,62991.15000000001,62991.15000000001,0.0002809129193755653,1.587078640632558e-06,-0.0,0.0001313587043789512,8.084051148197251e-07,8.084051148197251e-07
rl2_600_0_SELL_0.01,rl2,600.0,0,SELL,0.01,17.371749283631743,0.17371749283631743,0.17371749283631743,1.0,63008.850000000006,62990.95,62991.15000000001,0.00028408707665683044,3.174157281265116e-06,3.174157281265116e-06,0.00018281988236311736,8.074106151221277e-07,8.074106151221277e-07
twap_600_0_BUY_0.02,twap,600.0,0,BUY,0.02,17.371749283631743,0.34743498567263487,0.34743498567263487,1.0,63008.850000000006,62991.25,62991.15000000001,-0.0002793258407351637,3.174157281034166e-06,1.5870786404016078e-06,-0.00013606554211565076,8.993445629427864e-07,8.993445629427864e-07
pov_600_0_BUY_0.02,pov,600.0,0,BUY,0.02,17.371749283631743,0.34743498567263487,0.34743498567263487,1.0,63008.850000000006,62991.15000000001,62991.15000000001,-0.0002809129193755653,7.93539320270089e-06,0.0,7.12707790364148e-06,7.935393202425651e-07,7.935393202425651e-07
frontload_600_0_BUY_0.02,frontload,600.0,0,BUY,0.02,17.371749283631743,0.34743498567263487,0.34743498567263487,1.0,63008.850000000006,62991.15000000001,62991.15000000001,-0.0002809129193755653,3.174157281034166e-06,0.0,-0.00010094255389922493,9.678634975736464e-07,9.678634975736464e-07
adaptive_600_0_BUY_0.02,adaptive,600.0,0,BUY,0.02,17.371749283631743,0.34743498567263487,0.34743498567263487,1.0,63008.850000000006,62991.15000000001,62991.15000000001,-0.0002809129193755653,3.174157281034166e-06,0.0,-0.0001357501545342264,8.809465376020053e-07,8.809465376020053e-07
rl2_600_0_BUY_0.02,rl2,600.0,0,BUY,0.02,17.371749283631743,0.34743498567263487,0.34743498567263487,1.0,63008.850000000006,62991.15000000001,62991.15000000001,-0.0002809129193755653,4.761235921666724e-06,0.0,-0.00022034505010553866,1.3835764668096404e-06,1.3835764668096404e-06
twap_600_0_SELL_0.02,twap,600.0,0,SELL,0.02,17.371749283631743,0.34743498567263487,0.34743498567263487,1.0,63008.850000000006,62991.05,62991.15000000001,0.00028249999801619786,1.587078640632558e-06,1.587078640632558e-06,0.0001378113286201387,8.464419416251337e-07,8.464419416251337e-07
pov_600_0_SELL_0.02,pov,600.0,0,SELL,0.02,17.371749283631743,0.34743498567263487,0.34743498567263487,1.0,63008.850000000006,62991.15000000001,62991.15000000001,0.0002809129193755653,7.93539320270089e-06,-0.0,-6.204872013262792e-06,3.091416327324746e-06,3.091416327324746e-06
frontload_600_0_SELL_0.02,frontload,600.0,0,SELL,0.02,17.371749283631743,0.34743498567263487,0.34743498567263487,1.0,63008.850000000006,62991.15000000001,62991.15000000001,0.0002809129193755653,3.174157281034166e-06,-0.0,0.00010281024158765861,8.998241910664506e-07,8.998241910664506e-07
adaptive_600_0_SELL_0.02,adaptive,600.0,0,SELL,0.02,17.371749283631743,0.34743498567263487,0.34743498567263487,1.0,63008.850000000006,62991.15000000001,62991.15000000001,0.0002809129193755653,1.587078640632558e-06,-0.0,0.00013135996472864368,8.084039370018667e-07,8.084039370018667e-07
rl2_600_0_SELL_0.02,rl2,600.0,0,SELL,0.02,17.371749283631743,0.34743498567263487,0.34743498567263487,1.0,63008.850000000006,62990.850000000006,62991.15000000001,0.000285674155297232,4.761235921666724e-06,4.761235921666724e-06,0.00018160254305423223,8.24228990858537e-07,8.24228990858537e-07
twap_600_0_BUY_0.05,twap,600.0,0,BUY,0.05,17.371749283631743,0.8685874641815872,0.8685874641815872,1.0,63008.850000000006,62991.25,62991.15000000001,-0.0002793258407351637,3.174157281265116e-06,1.5870786404016078e-06,-0.00013605988307391955,9.050036045526648e-07,9.050036045526648e-07
pov_600_0_BUY_0.05,pov,600.0,0,BUY,0.05,17.371749283631743,0.8685874641815872,0.8685874641815872,1.0,63008.850000000006,62991.15000000001,62991.15000000001,-0.0002809129193755653,1.4283707765000172e-05,0.0,4.7021320057704007e-07,7.935393200888464e-07,7.935393200888464e-07
frontload_600_0_BUY_0.05,frontload,600.0,0,BUY,0.05,17.371749283631743,0.8685874641815872,0.8685874641815872,1.0,63008.850000000006,62991.25,62991.15000000001,-0.0002793258407351637,3.174157281265116e-06,1.5870786404016078e-06,-0.00010082284865599356,1.087568741191237e-06,1.087568741191237e-06
adaptive_600_0_BUY_0.05,adaptive,600.0,0,BUY,0.05,17.371749283631743,0.8685874641815872,0.8685874641815872,1.0,63008.850000000006,62991.15000000001,62991.15000000001,-0.0002809129193755653,3.174157281265116e-06,0.0,-0.00014247933559502165,8.809355882153e-07,8.809355882153e-07
rl2_600_0_BUY_0.05,rl2,600.0,0,BUY,0.05,17.371749283631743,0.8685874641815872,0.8685874641815872,1.0,63008.850000000006,62991.15000000001,62991.15000000001,-0.0002809129193755653,7.93539320270089e-06,0.0,-0.00018112836474316275,1.6653261825751145e-06,1.6653261825751145e-06
twap_600_0_SELL_0.05,twap,600.0,0,SELL,0.05,17.371749283631743,0.8685874641815872,0.8685874641815872,1.0,63008.850000000006,62991.05,62991.15000000001,0.00028249999801619786,3.174157281265116e-06,1.587078640632558e-06,0.0001378113286196768,8.464419416038406e-07,8.464419416038406e-07
pov_600_0_SELL_0.05,pov,600.0,0,SELL,0.05,17.371749283631743,0.8685874641815872,0.8685874641815872,1.0,63008.850000000006,62991.15000000001,62991.15000000001,0.0002809129193755653,1.2696629124367614e-05,-0.0,-1.8888511242775296e-05,2.7596651402916273e-06,2.7596651402916273e-06
frontload_600_0_SELL_0.05,frontload,600.0,0,SELL,0.05,17.371749283631743,0.8685874641815872,0.8685874641815872,1.0,63008.850000000006,62991.05,62991.15000000001,0.00028249999801619786,4.761235921666724e-06,1.587078640632558e-06,0.00010292390210278654,1.0134847055577145e-06,1.0134847055577145e-06
adaptive_600_0_SELL_0.05,adaptive,600.0,0,SELL,0.05,17.371749283631743,0.8685874641815872,0.8685874641815872,1.0,63008.850000000006,62991.15000000001,62991.15000000001,0.0002809129193755653,3.174157281265116e-06,-0.0,0.00013707058137611222,8.084016013158287e-07,8.084016013158287e-07
rl2_600_0_SELL_0.05,rl2,600.0,0,SELL,0.05,17.371749283631743,0.8685874641815872,0.8685874641815872,1.0,63008.850000000006,62990.75,62991.15000000001,0.0002872612339378646,7.93539320270089e-06,6.348314562299282e-06,0.00021077326586269992,1.192046798688386e-06,1.192046798688386e-06
twap_600_0_BUY_0.1,twap,600.0,0,BUY,0.1,17.371749283631743,1.7371749283631743,1.7371749283631743,1.0,63008.850000000006,62991.350000000006,62991.15000000001,-0.0002777387620945311,4.7612359214357735e-06,3.174157281034166e-06,-0.00013587454004218596,1.0903466361146376e-06,1.0903466361146376e-06
pov_600_0_BUY_0.1,pov,600.0,0,BUY,0.1,17.371749283631743,1.7371749283631743,1.7371749283631743,1.0,63008.850000000006,62991.15000000001,62991.15000000001,-0.0002809129193755653,1.587078640540178e-05,0.0,1.5149657716513475e-05,1.0100742803081942e-06,1.0100742803081942e-06
frontload_600_0_BUY_0.1,frontload,600.0,0,BUY,0.1,17.371749283631743,1.7371749283631743,1.7371749283631743,1.0,63008.850000000006,62991.25,62991.15000000001,-0.0002793258407351637,4.761235921666724e-06,1.5870786404016078e-06,-0.00010064381532307233,1.266602074090272e-06,1.266602074090272e-06
adaptive_600_0_BUY_0.1,adaptive,600.0,0,BUY,0.1,17.371749283631743,1.7371749283631743,1.7371749283631743,1.0,63008.850000000006,62991.25,62991.15000000001,-0.0002793258407351637,4.761235921666724e-06,1.5870786404016078e-06,-0.0001500802842521277,8.82201249809113e-07,8.82201249809113e-07
rl2_600_0_BUY_0.1,rl2,600.0,0,BUY,0.1,17.371749283631743,1.7371749283631743,1.7371749283631743,1.0,63008.850000000006,62992.05,62991.15000000001,-0.0002666292116107961,1.4283707764769222e-05,1.4283707764769222e-05,-0.00019387638557263274,2.2263838644617527e-06,2.2263838644617527e-06
twap_600_0_SELL_0.1,twap,600.0,0,SELL,0.1,17.371749283631743,1.7371749283631743,1.7371749283631743,1.0,63008.850000000006,62990.95,62991.15000000001,0.00028408707665683044,4.761235921666724e-06,3.174157281265116e-06,0.00013794583626006052,9.809495817956858e-07,9.809495817956858e-07
pov_600_0_SELL_0.1,pov,600.0,0,SELL,0.1,17.371749283631743,1.7371749283631743,1.7371749283631743,1.0,63008.850000000006,62991.15000000001,62991.15000000001,0.0002809129193755653,1.2696629124367614e-05,-0.0,-7.218524618500203e-05,1.7766022302941007e-06,1.7766022302941007e-06
frontload_600_0_SELL_0.1,frontload,600.0,0,SELL,0.1,17.371749283631743,1.7371749283631743,1.7371749283631743,1.0,63008.850000000006,62991.05,62991.15000000001,0.00028249999801619786,6.348314562299282e-06,1.587078640632558e-06,0.00010310650146390003,1.1960840668183965e-06,1.1960840668183965e-06
adaptive_600_0_SELL_0.1,adaptive,600.0,0,SELL,0.1,17.371749283631743,1.7371749283631743,1.7371749283631743,1.0,63008.850000000006,62991.15000000001,62991.15000000001,0.0002809129193755653,4.761235921666724e-06,-0.0,0.00014434761171974392,8.08484455321275e-07,8.08484455321275e-07
rl2_600_0_SELL_0.1,rl2,600.0,0,SELL,0.1,17.371749283631743,1.7371749283631743,1.7371749283631743,1.0,63008.850000000006,62990.65000000001,62991.15000000001,0.0002888483125782662,1.1109550483966006e-05,7.93539320270089e-06,0.00019740145106527025,1.5517586139984403e-06,1.5517586139984403e-06
twap_600_0_BUY_0.2,twap,600.0,0,BUY,0.2,17.371749283631743,3.4743498567263487,3.4743498567263487,1.0,63008.850000000006,62991.45,62991.15000000001,-0.00027615168345412953,6.348314562299282e-06,4.7612359214357735e-06,-0.0001355834423031264,1.381444375259791e-06,1.381444375259791e-06
pov_600_0_BUY_0.2,pov,600.0,0,BUY,0.2,17.371749283631743,3.4743498567263487,3.4743498567263487,1.0,63008.850000000006,62991.15000000001,62991.15000000001,-0.0002809129193755653,2.3806179608102668e-05,0.0,-8.861062598444273e-05,9.018214454623116e-07,9.018214454623116e-07
frontload_600_0_BUY_0.2,frontload,600.0,0,BUY,0.2,17.371749283631743,3.4743498567263487,3.4743498567263487,1.0,63008.850000000006,62991.25,62991.15000000001,-0.0002793258407351637,7.93539320270089e-06,1.5870786404016078e-06,-0.00010010643807431662,1.8039793226162467e-06,1.8039793226162467e-06
adaptive_600_0_BUY_0.2,adaptive,600.0,0,BUY,0.2,17.371749283631743,3.4743498567263487,3.4743498567263487,1.0,63008.850000000006,62991.350000000006,62991.15000000001,-0.0002777387620945311,6.348314562299282e-06,3.174157281034166e-06,-0.00015216398847866678,8.897299868921952e-07,8.897299868921952e-07
rl2_600_0_BUY_0.2,rl2,600.0,0,BUY,0.2,17.371749283631743,3.4743498567263487,3.4743498567263487,1.0,63008.850000000006,62991.15000000001,62991.15000000001,-0.0002809129193755653,1.4283707765000172e-05,0.0,-0.000160261659848768,2.312860060537691e-06,2.312860060537691e-06
twap_600_0_SELL_0.2,twap,600.0,0,SELL,0.2,17.371749283631743,3.4743498567263487,3.4743498567263487,1.0,63008.850000000006,62990.850000000006,62991.15000000001,0.000285674155297232,6.348314562299282e-06,4.761235921666724e-06,0.00013812339745663258,1.158510778335735e-06,1.158510778335735e-06
pov_600_0_SELL_0.2,pov,600.0,0,SELL,0.2,17.371749283631743,3.4743498567263487,3.4743498567263487,1.0,63008.850000000006,62991.15000000001,62991.15000000001,0.0002809129193755653,2.0632022327068503e-05,-0.0,-0.00010898225233478907,1.2858118443562521e-06,1.2858118443562521e-06
frontload_600_0_SELL_0.2,frontload,600.0,0,SELL,0.2,17.371749283631743,3.4743498567263487,3.4743498567263487,1.0,63008.850000000006,62991.05,62991.15000000001,0.00028249999801619786,9.522471843333448e-06,1.587078640632558e-06,0.00010351845580649259,1.6080384094800714e-06,1.6080384094800714e-06
adaptive_600_0_SELL_0.2,adaptive,600.0,0,SELL,0.2,17.371749283631743,3.4743498567263487,3.4743498567263487,1.0,63008.850000000006,62991.15000000001,62991.15000000001,0.0002809129193755653,6.348314562299282e-06,-0.0,0.0001533156838120056,8.289592540733295e-07,8.289592540733295e-07
rl2_600_0_SELL_0.2,rl2,600.0,0,SELL,0.2,17.371749283631743,3.4743498567263487,3.4743498567263487,1.0,63008.850000000006,62990.75,62991.15000000001,0.0002872612339378646,1.1109550483966006e-05,6.348314562299282e-06,0.00015834817115864257,1.7019453215511037e-06,1.7019453215511037e-06
twap_600_1_BUY_0.001,twap,600.0,1,BUY,0.001,18.53275921366127,0.01853275921366127,0.01853275921366127,1.0,63032.95,63080.25,63080.25,0.0007504011790659157,1.5864718374409063e-06,0.0,0.00037245070501490396,1.004765496961668e-06,1.004765496961668e-06
pov_600_1_BUY_0.001,pov,600.0,1,BUY,0.001,18.53275921366127,0.01853275921366127,0.01853275921366127,1.0,63032.95,63080.25,63080.25,0.0007504011790659157,3.1729436748818125e-06,0.0,7.932359187204531e-07,7.932359186667535e-07,7.932359186667535e-07
frontload_600_1_BUY_0.001,frontload,600.0,1,BUY,0.001,18.53275921366127,0.01853275921366127,0.01853275921366127,1.0,63032.95,63080.25,63080.25,0.0007504011790659157,1.5864718374409063e-06,0.0,0.0003538574297470308,8.712679689554663e-07,8.712679689554663e-07
adaptive_600_1_BUY_0.001,adaptive,600.0,1,BUY,0.001,18.53275921366127,0.01853275921366127,0.01853275921366127,1.0,63032.95,63080.25,63080.25,0.0007504011790659157,1.5864718374409063e-06,0.0,0.0003194469400149273,9.584335415716325e-07,9.584335415716325e-07
rl2_600_1_BUY_0.001,rl2,600.0,1,BUY,0.001,18.53275921366127,0.01853275921366127,0.01853275921366127,1.0,63032.95,63080.350000000006,63080.25,0.0007519876509033567,1.5864718374409063e-06,1.5864718374409063e-06,0.0005375571494738394,2.58423695972986e-06,2.58423695972986e-06
twap_600_1_SELL_0.001,twap,600.0,1,SELL,0.001,18.53275921366127,0.01853275921366127,0.01853275921366127,1.0,63032.95,63080.25,63080.25,-0.0007504011790659157,1.5864718374409063e-06,-0.0,-0.00037044117402075055,1.0047654969920798e-06,1.0047654969920798e-06
pov_600_1_SELL_0.001,pov,600.0,1,SELL,0.001,18.53275921366127,0.01853275921366127,0.01853275921366127,1.0,63032.95,63080.25,63080.25,-0.0007504011790659157,1.5864718372100443e-06,-0.0,7.932359186050221e-07,7.932359186667535e-07,7.932359186667535e-07
frontload_600_1_SELL_0.001,frontload,600.0,1,SELL,0.001,18.53275921366127,0.01853275921366127,0.01853275921366127,1.0,63032.95,63080.25,63080.25,-0.0007504011790659157,1.5864718374409063e-06,-0.0,-0.0003521148938088328,8.712679689683915e-07,8.712679689683915e-07
adaptive_600_1_SELL_0.001,adaptive,600.0,1,SELL,0.001,18.53275921366127,0.01853275921366127,0.01853275921366127,1.0,63032.95,63080.25,63080.25,-0.0007504011790659157,1.5864718374409063e-06,-0.0,-0.00033383942867009844,9.273313692326797e-07,9.273313692326797e-07
rl2_600_1_SELL_0.001,rl2,600.0,1,SELL,0.001,18.53275921366127,0.01853275921366127,0.01853275921366127,1.0,63032.95,63080.15000000001,63080.25,-0.0007488147072287057,1.5864718374409063e-06,1.5864718372100443e-06,-0.0005643618421346216,1.03751851583054e-06,1.03751851583054e-06
twap_600_1_BUY_0.0025,twap,600.0,1,BUY,0.0025,18.53275921366127,0.04633189803415317,0.04633189803415317,1.0,63032.95,63080.25,63080.25,0.0007504011790659157,1.5864718374409063e-06,0.0,0.0003724507050150194,1.0047654969714e-06,1.0047654969714e-06
pov_600_1_BUY_0.0025,pov,600.0,1,BUY,0.0025,18.53275921366127,0.04633189803415317,0.04633189803415317,1.0,63032.95,63080.25,63080.25,0.0007504011790659157,4.7594155120918566e-06,0.0,7.932359187204531e-07,7.932359187446096e-07,7.932359187446096e-07
frontload_600_1_BUY_0.0025,frontload,600.0,1,BUY,0.0025,18.53275921366127,0.04633189803415317,0.04633189803415317,1.0,63032.95,63080.25,63080.25,0.0007504011790659157,1.5864718374409063e-06,0.0,0.00035385742974656907,8.712679689688479e-07,8.712679689688479e-07
adaptive_600_1_BUY_0.0025,adaptive,600.0,1,BUY,0.0025,18.53275921366127,0.04633189803415317,0.04633189803415317,1.0,63032.95,63080.25,63080.25,0.0007504011790659157,1.5864718374409063e-06,0.0,0.0003194480649967449,9.584406372490543e-07,9.584406372490543e-07
rl2_600_1_BUY_0.0025,rl2,600.0,1,BUY,0.0025,18.53275921366127,0.04633189803415317,0.04633189803415317,1.0,63032.95,63080.350000000006,63080.25,0.0007519876509033567,1.5864718374409063e-06,1.5864718374409063e-06,0.0005375571494741857,2.584236959735943e-06,2.584236959735943e-06
twap_600_1_SELL_0.0025,twap,600.0,1,SELL,0.0025,18.53275921366127,0.04633189803415317,0.04633189803415317,1.0,63032.95,63080.25,63080.25,-0.0007504011790659157,1.5864718374409063e-06,-0.0,-0.00037044117402109685,1.0047654969835646e-06,1.0047654969835646e-06
pov_600_1_SELL_0.0025,pov,600.0,1,SELL,0.0025,18.53275921366127,0.04633189803415317,0.04633189803415317,1.0,63032.95,63080.25,63080.25,-0.0007504011790659157,3.1729436746509503e-06,-0.0,7.932359186050221e-07,7.932359185888975e-07,7.932359185888975e-07
frontload_600_1_SELL_0.0025,frontload,600.0,1,SELL,0.0025,18.53275921366127,0.04633189803415317,0.04633189803415317,1.0,63032.95,63080.25,63080.25,-0.0007504011790659157,1.5864718374409063e-06,-0.0,-0.00035211489380894824,8.71267968973714e-07,8.71267968973714e-07
adaptive_600_1_SELL_0.0025,adaptive,600.0,1,SELL,0.0025,18.53275921366127,0.04633189803415317,0.04633189803415317,1.0,63032.95,63080.25,63080.25,-0.0007504011790659157,1.5864718374409063e-06,-0.0,-0.000333840801377155,9.27332629112014e-07,9.27332629112014e-07
rl2_600_1_SELL_0.0025,rl2,600.0,1,SELL,0.0025,18.53275921366127,0.04633189803415317,0.04633189803415317,1.0,63032.95,63080.15000000001,63080.25,-0.0007488147072287057,1.5864718374409063e-06,1.5864718372100443e-06,-0.0005643618421346216,1.0375185158147254e-06,1.0375185158147254e-06
twap_600_1_BUY_0.005,twap,600.0,1,BUY,0.005,18.53275921366127,0.09266379606830634,0.09266379606830634,1.0,63032.95,63080.25,63080.25,0.0007504011790659157,1.5864718374409063e-06,0.0,0.0003724507050150194,1.0047654969714e-06,1.0047654969714e-06
pov_600_1_BUY_0.005,pov,600.0,1,BUY,0.005,18.53275921366127,0.09266379606830634,0.09266379606830634,1.0,63032.95,63080.25,63080.25,0.0007504011790659157,4.7594155120918566e-06,0.0,1.8803640388734966e-05,7.932359187056815e-07,7.932359187056815e-07
frontload_600_1_BUY_0.005,frontload,600.0,1,BUY,0.005,18.53275921366127,0.09266379606830634,0.09266379606830634,1.0,63032.95,63080.25,63080.25,0.0007504011790659157,1.5864718374409063e-06,0.0,0.00035385742974656907,8.712679689688479e-07,8.712679689688479e-07
adaptive_600_1_BUY_0.005,adaptive,600.0,1,BUY,0.005,18.53275921366127,0.09266379606830634,0.09266379606830634,1.0,63032.95,63080.25,63080.25,0.0007504011790659157,1.5864718374409063e-06,0.0,0.0003194493917581006,9.584485950091357e-07,9.584485950091357e-07
rl2_600_1_BUY_0.005,rl2,600.0,1,BUY,0.005,18.53275921366127,0.09266379606830634,0.09266379606830634,1.0,63032.95,63080.350000000006,63080.25,0.0007519876509033567,1.5864718374409063e-06,1.5864718374409063e-06,0.0005575489920058914,2.6549343692758336e-06,2.6549343692758336e-06
twap_600_1_SELL_0.005,twap,600.0,1,SELL,0.005,18.53275921366127,0.09266379606830634,0.09266379606830634,1.0,63032.95,63080.25,63080.25,-0.0007504011790659157,1.5864718374409063e-06,-0.0,-0.00037044117402109685,1.0047654969835646e-06,1.0047654969835646e-06
pov_600_1_SELL_0.005,pov,600.0,1,SELL,0.005,18.53275921366127,0.09266379606830634,0.09266379606830634,1.0,63032.95,63080.25,63080.25,-0.0007504011790659157,4.759415511860994e-06,-0.0,7.932359186050221e-07,7.932359185888975e-07,7.932359185888975e-07
frontload_600_1_SELL_0.005,frontload,600.0,1,SELL,0.005,18.53275921366127,0.09266379606830634,0.09266379606830634,1.0,63032.95,63080.25,63080.25,-0.0007504011790659157,1.5864718374409063e-06,-0.0,-0.00035211489380894824,8.71267968973714e-07,8.71267968973714e-07
adaptive_600_1_SELL_0.005,adaptive,600.0,1,SELL,0.005,18.53275921366127,0.09266379606830634,0.09266379606830634,1.0,63032.95,63080.25,63080.25,-0.0007504011790659157,1.5864718374409063e-06,-0.0,-0.0003338423283373364,9.273340569896857e-07,9.273340569896857e-07
rl2_600_1_SELL_0.005,rl2,600.0,1,SELL,0.005,18.53275921366127,0.09266379606830634,0.09266379606830634,1.0,63032.95,63080.15000000001,63080.25,-0.0007488147072287057,1.5864718374409063e-06,1.5864718372100443e-06,-0.0005643618421346216,1.0375185158147254e-06,1.0375185158147254e-06
twap_600_1_BUY_0.01,twap,600.0,1,BUY,0.01,18.53275921366127,0.18532759213661268,0.18532759213661268,1.0,63032.95,63080.350000000006,63080.25,0.0007519876509033567,1.5864718374409063e-06,1.5864718374409063e-06,0.0003724507050150194,1.0047654969714e-06,1.0047654969714e-06
pov_600_1_BUY_0.01,pov,600.0,1,BUY,0.01,18.53275921366127,0.18532759213661268,0.18532759213661268,1.0,63032.95,63080.25,63080.25,0.0007504011790659157,6.345887349301901e-06,0.0,4.946023408749946e-05,7.932359187446096e-07,7.932359187446096e-07
frontload_600_1_BUY_0.01,frontload,600.0,1,BUY,0.01,18.53275921366127,0.18532759213661268,0.18532759213661268,1.0,63032.95,63080.25,63080.25,0.0007504011790659157,1.5864718374409063e-06,0.0,0.000353902269801806,9.161080242367344e-07,9.161080242367344e-07
adaptive_600_1_BUY_0.01,adaptive,600.0,1,BUY,0.01,18.53275921366127,0.18532759213661268,0.18532759213661268,1.0,63032.95,63080.25,63080.25,0.0007504011790659157,3.1729436747663814e-06,0.0,0.0003209407981890729,9.604348459108122e-07,9.604348459108122e-07
rl2_600_1_BUY_0.01,rl2,600.0,1,BUY,0.01,18.53275921366127,0.18532759213661268,0.18532759213661268,1.0,63032.95,63080.45,63080.25,0.0007535741227405666,3.1729436746509503e-06,3.1729436746509503e-06,0.0005625657603984168,2.6449893989028685e-06,2.6449893989028685e-06
twap_600_1_SELL_0.01,twap,600.0,1,SELL,0.01,18.53275921366127,0.18532759213661268,0.18532759213661268,1.0,63032.95,63080.15000000001,63080.25,-0.0007488147072287057,1.5864718374409063e-06,1.5864718372100443e-06,-0.00037044117402109685,1.0047654969835646e-06,1.0047654969835646e-06
pov_600_1_SELL_0.01,pov,600.0,1,SELL,0.01,18.53275921366127,0.18532759213661268,0.18532759213661268,1.0,63032.95,63080.25,63080.25,-0.0007504011790659157,6.345887349301901e-06,-0.0,7.932359186050221e-07,7.932359185888975e-07,7.932359185888975e-07
frontload_600_1_SELL_0.01,frontload,600.0,1,SELL,0.01,18.53275921366127,0.18532759213661268,0.18532759213661268,1.0,63032.95,63080.25,63080.25,-0.0007504011790659157,1.5864718374409063e-06,-0.0,-0.00035211489380894824,8.71267968973714e-07,8.71267968973714e-07
adaptive_600_1_SELL_0.01,adaptive,600.0,1,SELL,0.01,18.53275921366127,0.18532759213661268,0.18532759213661268,1.0,63032.95,63080.25,63080.25,-0.0007504011790659157,1.5864718374409063e-06,-0.0,-0.00033384445192663085,9.273360900451462e-07,9.273360900451462e-07
rl2_600_1_SELL_0.01,rl2,600.0,1,SELL,0.01,18.53275921366127,0.18532759213661268,0.18532759213661268,1.0,63032.95,63080.05,63080.25,-0.0007472282353912648,3.1729436746509503e-06,3.1729436746509503e-06,-0.0005522682448584581,1.0305523709651904e-06,1.0305523709651904e-06
twap_600_1_BUY_0.02,twap,600.0,1,BUY,0.02,18.53275921366127,0.37065518427322536,0.37065518427322536,1.0,63032.95,63080.350000000006,63080.25,0.0007519876509033567,3.1729436747663814e-06,1.5864718374409063e-06,0.0003724771462123716,1.0312066942594806e-06,1.0312066942594806e-06
pov_600_1_BUY_0.02,pov,600.0,1,BUY,0.02,18.53275921366127,0.37065518427322536,0.37065518427322536,1.0,63032.95,63080.25,63080.25,0.0007504011790659157,7.932359186742808e-06,0.0,6.102795546769077e-05,7.932359187543416e-07,7.932359187543416e-07
frontload_600_1_BUY_0.02,frontload,600.0,1,BUY,0.02,18.53275921366127,0.37065518427322536,0.37065518427322536,1.0,63032.95,63080.350000000006,63080.25,0.0007519876509033567,3.1729436748818125e-06,1.5864718374409063e-06,0.00035390990479375133,9.237430161681854e-07,9.237430161681854e-07
adaptive_600_1_BUY_0.02,adaptive,600.0,1,BUY,0.02,18.53275921366127,0.37065518427322536,0.37065518427322536,1.0,63032.95,63080.25,63080.25,0.0007504011790659157,3.1729436747663814e-06,0.0,0.0003272516514354207,9.691460538978507e-07,9.691460538978507e-07
rl2_600_1_BUY_0.02,rl2,600.0,1,BUY,0.02,18.53275921366127,0.37065518427322536,0.37065518427322536,1.0,63032.95,63080.45,63080.25,0.0007535741227405666,3.1729436746509503e-06,3.1729436746509503e-06,0.0005048717046878173,2.3935817879421754e-06,2.3935817879421754e-06
twap_600_1_SELL_0.02,twap,600.0,1,SELL,0.02,18.53275921366127,0.37065518427322536,0.37065518427322536,1.0,63032.95,63080.15000000001,63080.25,-0.0007488147072287057,1.5864718374409063e-06,1.5864718372100443e-06,-0.00037044117402109685,1.0047654969835646e-06,1.0047654969835646e-06
pov_600_1_SELL_0.02,pov,600.0,1,SELL,0.02,18.53275921366127,0.37065518427322536,0.37065518427322536,1.0,63032.95,63080.25,63080.25,-0.0007504011790659157,9.518831023952851e-06,-0.0,-1.9600229515862245e-06,7.932359186959495e-07,7.932359186959495e-07
frontload_600_1_SELL_0.02,frontload,600.0,1,SELL,0.02,18.53275921366127,0.37065518427322536,0.37065518427322536,1.0,63032.95,63080.25,63080.25,-0.0007504011790659157,1.5864718374409063e-06,-0.0,-0.00035211489380894824,8.71267968973714e-07,8.71267968973714e-07
adaptive_600_1_SELL_0.02,adaptive,600.0,1,SELL,0.02,18.53275921366127,0.37065518427322536,0.37065518427322536,1.0,63032.95,63080.25,63080.25,-0.0007504011790659157,3.1729436746509503e-06,-0.0,-0.0003338898426685121,9.274739613536066e-07,9.274739613536066e-07
rl2_600_1_SELL_0.02,rl2,600.0,1,SELL,0.02,18.53275921366127,0.37065518427322536,0.37065518427322536,1.0,63032.95,63079.95,63080.25,-0.0007456417635538239,4.7594155120918566e-06,4.7594155120918566e-06,-0.0005269924696528202,1.0606024547613211e-06,1.0606024547613211e-06
twap_600_1_BUY_0.05,twap,600.0,1,BUY,0.05,18.53275921366127,0.9266379606830635,0.9266379606830635,1.0,63032.95,63080.350000000006,63080.25,0.0007519876509033567,3.1729436748818125e-06,1.5864718374409063e-06,0.00037260464226832605,1.1587027509990021e-06,1.1587027509990021e-06
pov_600_1_BUY_0.05,pov,600.0,1,BUY,0.05,18.53275921366127,0.9266379606830635,0.9266379606830635,1.0,63032.95,63080.25,63080.25,0.0007504011790659157,7.932359186742808e-06,0.0,0.0002089873436992064,7.932359187017887e-07,7.932359187017887e-07
frontload_600_1_BUY_0.05,frontload,600.0,1,BUY,0.05,18.53275921366127,0.9266379606830635,0.9266379606830635,1.0,63032.95,63080.350000000006,63080.25,0.0007519876509033567,4.759415511860994e-06,1.5864718374409063e-06,0.0003540529868101954,1.066825032291833e-06,1.066825032291833e-06
adaptive_600_1_BUY_0.05,adaptive,600.0,1,BUY,0.05,18.53275921366127,0.9266379606830635,0.9266379606830635,1.0,63032.95,63080.25,63080.25,0.0007504011790659157,4.7594155120918566e-06,0.0,0.0003337578412774595,1.0237928569621316e-06,1.0237928569621316e-06
rl2_600_1_BUY_0.05,rl2,600.0,1,BUY,0.05,18.53275921366127,0.9266379606830635,0.9266379606830635,1.0,63032.95,63080.75,63080.25,0.0007583335382526585,7.932359186742808e-06,7.932359186742808e-06,0.0004997391305172312,3.1960557776565668e-06,3.1960557776565668e-06
twap_600_1_SELL_0.05,twap,600.0,1,SELL,0.05,18.53275921366127,0.9266379606830635,0.9266379606830635,1.0,63032.95,63080.15000000001,63080.25,-0.0007488147072287057,3.1729436748818125e-06,1.5864718372100443e-06,-0.00037043130258929905,1.014636928527934e-06,1.014636928527934e-06
pov_600_1_SELL_0.05,pov,600.0,1,SELL,0.05,18.53275921366127,0.9266379606830635,0.9266379606830635,1.0,63032.95,63080.25,63080.25,-0.0007504011790659157,9.518831023952851e-06,-0.0,-7.942636152583823e-05,7.9323591871736e-07,7.9323591871736e-07
frontload_600_1_SELL_0.05,frontload,600.0,1,SELL,0.05,18.53275921366127,0.9266379606830635,0.9266379606830635,1.0,63032.95,63080.15000000001,63080.25,-0.0007488147072287057,3.1729436748818125e-06,1.5864718372100443e-06,-0.0003520917045061979,8.944572719759382e-07,8.944572719759382e-07
adaptive_600_1_SELL_0.05,adaptive,600.0,1,SELL,0.05,18.53275921366127,0.9266379606830635,0.9266379606830635,1.0,63032.95,63080.25,63080.25,-0.0007504011790659157,3.1729436748818125e-06,-0.0,-0.00033206098068497606,9.359630142188655e-07,9.359630142188655e-07
rl2_600_1_SELL_0.05,rl2,600.0,1,SELL,0.05,18.53275921366127,0.9266379606830635,0.9266379606830635,1.0,63032.95,63080.05,63080.25,-0.0007472282353912648,9.518831024183713e-06,3.1729436746509503e-06,-0.0004397581915455196,1.6189290049478348e-06,1.6189290049478348e-06
twap_600_1_BUY_0.1,twap,600.0,1,BUY,0.1,18.53275921366127,1.853275921366127,1.853275921366127,1.0,63032.95,63080.45,63080.25,0.0007535741227405666,4.7594155120918566e-06,3.1729436746509503e-06,0.00037280676072977637,1.3608212122291608e-06,1.3608212122291608e-06
pov_600_1_BUY_0.1,pov,600.0,1,BUY,0.1,18.53275921366127,1.853275921366127,1.853275921366127,1.0,63032.95,63080.25,63080.25,0.0007504011790659157,1.5864718373485615e-05,0.0,0.00035794071480685835,7.932359186609141e-07,7.932359186609141e-07
frontload_600_1_BUY_0.1,frontload,600.0,1,BUY,0.1,18.53275921366127,1.853275921366127,1.853275921366127,1.0,63032.95,63080.350000000006,63080.25,0.0007519876509033567,6.345887349532763e-06,1.5864718374409063e-06,0.0003542441136554589,1.2579518775562962e-06,1.2579518775562962e-06
adaptive_600_1_BUY_0.1,adaptive,600.0,1,BUY,0.1,18.53275921366127,1.853275921366127,1.853275921366127,1.0,63032.95,63080.25,63080.25,0.0007504011790659157,6.345887349301901e-06,0.0,0.0003458485929354588,1.1363244298369556e-06,1.1363244298369556e-06
rl2_600_1_BUY_0.1,rl2,600.0,1,BUY,0.1,18.53275921366127,1.853275921366127,1.853275921366127,1.0,63032.95,63080.25,63080.25,0.0007504011790659157,1.110530286162462e-05,0.0,0.0004550732906111088,3.059059622131701e-06,3.059059622131701e-06
twap_600_1_SELL_0.1,twap,600.0,1,SELL,0.1,18.53275921366127,1.853275921366127,1.853275921366127,1.0,63032.95,63080.05,63080.25,-0.0007472282353912648,4.7594155120918566e-06,3.1729436746509503e-06,-0.00037032715813995615,1.1187813779227034e-06,1.1187813779227034e-06
pov_600_1_SELL_0.1,pov,600.0,1,SELL,0.1,18.53275921366127,1.853275921366127,1.853275921366127,1.0,63032.95,63080.25,63080.25,-0.0007504011790659157,1.5864718373485615e-05,-0.0,-0.00022507392176104158,7.932359186531286e-07,7.932359186531286e-07
frontload_600_1_SELL_0.1,frontload,600.0,1,SELL,0.1,18.53275921366127,1.853275921366127,1.853275921366127,1.0,63032.95,63080.15000000001,63080.25,-0.0007488147072287057,6.345887349532763e-06,1.5864718372100443e-06,-0.000351911481095788,1.0746806823497864e-06,1.0746806823497864e-06
adaptive_600_1_SELL_0.1,adaptive,600.0,1,SELL,0.1,18.53275921366127,1.853275921366127,1.853275921366127,1.0,63032.95,63080.25,63080.25,-0.0007504011790659157,4.7594155120918566e-06,-0.0,-0.0003326676109887287,9.429298094826014e-07,9.429298094826014e-07
rl2_600_1_SELL_0.1,rl2,600.0,1,SELL,0.1,18.53275921366127,1.853275921366127,1.853275921366127,1.0,63032.95,63080.25,63080.25,-0.0007504011790659157,1.745119021092652e-05,-0.0,-0.0005057546499903179,2.5430981483881705e-06,2.5430981483881705e-06
twap_600_1_BUY_0.2,twap,600.0,1,BUY,0.2,18.53275921366127,3.706551842732254,3.706551842732254,1.0,63032.95,63080.55,63080.25,0.0007551605945780075,6.345887349532763e-06,4.7594155120918566e-06,0.0003730627953886719,1.6168558712392915e-06,1.6168558712392915e-06
pov_600_1_BUY_0.2,pov,600.0,1,BUY,0.2,18.53275921366127,3.706551842732254,3.706551842732254,1.0,63032.95,63080.25,63080.25,0.0007504011790659157,2.697002123487937e-05,0.0,0.0004303756322742586,8.415735339069807e-07,8.415735339069807e-07
frontload_600_1_BUY_0.2,frontload,600.0,1,BUY,0.2,18.53275921366127,3.706551842732254,3.706551842732254,1.0,63032.95,63080.45,63080.25,0.0007535741227405666,7.932359186742808e-06,3.1729436746509503e-06,0.0003545242499036499,1.5380881256528256e-06,1.5380881256528256e-06
adaptive_600_1_BUY_0.2,adaptive,600.0,1,BUY,0.2,18.53275921366127,3.706551842732254,3.706551842732254,1.0,63032.95,63080.25,63080.25,0.0007504011790659157,6.345887349532763e-06,0.0,0.0003673657362319827,1.2905303167210356e-06,1.2905303167210356e-06
rl2_600_1_BUY_0.2,rl2,600.0,1,BUY,0.2,18.53275921366127,3.706551842732254,3.706551842732254,1.0,63032.95,63080.25,63080.25,0.0007504011790659157,1.9037662048367426e-05,0.0,0.0005003821734795379,4.457042147898777e-06,4.457042147898777e-06
twap_600_1_SELL_0.2,twap,600.0,1,SELL,0.2,18.53275921366127,3.706551842732254,3.706551842732254,1.0,63032.95,63079.95,63080.25,-0.0007456417635538239,6.345887349532763e-06,4.7594155120918566e-06,-0.0003701805779928468,1.2653615248503677e-06,1.2653615248503677e-06
pov_600_1_SELL_0.2,pov,600.0,1,SELL,0.2,18.53275921366127,3.706551842732254,3.706551842732254,1.0,63032.95,63080.25,63080.25,-0.0007504011790659157,1.745119021092652e-05,-0.0,-0.00031047231495209983,7.932359186657802e-07,7.932359186657802e-07
frontload_600_1_SELL_0.2,frontload,600.0,1,SELL,0.2,18.53275921366127,3.706551842732254,3.706551842732254,1.0,63032.95,63080.15000000001,63080.25,-0.0007488147072287057,9.518831024183713e-06,1.5864718372100443e-06,-0.0003515520198177314,1.4341419604215885e-06,1.4341419604215885e-06
adaptive_600_1_SELL_0.2,adaptive,600.0,1,SELL,0.2,18.53275921366127,3.706551842732254,3.706551842732254,1.0,63032.95,63080.05,63080.25,-0.0007472282353912648,8.725595105347828e-06,3.1729436746509503e-06,-0.0003537954594319987,1.0121648966368893e-06,1.0121648966368893e-06
rl2_600_1_SELL_0.2,rl2,600.0,1,SELL,0.2,18.53275921366127,3.706551842732254,3.706551842732254,1.0,63032.95,63080.25,63080.25,-0.0007504011790659157,2.062413388557747e-05,-0.0,-0.0004382178483923807,3.1169988790410593e-06,3.1169988790410593e-06
twap_600_2_BUY_0.001,twap,600.0,2,BUY,0.001,15.36732192546781,0.01536732192546781,0.01536732192546781,1.0,62993.15000000001,63016.05,63016.05,0.0003635315903394921,1.587474193715043e-06,0.0,2.2304012420379607e-05,7.93737096801006e-07,7.93737096801006e-07
pov_600_2_BUY_0.001,pov,600.0,2,BUY,0.001,15.36732192546781,0.01536732192546781,0.01536732192546781,1.0,62993.15000000001,63016.05,63016.05,0.0003635315903394921,1.587474193715043e-06,0.0,7.937370967420175e-07,7.937370968193563e-07,7.937370968193563e-07
frontload_600_2_BUY_0.001,frontload,600.0,2,BUY,0.001,15.36732192546781,0.01536732192546781,0.01536732192546781,1.0,62993.15000000001,63016.05,63016.05,0.0003635315903394921,1.587474193715043e-06,0.0,-7.122873418378915e-05,7.937370967945838e-07,7.937370967945838e-07
adaptive_600_2_BUY_0.001,adaptive,600.0,2,BUY,0.001,15.36732192546781,0.01536732192546781,0.01536732192546781,1.0,62993.15000000001,63016.05,63016.05,0.0003635315903394921,1.587474193715043e-06,0.0,-2.8498621971666272e-05,7.937370967822978e-07,7.937370967822978e-07
rl2_600_2_BUY_0.001,rl2,600.0,2,BUY,0.001,15.36732192546781,0.01536732192546781,0.01536732192546781,1.0,62993.15000000001,63016.15000000001,63016.05,0.00036511906453320713,1.587474193715043e-06,1.587474193715043e-06,0.00019396622305352187,7.937370967918311e-07,7.937370967918311e-07
twap_600_2_SELL_0.001,twap,600.0,2,SELL,0.001,15.36732192546781,0.01536732192546781,0.01536732192546781,1.0,62993.15000000001,63016.05,63016.05,-0.0003635315903394921,1.587474193715043e-06,-0.0,-2.0716538226664564e-05,7.937370968083462e-07,7.937370968083462e-07
pov_600_2_SELL_0.001,pov,600.0,2,SELL,0.001,15.36732192546781,0.01536732192546781,0.01536732192546781,1.0,62993.15000000001,63016.05,63016.05,-0.0003635315903394921,3.174948387199078e-06,-0.0,7.937370968575215e-07,7.937370968193563e-07,7.937370968193563e-07
frontload_600_2_SELL_0.001,frontload,600.0,2,SELL,0.001,15.36732192546781,0.01536732192546781,0.01536732192546781,1.0,62993.15000000001,63016.05,63016.05,-0.0003635315903394921,1.587474193715043e-06,-0.0,7.281620837715768e-05,7.937370968010061e-07,7.937370968010061e-07
adaptive_600_2_SELL_0.001,adaptive,600.0,2,SELL,0.001,15.36732192546781,0.01536732192546781,0.01536732192546781,1.0,62993.15000000001,63016.05,63016.05,-0.0003635315903394921,1.587474193715043e-06,-0.0,-4.6131512049824495e-06,7.937370967865552e-07,7.937370967865552e-07
rl2_600_2_SELL_0.001,rl2,600.0,2,SELL,0.001,15.36732192546781,0.01536732192546781,0.01536732192546781,1.0,62993.15000000001,63016.05,63016.05,-0.0003635315903394921,1.587474193715043e-06,-0.0,-0.00022280202828765702,7.937370968065113e-07,7.937370968065113e-07
twap_600_2_BUY_0.0025,twap,600.0,2,BUY,0.0025,15.36732192546781,0.03841830481366953,0.03841830481366953,1.0,62993.15000000001,63016.05,63016.05,0.0003635315903394921,1.587474193715043e-06,0.0,2.2304012420957128e-05,7.93737096801741e-07,7.93737096801741e-07
pov_600_2_BUY_0.0025,pov,600.0,2,BUY,0.0025,15.36732192546781,0.03841830481366953,0.03841830481366953,1.0,62993.15000000001,63016.05,63016.05,0.0003635315903394921,3.174948387430086e-06,0.0,7.937370966265135e-07,7.937370965844747e-07,7.937370965844747e-07
frontload_600_2_BUY_0.0025,frontload,600.0,2,BUY,0.0025,15.36732192546781,0.03841830481366953,0.03841830481366953,1.0,62993.15000000001,63016.05,63016.05,0.0003635315903394921,1.587474193715043e-06,0.0,-7.122873418355814e-05,7.937370967687097e-07,7.937370967687097e-07
adaptive_600_2_BUY_0.0025,adaptive,600.0,2,BUY,0.0025,15.36732192546781,0.03841830481366953,0.03841830481366953,1.0,62993.15000000001,63016.05,63016.05,0.0003635315903394921,1.587474193715043e-06,0.0,-2.8495468597648932e-05,7.937370967878057e-07,7.937370967878057e-07
rl2_600_2_BUY_0.0025,rl2,600.0,2,BUY,0.0025,15.36732192546781,0.03841830481366953,0.03841830481366953,1.0,62993.15000000001,63016.15000000001,63016.05,0.00036511906453320713,1.587474193715043e-06,1.587474193715043e-06,0.00019396622305352187,7.937370968032078e-07,7.937370968032078e-07
twap_600_2_SELL_0.0025,twap,600.0,2,SELL,0.0025,15.36732192546781,0.03841830481366953,0.03841830481366953,1.0,62993.15000000001,63016.05,63016.05,-0.0003635315903394921,1.587474193715043e-06,-0.0,-2.0716538227588596e-05,7.93737096801741e-07,7.93737096801741e-07
pov_600_2_SELL_0.0025,pov,600.0,2,SELL,0.0025,15.36732192546781,0.03841830481366953,0.03841830481366953,1.0,62993.15000000001,63016.05,63016.05,-0.0003635315903394921,4.762422580683113e-06,-0.0,7.937370968575215e-07,7.93737096960285e-07,7.93737096960285e-07
frontload_600_2_SELL_0.0025,frontload,600.0,2,SELL,0.0025,15.36732192546781,0.03841830481366953,0.03841830481366953,1.0,62993.15000000001,63016.05,63016.05,-0.0003635315903394921,1.587474193715043e-06,-0.0,7.281620837715768e-05,7.93737096817154e-07,7.93737096817154e-07
adaptive_600_2_SELL_0.0025,adaptive,600.0,2,SELL,0.0025,15.36732192546781,0.03841830481366953,0.03841830481366953,1.0,62993.15000000001,63016.05,63016.05,-0.0003635315903394921,1.587474193715043e-06,-0.0,-4.615896221370187e-06,7.9373709681275e-07,7.9373709681275e-07
rl2_600_2_SELL_0.0025,rl2,600.0,2,SELL,0.0025,15.36732192546781,0.03841830481366953,0.03841830481366953,1.0,62993.15000000001,63015.95,63016.05,-0.000361944116145777,1.587474193715043e-06,1.587474193715043e-06,-0.00022280202828754152,7.937370968105483e-07,7.937370968105483e-07
twap_600_2_BUY_0.005,twap,600.0,2,BUY,0.005,15.36732192546781,0.07683660962733906,0.07683660962733906,1.0,62993.15000000001,63016.15000000001,63016.05,0.00036511906453320713,1.587474193715043e-06,1.587474193715043e-06,2.2304012420957128e-05,7.93737096801741e-07,7.93737096801741e-07
pov_600_2_BUY_0.005,pov,600.0,2,BUY,0.005,15.36732192546781,0.07683660962733906,0.07683660962733906,1.0,62993.15000000001,63016.05,63016.05,0.0003635315903394921,3.174948387430086e-06,0.0,7.937370966265135e-07,7.937370965844747e-07,7.937370965844747e-07
frontload_600_2_BUY_0.005,frontload,600.0,2,BUY,0.005,15.36732192546781,0.07683660962733906,0.07683660962733906,1.0,62993.15000000001,63016.05,63016.05,0.0003635315903394921,1.587474193715043e-06,0.0,-7.122873418355814e-05,7.937370967687097e-07,7.937370967687097e-07
adaptive_600_2_BUY_0.005,adaptive,600.0,2,BUY,0.005,15.36732192546781,0.07683660962733906,0.07683660962733906,1.0,62993.15000000001,63016.05,63016.05,0.0003635315903394921,1.587474193715043e-06,0.0,-2.8491916558631406e-05,7.937370967905003e-07,7.937370967905003e-07
rl2_600_2_BUY_0.005,rl2,600.0,2,BUY,0.005,15.36732192546781,0.07683660962733906,0.07683660962733906,1.0,62993.15000000001,63016.15000000001,63016.05,0.00036511906453320713,1.587474193715043e-06,1.587474193715043e-06,0.00019396622305352187,7.937370968032078e-07,7.937370968032078e-07
twap_600_2_SELL_0.005,twap,600.0,2,SELL,0.005,15.36732192546781,0.07683660962733906,0.07683660962733906,1.0,62993.15000000001,63016.05,63016.05,-0.0003635315903394921,1.587474193715043e-06,-0.0,-2.0716538227588596e-05,7.93737096801741e-07,7.93737096801741e-07
pov_600_2_SELL_0.005,pov,600.0,2,SELL,0.005,15.36732192546781,0.07683660962733906,0.07683660962733906,1.0,62993.15000000001,63016.05,63016.05,-0.0003635315903394921,4.762422580683113e-06,-0.0,6.595122096162782e-06,7.937370968193562e-07,7.937370968193562e-07
frontload_600_2_SELL_0.005,frontload,600.0,2,SELL,0.005,15.36732192546781,0.07683660962733906,0.07683660962733906,1.0,62993.15000000001,63016.05,63016.05,-0.0003635315903394921,1.587474193715043e-06,-0.0,7.281620837715768e-05,7.93737096817154e-07,7.93737096817154e-07
adaptive_600_2_SELL_0.005,adaptive,600.0,2,SELL,0.005,15.36732192546781,0.07683660962733906,0.07683660962733906,1.0,62993.15000000001,63016.05,63016.05,-0.0003635315903394921,1.587474193715043e-06,-0.0,-4.619555504418742e-06,7.93737096802841e-07,7.93737096802841e-07
rl2_600_2_SELL_0.005,rl2,600.0,2,SELL,0.005,15.36732192546781,0.07683660962733906,0.07683660962733906,1.0,62993.15000000001,63015.850000000006,63016.05,-0.000360356641952293,3.174948387314582e-06,3.174948387199078e-06,-0.00022254369641187675,1.052068972605697e-06,1.052068972605697e-06
twap_600_2_BUY_0.01,twap,600.0,2,BUY,0.01,15.36732192546781,0.1536732192546781,0.1536732192546781,1.0,62993.15000000001,63016.15000000001,63016.05,0.00036511906453320713,1.587474193715043e-06,1.587474193715043e-06,2.2304012420957128e-05,7.93737096801741e-07,7.93737096801741e-07
pov_600_2_BUY_0.01,pov,600.0,2,BUY,0.01,15.36732192546781,0.1536732192546781,0.1536732192546781,1.0,62993.15000000001,63016.05,63016.05,0.0003635315903394921,4.762422580914121e-06,0.0,-1.84736886806656e-05,7.937370967723799e-07,7.937370967723799e-07
frontload_600_2_BUY_0.01,frontload,600.0,2,BUY,0.01,15.36732192546781,0.1536732192546781,0.1536732192546781,1.0,62993.15000000001,63016.05,63016.05,0.0003635315903394921,1.587474193715043e-06,0.0,-7.119212337141774e-05,8.303479090916771e-07,8.303479090916771e-07
adaptive_600_2_BUY_0.01,adaptive,600.0,2,BUY,0.01,15.36732192546781,0.1536732192546781,0.1536732192546781,1.0,62993.15000000001,63016.05,63016.05,0.0003635315903394921,1.587474193715043e-06,0.0,-2.8449168375180377e-05,8.314651804254572e-07,8.314651804254572e-07
rl2_600_2_BUY_0.01,rl2,600.0,2,BUY,0.01,15.36732192546781,0.1536732192546781,0.1536732192546781,1.0,62993.15000000001,63016.25,63016.05,0.00036670653872669114,3.174948387199078e-06,3.174948387199078e-06,0.00017348900685611375,7.937370967679759e-07,7.937370967679759e-07
twap_600_2_SELL_0.01,twap,600.0,2,SELL,0.01,15.36732192546781,0.1536732192546781,0.1536732192546781,1.0,62993.15000000001,63016.05,63016.05,-0.0003635315903394921,1.587474193715043e-06,-0.0,-2.0716538227588596e-05,7.93737096801741e-07,7.93737096801741e-07
pov_600_2_SELL_0.01,pov,600.0,2,SELL,0.01,15.36732192546781,0.1536732192546781,0.1536732192546781,1.0,62993.15000000001,63016.05,63016.05,-0.0003635315903394921,4.762422580914121e-06,-0.0,3.861886185633528e-05,7.937370967723799e-07,7.937370967723799e-07
frontload_600_2_SELL_0.01,frontload,600.0,2,SELL,0.01,15.36732192546781,0.1536732192546781,0.1536732192546781,1.0,62993.15000000001,63016.05,63016.05,-0.0003635315903394921,1.587474193715043e-06,-0.0,7.281620837715768e-05,7.93737096817154e-07,7.93737096817154e-07
adaptive_600_2_SELL_0.01,adaptive,600.0,2,SELL,0.01,15.36732192546781,0.1536732192546781,0.1536732192546781,1.0,62993.15000000001,63016.05,63016.05,-0.0003635315903394921,1.587474193715043e-06,-0.0,-4.625067716378096e-06,7.93737096794033e-07,7.93737096794033e-07
rl2_600_2_SELL_0.01,rl2,600.0,2,SELL,0.01,15.36732192546781,0.1536732192546781,0.1536732192546781,1.0,62993.15000000001,63015.850000000006,63016.05,-0.000360356641952293,3.174948387314582e-06,3.174948387199078e-06,-0.00022211050158235063,1.4852638020828409e-06,1.4852638020828409e-06
twap_600_2_BUY_0.02,twap,600.0,2,BUY,0.02,15.36732192546781,0.3073464385093562,0.3073464385093562,1.0,62993.15000000001,63016.15000000001,63016.05,0.00036511906453320713,1.587474193715043e-06,1.587474193715043e-06,2.2330470324131808e-05,8.201950000280743e-07,8.201950000280743e-07
pov_600_2_BUY_0.02,pov,600.0,2,BUY,0.02,15.36732192546781,0.3073464385093562,0.3073464385093562,1.0,62993.15000000001,63016.05,63016.05,0.0003635315903394921,7.9373709681132e-06,0.0,-4.376440805172917e-05,7.937370968663324e-07,7.937370968663324e-07
frontload_600_2_BUY_0.02,frontload,600.0,2,BUY,0.02,15.36732192546781,0.3073464385093562,0.3073464385093562,1.0,62993.15000000001,63016.15000000001,63016.05,0.00036511906453320713,3.174948387199078e-06,1.587474193715043e-06,-7.116695107351767e-05,8.55520206945434e-07,8.55520206945434e-07
adaptive_600_2_BUY_0.02,adaptive,600.0,2,BUY,0.02,15.36732192546781,0.3073464385093562,0.3073464385093562,1.0,62993.15000000001,63016.05,63016.05,0.0003635315903394921,3.174948387430086e-06,0.0,-2.712540659366305e-05,8.314656291746361e-07,8.314656291746361e-07
rl2_600_2_BUY_0.02,rl2,600.0,2,BUY,0.02,15.36732192546781,0.3073464385093562,0.3073464385093562,1.0,62993.15000000001,63016.350000000006,63016.05,0.0003682940129204062,4.762422580914121e-06,4.762422580914121e-06,0.00018958689213349742,7.93737096793666e-07,7.93737096793666e-07
twap_600_2_SELL_0.02,twap,600.0,2,SELL,0.02,15.36732192546781,0.3073464385093562,0.3073464385093562,1.0,62993.15000000001,63015.95,63016.05,-0.000361944116145777,1.587474193715043e-06,1.587474193715043e-06,-2.0716538227588596e-05,7.93737096801741e-07,7.93737096801741e-07
pov_600_2_SELL_0.02,pov,600.0,2,SELL,0.02,15.36732192546781,0.3073464385093562,0.3073464385093562,1.0,62993.15000000001,63016.05,63016.05,-0.0003635315903394921,7.9373709681132e-06,-0.0,5.4630731736306026e-05,7.937370967254036e-07,7.937370967254036e-07
frontload_600_2_SELL_0.02,frontload,600.0,2,SELL,0.02,15.36732192546781,0.3073464385093562,0.3073464385093562,1.0,62993.15000000001,63016.05,63016.05,-0.0003635315903394921,3.174948387199078e-06,-0.0,7.281620837715768e-05,7.93737096817154e-07,7.93737096817154e-07
adaptive_600_2_SELL_0.02,adaptive,600.0,2,SELL,0.02,15.36732192546781,0.3073464385093562,0.3073464385093562,1.0,62993.15000000001,63016.05,63016.05,-0.0003635315903394921,1.587474193715043e-06,-0.0,-4.633113839658305e-06,7.937370967877938e-07,7.937370967877938e-07
rl2_600_2_SELL_0.02,rl2,600.0,2,SELL,0.02,15.36732192546781,0.3073464385093562,0.3073464385093562,1.0,62993.15000000001,63015.850000000006,63016.05,-0.000360356641952293,3.174948387430086e-06,3.174948387199078e-06,-0.0002453291104871541,9.518189948042919e-07,9.518189948042919e-07
twap_600_2_BUY_0.05,twap,600.0,2,BUY,0.05,15.36732192546781,0.7683660962733905,0.7683660962733905,1.0,62993.15000000001,63016.15000000001,63016.05,0.00036511906453320713,3.174948387430086e-06,1.587474193715043e-06,2.241711660377021e-05,9.068412809207625e-07,9.068412809207625e-07
pov_600_2_BUY_0.05,pov,600.0,2,BUY,0.05,15.36732192546781,0.7683660962733905,0.7683660962733905,1.0,62993.15000000001,63016.05,63016.05,0.0003635315903394921,9.524845161597234e-06,0.0,-6.172592535459889e-05,7.937370967911706e-07,7.937370967911706e-07
frontload_600_2_BUY_0.05,frontload,600.0,2,BUY,0.05,15.36732192546781,0.7683660962733905,0.7683660962733905,1.0,62993.15000000001,63016.15000000001,63016.05,0.00036511906453320713,4.762422580683113e-06,1.587474193715043e-06,-7.10171596574551e-05,1.005311623573674e-06,1.005311623573674e-06
adaptive_600_2_BUY_0.05,adaptive,600.0,2,BUY,0.05,15.36732192546781,0.7683660962733905,0.7683660962733905,1.0,62993.15000000001,63016.05,63016.05,0.0003635315903394921,3.174948387430086e-06,0.0,-1.6402881489589793e-05,8.319366444832309e-07,8.319366444832309e-07
rl2_600_2_BUY_0.05,rl2,600.0,2,BUY,0.05,15.36732192546781,0.7683660962733905,0.7683660962733905,1.0,62993.15000000001,63016.45,63016.05,0.00036988148711389026,6.349896774398156e-06,6.349896774398156e-06,0.00019194104847035417,1.0690109383033673e-06,1.0690109383033673e-06
twap_600_2_SELL_0.05,twap,600.0,2,SELL,0.05,15.36732192546781,0.7683660962733905,0.7683660962733905,1.0,62993.15000000001,63015.95,63016.05,-0.000361944116145777,3.174948387430086e-06,1.587474193715043e-06,-2.0670930812708937e-05,8.39344510032002e-07,8.39344510032002e-07
pov_600_2_SELL_0.05,pov,600.0,2,SELL,0.05,15.36732192546781,0.7683660962733905,0.7683660962733905,1.0,62993.15000000001,63016.05,63016.05,-0.0003635315903394921,9.524845161828242e-06,-0.0,0.00010904191680789759,7.937370967535896e-07,7.937370967535896e-07
frontload_600_2_SELL_0.05,frontload,600.0,2,SELL,0.05,15.36732192546781,0.7683660962733905,0.7683660962733905,1.0,62993.15000000001,63015.95,63016.05,-0.000361944116145777,3.174948387430086e-06,1.587474193715043e-06,7.28389857444416e-05,8.165144632816538e-07,8.165144632816538e-07
adaptive_600_2_SELL_0.05,adaptive,600.0,2,SELL,0.05,15.36732192546781,0.7683660962733905,0.7683660962733905,1.0,62993.15000000001,63016.05,63016.05,-0.0003635315903394921,3.174948387430086e-06,-0.0,-4.602203481807893e-06,8.409485736951057e-07,8.409485736951057e-07
rl2_600_2_SELL_0.05,rl2,600.0,2,SELL,0.05,15.36732192546781,0.7683660962733905,0.7683660962733905,1.0,62993.15000000001,63016.05,63016.05,-0.0003635315903394921,1.269979354902732e-05,-0.0,-0.00026890713306950575,2.0672832664138757e-06,2.0672832664138757e-06
twap_600_2_BUY_0.1,twap,600.0,2,BUY,0.1,15.36732192546781,1.536732192546781,1.536732192546781,1.0,62993.15000000001,63016.25,63016.05,0.00036670653872669114,4.762422580683113e-06,3.174948387199078e-06,2.2564485200210524e-05,1.0542098775076867e-06,1.0542098775076867e-06
pov_600_2_BUY_0.1,pov,600.0,2,BUY,0.1,15.36732192546781,1.536732192546781,1.536732192546781,1.0,62993.15000000001,63016.05,63016.05,0.0003635315903394921,1.58747419362264e-05,0.0,-0.0001516426055035296,7.937370967961617e-07,7.937370967961617e-07
frontload_600_2_BUY_0.1,frontload,600.0,2,BUY,0.1,15.36732192546781,1.536732192546781,1.536732192546781,1.0,62993.15000000001,63016.15000000001,63016.05,0.00036511906453320713,6.349896774398156e-06,1.587474193715043e-06,-7.089147412828845e-05,1.1309971527255001e-06,1.1309971527255001e-06
adaptive_600_2_BUY_0.1,adaptive,600.0,2,BUY,0.1,15.36732192546781,1.536732192546781,1.536732192546781,1.0,62993.15000000001,63016.05,63016.05,0.0003635315903394921,4.762422580914121e-06,0.0,-4.842546725026521e-06,8.32108747381703e-07,8.32108747381703e-07
rl2_600_2_BUY_0.1,rl2,600.0,2,BUY,0.1,15.36732192546781,1.536732192546781,1.536732192546781,1.0,62993.15000000001,63016.65000000001,63016.05,0.0003730564355013203,9.524845161828242e-06,9.524845161828242e-06,0.00020044471308007639,1.2943804748690818e-06,1.2943804748690818e-06
twap_600_2_SELL_0.1,twap,600.0,2,SELL,0.1,15.36732192546781,1.536732192546781,1.536732192546781,1.0,62993.15000000001,63015.850000000006,63016.05,-0.000360356641952293,3.174948387430086e-06,3.174948387199078e-06,-2.0627603463579306e-05,8.826718592524799e-07,8.826718592524799e-07
pov_600_2_SELL_0.1,pov,600.0,2,SELL,0.1,15.36732192546781,1.536732192546781,1.536732192546781,1.0,62993.15000000001,63016.05,63016.05,-0.0003635315903394921,1.269979354902732e-05,-0.0,0.0001909301330113488,9.643040352275388e-07,9.643040352275388e-07
frontload_600_2_SELL_0.1,frontload,600.0,2,SELL,0.1,15.36732192546781,1.536732192546781,1.536732192546781,1.0,62993.15000000001,63015.95,63016.05,-0.000361944116145777,4.762422580914121e-06,1.587474193715043e-06,7.287685887533637e-05,8.543875944484373e-07,8.543875944484373e-07
adaptive_600_2_SELL_0.1,adaptive,600.0,2,SELL,0.1,15.36732192546781,1.536732192546781,1.536732192546781,1.0,62993.15000000001,63016.05,63016.05,-0.0003635315903394921,4.762422580914121e-06,-0.0,-4.566765379649348e-06,8.621890775062121e-07,8.621890775062121e-07
rl2_600_2_SELL_0.1,rl2,600.0,2,SELL,0.1,15.36732192546781,1.536732192546781,1.536732192546781,1.0,62993.15000000001,63016.05,63016.05,-0.0003635315903394921,1.1112319355312277e-05,-0.0,-0.00023903572874876293,1.955577987401762e-06,1.955577987401762e-06
twap_600_2_BUY_0.2,twap,600.0,2,BUY,0.2,15.36732192546781,3.073464385093562,3.073464385093562,1.0,62993.15000000001,63016.350000000006,63016.05,0.0003682940129204062,6.349896774629164e-06,4.762422580914121e-06,2.2768690027657554e-05,1.2584147050889458e-06,1.2584147050889458e-06
pov_600_2_BUY_0.2,pov,600.0,2,BUY,0.2,15.36732192546781,3.073464385093562,3.073464385093562,1.0,62993.15000000001,63016.05,63016.05,0.0003635315903394921,1.746221612994144e-05,0.0,-0.00018217269856200648,1.3600853051558158e-06,1.3600853051558158e-06
frontload_600_2_BUY_0.2,frontload,600.0,2,BUY,0.2,15.36732192546781,3.073464385093562,3.073464385093562,1.0,62993.15000000001,63016.25,63016.05,0.00036670653872669114,9.524845161828242e-06,3.174948387199078e-06,-7.05815099803321e-05,1.440961300620111e-06,1.440961300620111e-06
adaptive_600_2_BUY_0.2,adaptive,600.0,2,BUY,0.2,15.36732192546781,3.073464385093562,3.073464385093562,1.0,62993.15000000001,63016.05,63016.05,0.0003635315903394921,6.349896774629164e-06,0.0,2.0176477467362998e-05,8.588743084416466e-07,8.588743084416466e-07
rl2_600_2_BUY_0.2,rl2,600.0,2,BUY,0.2,15.36732192546781,3.073464385093562,3.073464385093562,1.0,62993.15000000001,63017.05,63016.05,0.0003794063322757185,1.58747419362264e-05,1.58747419362264e-05,0.00020121364628985356,1.2033214546096912e-06,1.2033214546096912e-06
twap_600_2_SELL_0.2,twap,600.0,2,SELL,0.2,15.36732192546781,3.073464385093562,3.073464385093562,1.0,62993.15000000001,63015.75,63016.05,-0.00035876916775857796,6.349896774629164e-06,4.762422580914121e-06,-2.0540168572756167e-05,9.701067499140827e-07,9.701067499140827e-07
pov_600_2_SELL_0.2,pov,600.0,2,SELL,0.2,15.36732192546781,3.073464385093562,3.073464385093562,1.0,62993.15000000001,63016.05,63016.05,-0.0003635315903394921,1.269979354902732e-05,-0.0,0.00020956895660351912,1.2048874698268993e-06,1.2048874698268993e-06
frontload_600_2_SELL_0.2,frontload,600.0,2,SELL,0.2,15.36732192546781,3.073464385093562,3.073464385093562,1.0,62993.15000000001,63015.850000000006,63016.05,-0.000360356641952293,7.9373709681132e-06,3.174948387199078e-06,7.297658544928303e-05,9.541141681545984e-07,9.541141681545984e-07
adaptive_600_2_SELL_0.2,adaptive,600.0,2,SELL,0.2,15.36732192546781,3.073464385093562,3.073464385093562,1.0,62993.15000000001,63015.95,63016.05,-0.000361944116145777,6.349896774629164e-06,1.587474193715043e-06,-1.4752790783026475e-05,8.483824552744766e-07,8.483824552744766e-07
rl2_600_2_SELL_0.2,rl2,600.0,2,SELL,0.2,15.36732192546781,3.073464385093562,3.073464385093562,1.0,62993.15000000001,63015.350000000006,63016.05,-0.0003524192709841798,1.58747419362264e-05,1.1112319355312277e-05,-0.00019249488637499963,1.8479237008641478e-06,1.8479237008641478e-06
twap_600_3_BUY_0.001,twap,600.0,3,BUY,0.001,15.187356815954947,0.015187356815954949,0.015187356815954949,1.0,63057.55,63058.850000000006,63058.850000000006,2.061608800219657e-05,1.5858529233346485e-06,0.0,1.7180073334356106e-05,8.457882257109776e-07,8.457882257109776e-07
pov_600_3_BUY_0.001,pov,600.0,3,BUY,0.001,15.187356815954947,0.015187356815954949,0.015187356815954949,1.0,63057.55,63058.850000000006,63058.850000000006,2.061608800219657e-05,1.5858529233346485e-06,0.0,7.929264615519382e-07,7.929264615344845e-07,7.929264615344845e-07
frontload_600_3_BUY_0.001,frontload,600.0,3,BUY,0.001,15.187356815954947,0.015187356815954949,0.015187356815954949,1.0,63057.55,63058.850000000006,63058.850000000006,2.061608800219657e-05,1.5858529233346485e-06,0.0,-3.782722528991697e-05,8.612785676133659e-07,8.612785676133659e-07
adaptive_600_3_BUY_0.001,adaptive,600.0,3,BUY,0.001,15.187356815954947,0.015187356815954949,0.015187356815954949,1.0,63057.55,63058.850000000006,63058.850000000006,2.061608800219657e-05,1.5858529233346485e-06,0.0,2.0505654079215937e-05,8.123253351440302e-07,8.123253351440302e-07
rl2_600_3_BUY_0.001,rl2,600.0,3,BUY,0.001,15.187356815954947,0.015187356815954949,0.015187356815954949,1.0,63057.55,63058.95,63058.850000000006,2.2201940925300446e-05,1.5858529233346485e-06,1.5858529231038765e-06,6.479054447299303e-05,8.268804759935337e-07,8.268804759935337e-07
twap_600_3_SELL_0.001,twap,600.0,3,SELL,0.001,15.187356815954947,0.015187356815954949,0.015187356815954949,1.0,63057.55,63058.850000000006,63058.850000000006,-2.061608800219657e-05,1.5858529233346485e-06,-0.0,-1.5488496883014536e-05,8.457882257295267e-07,8.457882257295267e-07
pov_600_3_SELL_0.001,pov,600.0,3,SELL,0.001,15.187356815954947,0.015187356815954949,0.015187356815954949,1.0,63057.55,63058.850000000006,63058.850000000006,-2.061608800219657e-05,1.5858529233346485e-06,-0.0,7.929264616673242e-07,7.929264616531955e-07,7.929264616531955e-07
frontload_600_3_SELL_0.001,frontload,600.0,3,SELL,0.001,15.187356815954947,0.015187356815954949,0.015187356815954949,1.0,63057.55,63058.850000000006,63058.850000000006,-2.061608800219657e-05,1.5858529233346485e-06,-0.0,3.954978242528719e-05,8.612785676022367e-07,8.612785676022367e-07
adaptive_600_3_SELL_0.001,adaptive,600.0,3,SELL,0.001,15.187356815954947,0.015187356815954949,0.015187356815954949,1.0,63057.55,63058.850000000006,63058.850000000006,-2.061608800219657e-05,1.5858529233346485e-06,-0.0,-2.3770133017117264e-05,8.445284644738653e-07,8.445284644738653e-07
rl2_600_3_SELL_0.001,rl2,600.0,3,SELL,0.001,15.187356815954947,0.015187356815954949,0.015187356815954949,1.0,63057.55,63058.850000000006,63058.850000000006,-2.061608800219657e-05,1.5858529233346485e-06,-0.0,-9.807433309797678e-05,8.601725692044345e-07,8.601725692044345e-07
twap_600_3_BUY_0.0025,twap,600.0,3,BUY,0.0025,15.187356815954947,0.03796839203988737,0.03796839203988737,1.0,63057.55,63058.95,63058.850000000006,2.2201940925300446e-05,1.5858529233346485e-06,1.5858529231038765e-06,1.718007333424072e-05,8.457882257228483e-07,8.457882257228483e-07
pov_600_3_BUY_0.0025,pov,600.0,3,BUY,0.0025,15.187356815954947,0.03796839203988737,0.03796839203988737,1.0,63057.55,63058.850000000006,63058.850000000006,2.061608800219657e-05,3.171705846438525e-06,0.0,7.929264616673242e-07,7.929264617006801e-07,7.929264617006801e-07
frontload_600_3_BUY_0.0025,frontload,600.0,3,BUY,0.0025,15.187356815954947,0.03796839203988737,0.03796839203988737,1.0,63057.55,63058.850000000006,63058.850000000006,2.061608800219657e-05,1.5858529233346485e-06,0.0,-3.782722529026313e-05,8.612785676200437e-07,8.612785676200437e-07
adaptive_600_3_BUY_0.0025,adaptive,600.0,3,BUY,0.0025,15.187356815954947,0.03796839203988737,0.03796839203988737,1.0,63057.55,63058.850000000006,63058.850000000006,2.061608800219657e-05,1.5858529233346485e-06,0.0,2.0508748485371438e-05,8.123254030619217e-07,8.123254030619217e-07
rl2_600_3_BUY_0.0025,rl2,600.0,3,BUY,0.0025,15.187356815954947,0.03796839203988737,0.03796839203988737,1.0,63057.55,63058.95,63058.850000000006,2.2201940925300446e-05,1.5858529233346485e-06,1.5858529231038765e-06,6.479054447333918e-05,8.268804759638562e-07,8.268804759638562e-07
twap_600_3_SELL_0.0025,twap,600.0,3,SELL,0.0025,15.187356815954947,0.03796839203988737,0.03796839203988737,1.0,63057.55,63058.850000000006,63058.850000000006,-2.061608800219657e-05,1.5858529233346485e-06,-0.0,-1.5488496883014536e-05,8.457882257228484e-07,8.457882257228484e-07
pov_600_3_SELL_0.0025,pov,600.0,3,SELL,0.0025,15.187356815954947,0.03796839203988737,0.03796839203988737,1.0,63057.55,63058.850000000006,63058.850000000006,-2.061608800219657e-05,3.171705846669297e-06,-0.0,-5.386404544051307e-07,7.929264616057112e-07,7.929264616057112e-07
frontload_600_3_SELL_0.0025,frontload,600.0,3,SELL,0.0025,15.187356815954947,0.03796839203988737,0.03796839203988737,1.0,63057.55,63058.850000000006,63058.850000000006,-2.061608800219657e-05,1.5858529233346485e-06,-0.0,3.954978242528719e-05,8.612785676029786e-07,8.612785676029786e-07
adaptive_600_3_SELL_0.0025,adaptive,600.0,3,SELL,0.0025,15.187356815954947,0.03796839203988737,0.03796839203988737,1.0,63057.55,63058.850000000006,63058.850000000006,-2.061608800219657e-05,1.5858529233346485e-06,-0.0,-2.377327057105472e-05,8.445287124360665e-07,8.445287124360665e-07
rl2_600_3_SELL_0.0025,rl2,600.0,3,SELL,0.0025,15.187356815954947,0.03796839203988737,0.03796839203988737,1.0,63057.55,63058.75,63058.850000000006,-1.903023507886192e-05,1.5858529233346485e-06,1.5858529233346485e-06,-9.80743330978614e-05,8.601725692159347e-07,8.601725692159347e-07
twap_600_3_BUY_0.005,twap,600.0,3,BUY,0.005,15.187356815954947,0.07593678407977474,0.07593678407977474,1.0,63057.55,63058.95,63058.850000000006,2.2201940925300446e-05,1.5858529233346485e-06,1.5858529231038765e-06,1.718007333424072e-05,8.457882257228483e-07,8.457882257228483e-07
pov_600_3_BUY_0.005,pov,600.0,3,BUY,0.005,15.187356815954947,0.07593678407977474,0.07593678407977474,1.0,63057.55,63058.850000000006,63058.850000000006,2.061608800219657e-05,4.757558769542402e-06,0.0,7.929264616673242e-07,7.929264617006801e-07,7.929264617006801e-07
frontload_600_3_BUY_0.005,frontload,600.0,3,BUY,0.005,15.187356815954947,0.07593678407977474,0.07593678407977474,1.0,63057.55,63058.850000000006,63058.850000000006,2.061608800219657e-05,1.5858529233346485e-06,0.0,-3.782722529026313e-05,8.612785676200437e-07,8.612785676200437e-07
adaptive_600_3_BUY_0.005,adaptive,600.0,3,BUY,0.005,15.187356815954947,0.07593678407977474,0.07593678407977474,1.0,63057.55,63058.850000000006,63058.850000000006,2.061608800219657e-05,1.5858529233346485e-06,0.0,2.051200161775924e-05,8.123254602390659e-07,8.123254602390659e-07
rl2_600_3_BUY_0.005,rl2,600.0,3,BUY,0.005,15.187356815954947,0.07593678407977474,0.07593678407977474,1.0,63057.55,63059.05,63058.850000000006,2.3787793848635093e-05,3.171705846438525e-06,3.171705846438525e-06,6.479054447333918e-05,8.268804759638562e-07,8.268804759638562e-07
twap_600_3_SELL_0.005,twap,600.0,3,SELL,0.005,15.187356815954947,0.07593678407977474,0.07593678407977474,1.0,63057.55,63058.850000000006,63058.850000000006,-2.061608800219657e-05,1.5858529233346485e-06,-0.0,-1.5488496883014536e-05,8.457882257228484e-07,8.457882257228484e-07
pov_600_3_SELL_0.005,pov,600.0,3,SELL,0.005,15.187356815954947,0.07593678407977474,0.07593678407977474,1.0,63057.55,63058.850000000006,63058.850000000006,-2.061608800219657e-05,3.171705846669297e-06,-0.0,3.830459988272182e-06,7.929264616057114e-07,7.929264616057114e-07
frontload_600_3_SELL_0.005,frontload,600.0,3,SELL,0.005,15.187356815954947,0.07593678407977474,0.07593678407977474,1.0,63057.55,63058.850000000006,63058.850000000006,-2.061608800219657e-05,1.5858529233346485e-06,-0.0,3.954978242528719e-05,8.612785676029786e-07,8.612785676029786e-07
adaptive_600_3_SELL_0.005,adaptive,600.0,3,SELL,0.005,15.187356815954947,0.07593678407977474,0.07593678407977474,1.0,63057.55,63058.850000000006,63058.850000000006,-2.061608800219657e-05,1.5858529233346485e-06,-0.0,-2.3776837683596633e-05,8.445289997433522e-07,8.445289997433522e-07
rl2_600_3_SELL_0.005,rl2,600.0,3,SELL,0.005,15.187356815954947,0.07593678407977474,0.07593678407977474,1.0,63057.55,63058.75,63058.850000000006,-1.903023507886192e-05,1.5858529233346485e-06,1.5858529233346485e-06,-9.80743330978614e-05,8.601725692159347e-07,8.601725692159347e-07
twap_600_3_BUY_0.01,twap,600.0,3,BUY,0.01,15.187356815954947,0.15187356815954947,0.15187356815954947,1.0,63057.55,63058.95,63058.850000000006,2.2201940925300446e-05,1.5858529233346485e-06,1.5858529231038765e-06,1.718007333424072e-05,8.457882257228483e-07,8.457882257228483e-07
pov_600_3_BUY_0.01,pov,600.0,3,BUY,0.01,15.187356815954947,0.15187356815954947,0.15187356815954947,1.0,63057.55,63058.850000000006,63058.850000000006,2.061608800219657e-05,4.757558769773173e-06,0.0,2.174438392044989e-06,7.929264616057112e-07,7.929264616057112e-07
frontload_600_3_BUY_0.01,frontload,600.0,3,BUY,0.01,15.187356815954947,0.15187356815954947,0.15187356815954947,1.0,63057.55,63058.95,63058.850000000006,2.2201940925300446e-05,1.5858529233346485e-06,1.5858529231038765e-06,-3.782722529026313e-05,8.612785676200437e-07,8.612785676200437e-07
adaptive_600_3_BUY_0.01,adaptive,600.0,3,BUY,0.01,15.187356815954947,0.15187356815954947,0.15187356815954947,1.0,63057.55,63058.850000000006,63058.850000000006,2.061608800219657e-05,1.5858529233346485e-06,0.0,2.051808045337877e-05,8.123256624424489e-07,8.123256624424489e-07
rl2_600_3_BUY_0.01,rl2,600.0,3,BUY,0.01,15.187356815954947,0.15187356815954947,0.15187356815954947,1.0,63057.55,63059.05,63058.850000000006,2.3787793848635093e-05,3.171705846438525e-06,3.171705846438525e-06,6.770580998876179e-05,8.268804759875985e-07,8.268804759875985e-07
twap_600_3_SELL_0.01,twap,600.0,3,SELL,0.01,15.187356815954947,0.15187356815954947,0.15187356815954947,1.0,63057.55,63058.850000000006,63058.850000000006,-2.061608800219657e-05,1.5858529233346485e-06,-0.0,-1.5488496883014536e-05,8.457882257228484e-07,8.457882257228484e-07
pov_600_3_SELL_0.01,pov,600.0,3,SELL,0.01,15.187356815954947,0.15187356815954947,0.15187356815954947,1.0,63057.55,63058.850000000006,63058.850000000006,-2.061608800219657e-05,4.757558769773173e-06,-0.0,1.838017399390494e-05,7.929264615582269e-07,7.929264615582269e-07
frontload_600_3_SELL_0.01,frontload,600.0,3,SELL,0.01,15.187356815954947,0.15187356815954947,0.15187356815954947,1.0,63057.55,63058.850000000006,63058.850000000006,-2.061608800219657e-05,1.5858529233346485e-06,-0.0,3.954978242528719e-05,8.612785676029786e-07,8.612785676029786e-07
adaptive_600_3_SELL_0.01,adaptive,600.0,3,SELL,0.01,15.187356815954947,0.15187356815954947,0.15187356815954947,1.0,63057.55,63058.850000000006,63058.850000000006,-2.061608800219657e-05,1.5858529233346485e-06,-0.0,-2.3781922560212623e-05,8.445294165880615e-07,8.445294165880615e-07
rl2_600_3_SELL_0.01,rl2,600.0,3,SELL,0.01,15.187356815954947,0.15187356815954947,0.15187356815954947,1.0,63057.55,63058.65000000001,63058.850000000006,-1.7444382155758045e-05,3.1717058465539107e-06,3.171705846438525e-06,-9.80743330978614e-05,8.601725692159347e-07,8.601725692159347e-07
twap_600_3_BUY_0.02,twap,600.0,3,BUY,0.02,15.187356815954947,0.30374713631909894,0.30374713631909894,1.0,63057.55,63058.95,63058.850000000006,2.2201940925300446e-05,1.5858529233346485e-06,1.5858529231038765e-06,1.718007333424072e-05,8.457882257228483e-07,8.457882257228483e-07
pov_600_3_BUY_0.02,pov,600.0,3,BUY,0.02,15.187356815954947,0.30374713631909894,0.30374713631909894,1.0,63057.55,63058.850000000006,63058.850000000006,2.061608800219657e-05,6.34341169287705e-06,0.0,-1.8927935571388852e-06,7.929264615582267e-07,7.929264615582267e-07
frontload_600_3_BUY_0.02,frontload,600.0,3,BUY,0.02,15.187356815954947,0.30374713631909894,0.30374713631909894,1.0,63057.55,63058.95,63058.850000000006,2.2201940925300446e-05,1.5858529233346485e-06,1.5858529231038765e-06,-3.782722529026313e-05,8.612785676200437e-07,8.612785676200437e-07
adaptive_600_3_BUY_0.02,adaptive,600.0,3,BUY,0.02,15.187356815954947,0.30374713631909894,0.30374713631909894,1.0,63057.55,63058.850000000006,63058.850000000006,2.061608800219657e-05,3.171705846438525e-06,0.0,2.0526680930193778e-05,8.123259482996063e-07,8.123259482996063e-07
rl2_600_3_BUY_0.02,rl2,600.0,3,BUY,0.02,15.187356815954947,0.30374713631909894,0.30374713631909894,1.0,63057.55,63059.05,63058.850000000006,2.3787793848635093e-05,3.171705846669297e-06,3.171705846438525e-06,0.00011039117329982933,8.982654738250349e-07,8.982654738250349e-07
twap_600_3_SELL_0.02,twap,600.0,3,SELL,0.02,15.187356815954947,0.30374713631909894,0.30374713631909894,1.0,63057.55,63058.850000000006,63058.850000000006,-2.061608800219657e-05,1.5858529233346485e-06,-0.0,-1.5488496883014536e-05,8.457882257228484e-07,8.457882257228484e-07
pov_600_3_SELL_0.02,pov,600.0,3,SELL,0.02,15.187356815954947,0.30374713631909894,0.30374713631909894,1.0,63057.55,63058.850000000006,63058.850000000006,-2.061608800219657e-05,7.929264616211699e-06,-0.0,3.178849115314427e-05,7.929264615582269e-07,7.929264615582269e-07
frontload_600_3_SELL_0.02,frontload,600.0,3,SELL,0.02,15.187356815954947,0.30374713631909894,0.30374713631909894,1.0,63057.55,63058.850000000006,63058.850000000006,-2.061608800219657e-05,3.171705846669297e-06,-0.0,3.959940304908382e-05,9.108991914271667e-07,9.108991914271667e-07
adaptive_600_3_SELL_0.02,adaptive,600.0,3,SELL,0.02,15.187356815954947,0.30374713631909894,0.30374713631909894,1.0,63057.55,63058.850000000006,63058.850000000006,-2.061608800219657e-05,3.1717058465539107e-06,-0.0,-2.3789166796026778e-05,8.445300215125148e-07,8.445300215125148e-07
rl2_600_3_SELL_0.02,rl2,600.0,3,SELL,0.02,15.187356815954947,0.30374713631909894,0.30374713631909894,1.0,63057.55,63058.65000000001,63058.850000000006,-1.7444382155758045e-05,3.171705846669297e-06,3.171705846438525e-06,-0.00011131730286165922,8.265495154097102e-07,8.265495154097102e-07
twap_600_3_BUY_0.05,twap,600.0,3,BUY,0.05,15.187356815954947,0.7593678407977474,0.7593678407977474,1.0,63057.55,63058.95,63058.850000000006,2.2201940925300446e-05,3.171705846438525e-06,1.5858529231038765e-06,1.7206504217050153e-05,8.722191077639075e-07,8.722191077639075e-07
pov_600_3_BUY_0.05,pov,600.0,3,BUY,0.05,15.187356815954947,0.7593678407977474,0.7593678407977474,1.0,63057.55,63058.850000000006,63058.850000000006,2.061608800219657e-05,1.1100970462650223e-05,0.0,-1.257239695267655e-05,7.929264615914658e-07,7.929264615914658e-07
frontload_600_3_BUY_0.05,frontload,600.0,3,BUY,0.05,15.187356815954947,0.7593678407977474,0.7593678407977474,1.0,63057.55,63058.95,63058.850000000006,2.2201940925300446e-05,3.171705846669297e-06,1.5858529231038765e-06,-3.7827225290609284e-05,8.612785676230111e-07,8.612785676230111e-07
adaptive_600_3_BUY_0.05,adaptive,600.0,3,BUY,0.05,15.187356815954947,0.7593678407977474,0.7593678407977474,1.0,63057.55,63058.850000000006,63058.850000000006,2.061608800219657e-05,3.171705846669297e-06,0.0,2.0571887516961395e-05,8.404574863870514e-07,8.404574863870514e-07
rl2_600_3_BUY_0.05,rl2,600.0,3,BUY,0.05,15.187356815954947,0.7593678407977474,0.7593678407977474,1.0,63057.55,63059.15000000001,63058.850000000006,2.5373646771969744e-05,9.515117539546346e-06,4.757558769773173e-06,0.0001483333284414983,1.472501160457508e-06,1.472501160457508e-06
twap_600_3_SELL_0.05,twap,600.0,3,SELL,0.05,15.187356815954947,0.7593678407977474,0.7593678407977474,1.0,63057.55,63058.75,63058.850000000006,-1.903023507886192e-05,3.171705846669297e-06,1.5858529233346485e-06,-1.5462066002166665e-05,8.722191077829014e-07,8.722191077829014e-07
pov_600_3_SELL_0.05,pov,600.0,3,SELL,0.05,15.187356815954947,0.7593678407977474,0.7593678407977474,1.0,63057.55,63058.850000000006,63058.850000000006,-2.061608800219657e-05,9.515117539315576e-06,-0.0,-7.029341196905264e-06,7.929264615962143e-07,7.929264615962143e-07
frontload_600_3_SELL_0.05,frontload,600.0,3,SELL,0.05,15.187356815954947,0.7593678407977474,0.7593678407977474,1.0,63057.55,63058.850000000006,63058.850000000006,-2.061608800219657e-05,3.171705846669297e-06,-0.0,3.959940304896843e-05,9.108991914240504e-07,9.108991914240504e-07
adaptive_600_3_SELL_0.05,adaptive,600.0,3,SELL,0.05,15.187356815954947,0.7593678407977474,0.7593678407977474,1.0,63057.55,63058.850000000006,63058.850000000006,-2.061608800219657e-05,3.171705846669297e-06,-0.0,-2.3785839571412382e-05,8.623317879999336e-07,8.623317879999336e-07
rl2_600_3_SELL_0.05,rl2,600.0,3,SELL,0.05,15.187356815954947,0.7593678407977474,0.7593678407977474,1.0,63057.55,63058.850000000006,63058.850000000006,-2.061608800219657e-05,1.1100970462650223e-05,-0.0,-9.65503229488671e-05,1.6187015197871032e-06,1.6187015197871032e-06
twap_600_3_BUY_0.1,twap,600.0,3,BUY,0.1,15.187356815954947,1.5187356815954949,1.5187356815954949,1.0,63057.55,63059.05,63058.850000000006,2.3787793848635093e-05,4.757558769657788e-06,3.171705846438525e-06,1.7207518978416272e-05,8.73233869099495e-07,8.73233869099495e-07
pov_600_3_BUY_0.1,pov,600.0,3,BUY,0.1,15.187356815954947,1.5187356815954949,1.5187356815954949,1.0,63057.55,63058.850000000006,63058.850000000006,2.061608800219657e-05,1.2686823385984872e-05,0.0,2.604005815194835e-05,7.929264616057111e-07,7.929264616057111e-07
frontload_600_3_BUY_0.1,frontload,600.0,3,BUY,0.1,15.187356815954947,1.5187356815954949,1.5187356815954949,1.0,63057.55,63058.95,63058.850000000006,2.2201940925300446e-05,4.757558769773173e-06,1.5858529231038765e-06,-3.7786588773532506e-05,9.01915084658737e-07,9.01915084658737e-07
adaptive_600_3_BUY_0.1,adaptive,600.0,3,BUY,0.1,15.187356815954947,1.5187356815954949,1.5187356815954949,1.0,63057.55,63058.850000000006,63058.850000000006,2.061608800219657e-05,4.757558769773173e-06,0.0,2.326763232843086e-05,8.414524939591398e-07,8.414524939591398e-07
rl2_600_3_BUY_0.1,rl2,600.0,3,BUY,0.1,15.187356815954947,1.5187356815954949,1.5187356815954949,1.0,63057.55,63059.25,63058.850000000006,2.695949969507362e-05,1.7444382155758045e-05,6.34341169287705e-06,8.346563974887603e-05,2.3871023498357898e-06,2.3871023498357898e-06
twap_600_3_SELL_0.1,twap,600.0,3,SELL,0.1,15.187356815954947,1.5187356815954949,1.5187356815954949,1.0,63057.55,63058.75,63058.850000000006,-1.903023507886192e-05,6.343411692992436e-06,1.5858529233346485e-06,-1.5412283023710006e-05,9.22002086276614e-07,9.22002086276614e-07
pov_600_3_SELL_0.1,pov,600.0,3,SELL,0.1,15.187356815954947,1.5187356815954949,1.5187356815954949,1.0,63057.55,63058.850000000006,63058.850000000006,-2.061608800219657e-05,1.4272676309088749e-05,-0.0,-4.074416387468224e-05,1.2337941655111626e-06,1.2337941655111626e-06
frontload_600_3_SELL_0.1,frontload,600.0,3,SELL,0.1,15.187356815954947,1.5187356815954949,1.5187356815954949,1.0,63057.55,63058.75,63058.850000000006,-1.903023507886192e-05,6.3434116931078214e-06,1.5858529233346485e-06,3.983214017897262e-05,1.143636321420106e-06,1.143636321420106e-06
adaptive_600_3_SELL_0.1,adaptive,600.0,3,SELL,0.1,15.187356815954947,1.5187356815954949,1.5187356815954949,1.0,63057.55,63058.75,63058.850000000006,-1.903023507886192e-05,4.757558769773173e-06,1.5858529233346485e-06,-2.6488405994327798e-05,8.383791225242786e-07,8.383791225242786e-07
rl2_600_3_SELL_0.1,rl2,600.0,3,SELL,0.1,15.187356815954947,1.5187356815954949,1.5187356815954949,1.0,63057.55,63058.850000000006,63058.850000000006,-2.061608800219657e-05,1.1100970462650223e-05,-0.0,-7.516204277031218e-05,1.6788056383991196e-06,1.6788056383991196e-06
twap_600_3_BUY_0.2,twap,600.0,3,BUY,0.2,15.187356815954947,3.0374713631909898,3.0374713631909898,1.0,63057.55,63059.15000000001,63058.850000000006,2.5373646771969744e-05,6.3434116931078214e-06,4.757558769773173e-06,1.7412554821860948e-05,1.0782697122718046e-06,1.0782697122718046e-06
pov_600_3_BUY_0.2,pov,600.0,3,BUY,0.2,15.187356815954947,3.0374713631909898,3.0374713631909898,1.0,63057.55,63058.850000000006,63058.850000000006,2.061608800219657e-05,1.9030235079092693e-05,0.0,5.488136070605819e-05,7.92926461539233e-07,7.92926461539233e-07
frontload_600_3_BUY_0.2,frontload,600.0,3,BUY,0.2,15.187356815954947,3.0374713631909898,3.0374713631909898,1.0,63057.55,63059.05,63058.850000000006,2.3787793848635093e-05,7.929264616211699e-06,3.171705846438525e-06,-3.760137272999149e-05,1.0871311283449817e-06,1.0871311283449817e-06
adaptive_600_3_BUY_0.2,adaptive,600.0,3,BUY,0.2,15.187356815954947,3.0374713631909898,3.0374713631909898,1.0,63057.55,63058.850000000006,63058.850000000006,2.061608800219657e-05,6.3434116931078214e-06,0.0,1.519308734881149e-05,8.778102240106897e-07,8.778102240106897e-07
rl2_600_3_BUY_0.2,rl2,600.0,3,BUY,0.2,15.187356815954947,3.0374713631909898,3.0374713631909898,1.0,63057.55,63059.25,63058.850000000006,2.695949969507362e-05,2.061608800219657e-05,6.34341169287705e-06,6.820728914811704e-05,3.0768393650811524e-06,3.0768393650811524e-06
twap_600_3_SELL_0.2,twap,600.0,3,SELL,0.2,15.187356815954947,3.0374713631909898,3.0374713631909898,1.0,63057.55,63058.65000000001,63058.850000000006,-1.7444382155758045e-05,7.929264616211699e-06,3.171705846438525e-06,-1.5208915173086121e-05,1.1253699368231242e-06,1.1253699368231242e-06
pov_600_3_SELL_0.2,pov,600.0,3,SELL,0.2,15.187356815954947,3.0374713631909898,3.0374713631909898,1.0,63057.55,63058.850000000006,63058.850000000006,-2.061608800219657e-05,2.3787793848635093e-05,-0.0,-6.358657409572949e-05,1.8062867752496197e-06,1.8062867752496197e-06
frontload_600_3_SELL_0.2,frontload,600.0,3,SELL,0.2,15.187356815954947,3.0374713631909898,3.0374713631909898,1.0,63057.55,63058.75,63058.850000000006,-1.903023507886192e-05,9.515117539546346e-06,1.5858529233346485e-06,4.026903288576894e-05,1.5805290284030147e-06,1.5805290284030147e-06
adaptive_600_3_SELL_0.2,adaptive,600.0,3,SELL,0.2,15.187356815954947,3.0374713631909898,3.0374713631909898,1.0,63057.55,63058.65000000001,63058.850000000006,-1.7444382155758045e-05,6.3434116931078214e-06,3.171705846438525e-06,-3.272384834981862e-05,8.252656074356516e-07,8.252656074356516e-07
rl2_600_3_SELL_0.2,rl2,600.0,3,SELL,0.2,15.187356815954947,3.0374713631909898,3.0374713631909898,1.0,63057.55,63058.850000000006,63058.850000000006,-2.061608800219657e-05,1.5858529232423398e-05,-0.0,-6.755402988046369e-05,2.515539829210457e-06,2.515539829210457e-06
twap_600_4_BUY_0.001,twap,600.0,4,BUY,0.001,40.056395233641496,0.0400563952336415,0.0400563952336415,1.0,63039.05,63061.75,63061.75,0.0003600942590346315,1.5863183218310041e-06,0.0,1.3880285315097927e-05,8.063784801908622e-07,8.063784801908622e-07
pov_600_4_BUY_0.001,pov,600.0,4,BUY,0.001,40.056395233641496,0.0400563952336415,0.0400563952336415,1.0,63039.05,63061.75,63061.75,0.0003600942590346315,4.7589549652621725e-06,0.0,9.09010118578706e-07,7.931591607397489e-07,7.931591607397489e-07
frontload_600_4_BUY_0.001,frontload,600.0,4,BUY,0.001,40.056395233641496,0.0400563952336415,0.0400563952336415,1.0,63039.05,63061.75,63061.75,0.0003600942590346315,1.5863183218310041e-06,0.0,-6.994194649235498e-05,8.091317620446656e-07,8.091317620446656e-07
adaptive_600_4_BUY_0.001,adaptive,600.0,4,BUY,0.001,40.056395233641496,0.0400563952336415,0.0400563952336415,1.0,63039.05,63061.75,63061.75,0.0003600942590346315,1.5863183218310041e-06,0.0,3.218443025866947e-05,8.06778177053466e-07,8.06778177053466e-07
rl2_600_4_BUY_0.001,rl2,600.0,4,BUY,0.001,40.056395233641496,0.0400563952336415,0.0400563952336415,1.0,63039.05,63061.850000000006,63061.75,0.0003616805773564625,1.5863183218310041e-06,1.5863183218310041e-06,0.0001384505020281109,8.106869472957317e-07,8.106869472957317e-07
twap_600_4_SELL_0.001,twap,600.0,4,SELL,0.001,40.056395233641496,0.0400563952336415,0.0400563952336415,1.0,63039.05,63061.65000000001,63061.75,-0.0003585079407130314,1.5863183218310041e-06,1.5863183216001644e-06,-1.2267528354277343e-05,8.063784802246294e-07,8.063784802246294e-07
pov_600_4_SELL_0.001,pov,600.0,4,SELL,0.001,40.056395233641496,0.0400563952336415,0.0400563952336415,1.0,63039.05,63061.75,63061.75,-0.0003600942590346315,1.5863183218310041e-06,-0.0,-1.823943518973716e-05,7.931591608931066e-07,7.931591608931066e-07
frontload_600_4_SELL_0.001,frontload,600.0,4,SELL,0.001,40.056395233641496,0.0400563952336415,0.0400563952336415,1.0,63039.05,63061.75,63061.75,-0.0003600942590346315,1.5863183218310041e-06,-0.0,7.156021001596786e-05,8.091317620756178e-07,8.091317620756178e-07
adaptive_600_4_SELL_0.001,adaptive,600.0,4,SELL,0.001,40.056395233641496,0.0400563952336415,0.0400563952336415,1.0,63039.05,63061.75,63061.75,-0.0003600942590346315,1.5863183218310041e-06,-0.0,-2.0536721367421124e-05,7.981273835163058e-07,7.981273835163058e-07
rl2_600_4_SELL_0.001,rl2,600.0,4,SELL,0.001,40.056395233641496,0.0400563952336415,0.0400563952336415,1.0,63039.05,63061.65000000001,63061.75,-0.0003585079407130314,1.5863183218310041e-06,1.5863183216001644e-06,-0.0001270389476805625,8.280188926132022e-07,8.280188926132022e-07
twap_600_4_BUY_0.0025,twap,600.0,4,BUY,0.0025,40.056395233641496,0.10014098808410374,0.10014098808410374,1.0,63039.05,63061.75,63061.75,0.0003600942590346315,1.5863183218310041e-06,0.0,1.3880285314174568e-05,8.063784801903001e-07,8.063784801903001e-07
pov_600_4_BUY_0.0025,pov,600.0,4,BUY,0.0025,40.056395233641496,0.10014098808410374,0.10014098808410374,1.0,63039.05,63061.75,63061.75,0.0003600942590346315,4.7589549652621725e-06,0.0,2.642263694802921e-05,7.931591608300751e-07,7.931591608300751e-07
frontload_600_4_BUY_0.0025,frontload,600.0,4,BUY,0.0025,40.056395233641496,0.10014098808410374,0.10014098808410374,1.0,63039.05,63061.75,63061.75,0.0003600942590346315,1.5863183218310041e-06,0.0,-6.994194649223956e-05,8.091317620473382e-07,8.091317620473382e-07
adaptive_600_4_BUY_0.0025,adaptive,600.0,4,BUY,0.0025,40.056395233641496,0.10014098808410374,0.10014098808410374,1.0,63039.05,63061.75,63061.75,0.0003600942590346315,1.5863183218310041e-06,0.0,3.218543065109004e-05,8.067782169403949e-07,8.067782169403949e-07
rl2_600_4_BUY_0.0025,rl2,600.0,4,BUY,0.0025,40.056395233641496,0.10014098808410374,0.10014098808410374,1.0,63039.05,63061.850000000006,63061.75,0.0003616805773564625,1.5863183218310041e-06,1.5863183218310041e-06,0.00013845050202764925,8.106869473026255e-07,8.106869473026255e-07
twap_600_4_SELL_0.0025,twap,600.0,4,SELL,0.0025,40.056395233641496,0.10014098808410374,0.10014098808410374,1.0,63039.05,63061.65000000001,63061.75,-0.0003585079407130314,1.5863183218310041e-06,1.5863183216001644e-06,-1.2267528354046503e-05,8.063784802240668e-07,8.063784802240668e-07
pov_600_4_SELL_0.0025,pov,600.0,4,SELL,0.0025,40.056395233641496,0.10014098808410374,0.10014098808410374,1.0,63039.05,63061.75,63061.75,-0.0003600942590346315,3.1726366434311685e-06,-0.0,-4.663361003338849e-05,7.931591608300751e-07,7.931591608300751e-07
frontload_600_4_SELL_0.0025,frontload,600.0,4,SELL,0.0025,40.056395233641496,0.10014098808410374,0.10014098808410374,1.0,63039.05,63061.65000000001,63061.75,-0.0003585079407130314,1.5863183218310041e-06,1.5863183216001644e-06,7.15602100161987e-05,8.091317620822308e-07,8.091317620822308e-07
adaptive_600_4_SELL_0.0025,adaptive,600.0,4,SELL,0.0025,40.056395233641496,0.10014098808410374,0.10014098808410374,1.0,63039.05,63061.75,63061.75,-0.0003600942590346315,1.5863183218310041e-06,-0.0,-2.0538271064254412e-05,7.981274028344333e-07,7.981274028344333e-07
rl2_600_4_SELL_0.0025,rl2,600.0,4,SELL,0.0025,40.056395233641496,0.10014098808410374,0.10014098808410374,1.0,63039.05,63061.55,63061.75,-0.0003569216223912004,3.1726366434311685e-06,3.1726366434311685e-06,-0.0001270389476805625,8.280188925860481e-07,8.280188925860481e-07
twap_600_4_BUY_0.005,twap,600.0,4,BUY,0.005,40.056395233641496,0.20028197616820748,0.20028197616820748,1.0,63039.05,63061.75,63061.75,0.0003600942590346315,1.5863183218310041e-06,0.0,1.3880285314174568e-05,8.063784801903001e-07,8.063784801903001e-07
pov_600_4_BUY_0.005,pov,600.0,4,BUY,0.005,40.056395233641496,0.20028197616820748,0.20028197616820748,1.0,63039.05,63061.75,63061.75,0.0003600942590346315,4.7589549652621725e-06,0.0,-9.093507141462386e-05,7.931591608480841e-07,7.931591608480841e-07
frontload_600_4_BUY_0.005,frontload,600.0,4,BUY,0.005,40.056395233641496,0.20028197616820748,0.20028197616820748,1.0,63039.05,63061.75,63061.75,0.0003600942590346315,1.5863183218310041e-06,0.0,-6.994194649223956e-05,8.091317620473382e-07,8.091317620473382e-07
adaptive_600_4_BUY_0.005,adaptive,600.0,4,BUY,0.005,40.056395233641496,0.20028197616820748,0.20028197616820748,1.0,63039.05,63061.75,63061.75,0.0003600942590346315,1.5863183218310041e-06,0.0,3.218666089152071e-05,8.067782659989147e-07,8.067782659989147e-07
rl2_600_4_BUY_0.005,rl2,600.0,4,BUY,0.005,40.056395233641496,0.20028197616820748,0.20028197616820748,1.0,63039.05,63061.95,63061.75,0.0003632668956780627,3.1726366434311685e-06,3.1726366434311685e-06,0.0001290424406751031,8.106869473003745e-07,8.106869473003745e-07
twap_600_4_SELL_0.005,twap,600.0,4,SELL,0.005,40.056395233641496,0.20028197616820748,0.20028197616820748,1.0,63039.05,63061.65000000001,63061.75,-0.0003585079407130314,1.5863183218310041e-06,1.5863183216001644e-06,-1.2267528354046503e-05,8.063784802240668e-07,8.063784802240668e-07
pov_600_4_SELL_0.005,pov,600.0,4,SELL,0.005,40.056395233641496,0.20028197616820748,0.20028197616820748,1.0,63039.05,63061.75,63061.75,-0.0003600942590346315,6.345273287093177e-06,-0.0,-4.98876369058054e-05,7.931591607940571e-07,7.931591607940571e-07
frontload_600_4_SELL_0.005,frontload,600.0,4,SELL,0.005,40.056395233641496,0.20028197616820748,0.20028197616820748,1.0,63039.05,63061.65000000001,63061.75,-0.0003585079407130314,1.5863183218310041e-06,1.5863183216001644e-06,7.15602100161987e-05,8.091317620822308e-07,8.091317620822308e-07
adaptive_600_4_SELL_0.005,adaptive,600.0,4,SELL,0.005,40.056395233641496,0.20028197616820748,0.20028197616820748,1.0,63039.05,63061.75,63061.75,-0.0003600942590346315,1.5863183218310041e-06,-0.0,-2.053974853203889e-05,7.981274207567264e-07,7.981274207567264e-07
rl2_600_4_SELL_0.005,rl2,600.0,4,SELL,0.005,40.056395233641496,0.20028197616820748,0.20028197616820748,1.0,63039.05,63061.55,63061.75,-0.0003569216223912004,3.1726366434311685e-06,3.1726366434311685e-06,-0.0001270389476805625,8.280188925860481e-07,8.280188925860481e-07
twap_600_4_BUY_0.01,twap,600.0,4,BUY,0.01,40.056395233641496,0.40056395233641495,0.40056395233641495,1.0,63039.05,63061.850000000006,63061.75,0.0003616805773564625,1.5863183218310041e-06,1.5863183218310041e-06,1.3880285314174568e-05,8.063784801903001e-07,8.063784801903001e-07
pov_600_4_BUY_0.01,pov,600.0,4,BUY,0.01,40.056395233641496,0.40056395233641495,0.40056395233641495,1.0,63039.05,63061.75,63061.75,0.0003600942590346315,7.931591608693342e-06,0.0,-0.0001718999751819053,8.955466575288872e-07,8.955466575288872e-07
frontload_600_4_BUY_0.01,frontload,600.0,4,BUY,0.01,40.056395233641496,0.40056395233641495,0.40056395233641495,1.0,63039.05,63061.75,63061.75,0.0003600942590346315,3.1726366435465886e-06,0.0,-6.987822554521218e-05,8.728527090417856e-07,8.728527090417856e-07
adaptive_600_4_BUY_0.01,adaptive,600.0,4,BUY,0.01,40.056395233641496,0.40056395233641495,0.40056395233641495,1.0,63039.05,63061.75,63061.75,0.0003600942590346315,3.1726366434311685e-06,0.0,3.218855146541092e-05,8.067783414526618e-07,8.067783414526618e-07
rl2_600_4_BUY_0.01,rl2,600.0,4,BUY,0.01,40.056395233641496,0.40056395233641495,0.40056395233641495,1.0,63039.05,63061.95,63061.75,0.0003632668956780627,3.1726366436620083e-06,3.1726366434311685e-06,0.00011304363083863504,8.188817565640689e-07,8.188817565640689e-07
twap_600_4_SELL_0.01,twap,600.0,4,SELL,0.01,40.056395233641496,0.40056395233641495,0.40056395233641495,1.0,63039.05,63061.65000000001,63061.75,-0.0003585079407130314,1.5863183218310041e-06,1.5863183216001644e-06,-1.2267528354046503e-05,8.063784802240668e-07,8.063784802240668e-07
pov_600_4_SELL_0.01,pov,600.0,4,SELL,0.01,40.056395233641496,0.40056395233641495,0.40056395233641495,1.0,63039.05,63061.75,63061.75,-0.0003600942590346315,9.517909930524345e-06,-0.0,-4.4952401839716334e-05,7.931591607850528e-07,7.931591607850528e-07
frontload_600_4_SELL_0.01,frontload,600.0,4,SELL,0.01,40.056395233641496,0.40056395233641495,0.40056395233641495,1.0,63039.05,63061.65000000001,63061.75,-0.0003585079407130314,3.1726366434311685e-06,1.5863183216001644e-06,7.15602100161987e-05,8.091317620822308e-07,8.091317620822308e-07
adaptive_600_4_SELL_0.01,adaptive,600.0,4,SELL,0.01,40.056395233641496,0.40056395233641495,0.40056395233641495,1.0,63039.05,63061.75,63061.75,-0.0003600942590346315,3.1726366436620083e-06,-0.0,-2.0540913140126782e-05,7.981274331626491e-07,7.981274331626491e-07
rl2_600_4_SELL_0.01,rl2,600.0,4,SELL,0.01,40.056395233641496,0.40056395233641495,0.40056395233641495,1.0,63039.05,63061.55,63061.75,-0.0003569216223912004,3.1726366434311685e-06,3.1726366434311685e-06,-0.00011113738122418067,8.27223008324098e-07,8.27223008324098e-07
twap_600_4_BUY_0.02,twap,600.0,4,BUY,0.02,40.056395233641496,0.8011279046728299,0.8011279046728299,1.0,63039.05,63061.850000000006,63061.75,0.0003616805773564625,3.1726366436620083e-06,1.5863183218310041e-06,1.3904218030238757e-05,8.303111962926154e-07,8.303111962926154e-07
pov_600_4_BUY_0.02,pov,600.0,4,BUY,0.02,40.056395233641496,0.8011279046728299,0.8011279046728299,1.0,63039.05,63061.75,63061.75,0.0003600942590346315,7.931591608693342e-06,0.0,-0.0002202781466259315,1.0594143565931466e-06,1.0594143565931466e-06
frontload_600_4_BUY_0.02,frontload,600.0,4,BUY,0.02,40.056395233641496,0.8011279046728299,0.8011279046728299,1.0,63039.05,63061.75,63061.75,0.0003600942590346315,3.1726366436620083e-06,0.0,-6.979642969290492e-05,9.546485613296945e-07,9.546485613296945e-07
adaptive_600_4_BUY_0.02,adaptive,600.0,4,BUY,0.02,40.056395233641496,0.8011279046728299,0.8011279046728299,1.0,63039.05,63061.75,63061.75,0.0003600942590346315,3.1726366436620083e-06,0.0,3.204164772369503e-05,8.068703696411503e-07,8.068703696411503e-07
rl2_600_4_BUY_0.02,rl2,600.0,4,BUY,0.02,40.056395233641496,0.8011279046728299,0.8011279046728299,1.0,63039.05,63062.05,63061.75,0.0003648532139998937,7.931591608693342e-06,4.7589549652621725e-06,0.00011430974889942906,9.253342155936343e-07,9.253342155936343e-07
twap_600_4_SELL_0.02,twap,600.0,4,SELL,0.02,40.056395233641496,0.8011279046728299,0.8011279046728299,1.0,63039.05,63061.55,63061.75,-0.0003569216223912004,3.1726366436620083e-06,3.1726366434311685e-06,-1.2267528354046503e-05,8.063784802240668e-07,8.063784802240668e-07
pov_600_4_SELL_0.02,pov,600.0,4,SELL,0.02,40.056395233641496,0.8011279046728299,0.8011279046728299,1.0,63039.05,63061.75,63061.75,-0.0003600942590346315,9.517909930524345e-06,-0.0,4.4074292488823904e-05,7.931591608210707e-07,7.931591608210707e-07
frontload_600_4_SELL_0.02,frontload,600.0,4,SELL,0.02,40.056395233641496,0.8011279046728299,0.8011279046728299,1.0,63039.05,63061.65000000001,63061.75,-0.0003585079407130314,4.758954965031333e-06,1.5863183216001644e-06,7.163264037626636e-05,8.815621220629049e-07,8.815621220629049e-07
adaptive_600_4_SELL_0.02,adaptive,600.0,4,SELL,0.02,40.056395233641496,0.8011279046728299,0.8011279046728299,1.0,63039.05,63061.75,63061.75,-0.0003600942590346315,3.1726366436620083e-06,-0.0,-2.1114495556035072e-05,7.981382112353372e-07,7.981382112353372e-07
rl2_600_4_SELL_0.02,rl2,600.0,4,SELL,0.02,40.056395233641496,0.8011279046728299,0.8011279046728299,1.0,63039.05,63061.350000000006,63061.75,-0.0003537489857477692,6.345273286862337e-06,6.345273286862337e-06,-0.0001068397544935085,8.269488264645814e-07,8.269488264645814e-07
twap_600_4_BUY_0.05,twap,600.0,4,BUY,0.05,40.056395233641496,2.002819761682075,2.002819761682075,1.0,63039.05,63061.95,63061.75,0.0003632668956780627,4.7589549652621725e-06,3.1726366434311685e-06,1.4026079048547035e-05,9.521722138474146e-07,9.521722138474146e-07
pov_600_4_BUY_0.05,pov,600.0,4,BUY,0.05,40.056395233641496,2.002819761682075,2.002819761682075,1.0,63039.05,63061.75,63061.75,0.0003600942590346315,2.0622138182648856e-05,0.0,-0.00026918868415149507,8.996612391551137e-07,8.996612391551137e-07
frontload_600_4_BUY_0.05,frontload,600.0,4,BUY,0.05,40.056395233641496,2.002819761682075,2.002819761682075,1.0,63039.05,63061.850000000006,63061.75,0.0003616805773564625,6.345273286862337e-06,1.5863183218310041e-06,-6.959725004940275e-05,1.15382820503389e-06,1.15382820503389e-06
adaptive_600_4_BUY_0.05,adaptive,600.0,4,BUY,0.05,40.056395233641496,2.002819761682075,2.002819761682075,1.0,63039.05,63061.75,63061.75,0.0003600942590346315,4.7589549652621725e-06,0.0,3.123193403884556e-05,7.991001088594031e-07,7.991001088594031e-07
rl2_600_4_BUY_0.05,rl2,600.0,4,BUY,0.05,40.056395233641496,2.002819761682075,2.002819761682075,1.0,63039.05,63062.350000000006,63061.75,0.0003696121689651559,9.517909930524345e-06,9.517909930524345e-06,0.00012086515864134147,7.973454594142224e-07,7.973454594142224e-07
twap_600_4_SELL_0.05,twap,600.0,4,SELL,0.05,40.056395233641496,2.002819761682075,2.002819761682075,1.0,63039.05,63061.55,63061.75,-0.0003569216223912004,4.758954965031333e-06,3.1726366434311685e-06,-1.2183116014101077e-05,8.907908206505918e-07,8.907908206505918e-07
pov_600_4_SELL_0.05,pov,600.0,4,SELL,0.05,40.056395233641496,2.002819761682075,2.002819761682075,1.0,63039.05,63061.75,63061.75,-0.0003600942590346315,2.0622138182648856e-05,-0.0,0.00013308539442555593,7.931591607292249e-07,7.931591607292249e-07
frontload_600_4_SELL_0.05,frontload,600.0,4,SELL,0.05,40.056395233641496,2.002819761682075,2.002819761682075,1.0,63039.05,63061.65000000001,63061.75,-0.0003585079407130314,6.345273286862337e-06,1.5863183216001644e-06,7.189030854680444e-05,1.1392302928677846e-06,1.1392302928677846e-06
adaptive_600_4_SELL_0.05,adaptive,600.0,4,SELL,0.05,40.056395233641496,2.002819761682075,2.002819761682075,1.0,63039.05,63061.75,63061.75,-0.0003600942590346315,4.7589549652621725e-06,-0.0,-3.00348927332746e-05,7.983084782453523e-07,7.983084782453523e-07
rl2_600_4_SELL_0.05,rl2,600.0,4,SELL,0.05,40.056395233641496,2.002819761682075,2.002819761682075,1.0,63039.05,63061.25,63061.75,-0.0003521626674259382,7.931591608693342e-06,7.931591608693342e-06,-9.867828626260504e-05,1.1299097204296133e-06,1.1299097204296133e-06
twap_600_4_BUY_0.1,twap,600.0,4,BUY,0.1,40.056395233641496,4.00563952336415,4.00563952336415,1.0,63039.05,63062.05,63061.75,0.0003648532139998937,6.345273287093177e-06,4.7589549652621725e-06,1.4241961345239913e-05,1.1680545104774564e-06,1.1680545104774564e-06
pov_600_4_BUY_0.1,pov,600.0,4,BUY,0.1,40.056395233641496,4.00563952336415,4.00563952336415,1.0,63039.05,63061.75,63061.75,0.0003600942590346315,2.0622138182648856e-05,0.0,-0.00035246697858767027,8.568387722951491e-07,8.568387722951491e-07
frontload_600_4_BUY_0.1,frontload,600.0,4,BUY,0.1,40.056395233641496,4.00563952336415,4.00563952336415,1.0,63039.05,63061.850000000006,63061.75,0.0003616805773564625,9.517909930524345e-06,1.5863183218310041e-06,-6.907216115031498e-05,1.678917104185898e-06,1.678917104185898e-06
adaptive_600_4_BUY_0.1,adaptive,600.0,4,BUY,0.1,40.056395233641496,4.00563952336415,4.00563952336415,1.0,63039.05,63061.850000000006,63061.75,0.0003616805773564625,6.345273287093177e-06,1.5863183218310041e-06,4.149899475064676e-05,8.364972069872475e-07,8.364972069872475e-07
rl2_600_4_BUY_0.1,rl2,600.0,4,BUY,0.1,40.056395233641496,4.00563952336415,4.00563952336415,1.0,63039.05,63062.25,63061.75,0.0003680258506433249,2.0622138182648856e-05,7.931591608693342e-06,8.840820561816296e-05,3.4514018869818695e-06,3.4514018869818695e-06
twap_600_4_SELL_0.1,twap,600.0,4,SELL,0.1,40.056395233641496,4.00563952336415,4.00563952336415,1.0,63039.05,63061.45,63061.75,-0.0003553353040693694,7.931591608693342e-06,4.7589549652621725e-06,-1.1914499179155945e-05,1.1594076555625849e-06,1.1594076555625849e-06
pov_600_4_SELL_0.1,pov,600.0,4,SELL,0.1,40.056395233641496,4.00563952336415,4.00563952336415,1.0,63039.05,63061.75,63061.75,-0.0003600942590346315,2.0622138182648856e-05,-0.0,0.0002855410159211204,7.93159160795858e-07,7.93159160795858e-07
frontload_600_4_SELL_0.1,frontload,600.0,4,SELL,0.1,40.056395233641496,4.00563952336415,4.00563952336415,1.0,63039.05,63061.55,63061.75,-0.0003569216223912004,1.110422825212451e-05,3.1726366434311685e-06,7.237716419602927e-05,1.6260859421875568e-06,1.6260859421875568e-06
adaptive_600_4_SELL_0.1,adaptive,600.0,4,SELL,0.1,40.056395233641496,4.00563952336415,4.00563952336415,1.0,63039.05,63061.65000000001,63061.75,-0.0003585079407130314,6.345273287093177e-06,1.5863183216001644e-06,-3.6295225408737835e-05,7.99502011989061e-07,7.99502011989061e-07
rl2_600_4_SELL_0.1,rl2,600.0,4,SELL,0.1,40.056395233641496,4.00563952336415,4.00563952336415,1.0,63039.05,63061.25,63061.75,-0.0003521626674259382,1.4276864895786517e-05,7.931591608693342e-06,-8.281197534714229e-05,1.7195904732848803e-06,1.7195904732848803e-06
twap_600_4_BUY_0.2,twap,600.0,4,BUY,0.2,40.056395233641496,8.0112790467283,8.0112790467283,1.0,63039.05,63062.15000000001,63061.75,0.0003664395323217247,9.517909930524345e-06,6.345273287093177e-06,1.4871980244695644e-05,1.798073409859338e-06,1.798073409859338e-06
pov_600_4_BUY_0.2,pov,600.0,4,BUY,0.2,40.056395233641496,8.0112790467283,8.0112790467283,1.0,63039.05,63061.75,63061.75,0.0003600942590346315,2.8553729791342198e-05,0.0,-0.0003330721840847655,9.034757281304693e-07,9.034757281304693e-07
frontload_600_4_BUY_0.2,frontload,600.0,4,BUY,0.2,40.056395233641496,8.0112790467283,8.0112790467283,1.0,63039.05,63061.95,63061.75,0.0003632668956780627,1.5863183217386684e-05,3.1726366434311685e-06,-6.824335570427783e-05,2.507722550107503e-06,2.507722550107503e-06
adaptive_600_4_BUY_0.2,adaptive,600.0,4,BUY,0.2,40.056395233641496,8.0112790467283,8.0112790467283,1.0,63039.05,63062.45,63061.75,0.000371198487286756,1.2690546573955514e-05,1.110422825212451e-05,6.848804635245962e-05,8.910179520224944e-07,8.910179520224944e-07
rl2_600_4_BUY_0.2,rl2,600.0,4,BUY,0.2,40.056395233641496,8.0112790467283,8.0112790467283,1.0,63039.05,63062.350000000006,63061.75,0.0003696121689651559,2.3794774826080026e-05,9.517909930524345e-06,8.795714146965787e-05,2.8263938233007317e-06,2.8263938233007317e-06
twap_600_4_SELL_0.2,twap,600.0,4,SELL,0.2,40.056395233641496,8.0112790467283,8.0112790467283,1.0,63039.05,63061.350000000006,63061.75,-0.0003537489857477692,1.110422825235535e-05,6.345273286862337e-06,-1.1283106633454693e-05,1.7908002013330674e-06,1.7908002013330674e-06
pov_600_4_SELL_0.2,pov,600.0,4,SELL,0.2,40.056395233641496,8.0112790467283,8.0112790467283,1.0,63039.05,63061.75,63061.75,-0.0003600942590346315,2.9346888952257698e-05,-0.0,0.00019034431223888547,1.109746284802173e-06,1.109746284802173e-06
frontload_600_4_SELL_0.2,frontload,600.0,4,SELL,0.2,40.056395233641496,8.0112790467283,8.0112790467283,1.0,63039.05,63061.55,63061.75,-0.0003569216223912004,1.4276864895555679e-05,3.1726366434311685e-06,7.29598959517709e-05,2.2088176976799778e-06,2.2088176976799778e-06
adaptive_600_4_SELL_0.2,adaptive,600.0,4,SELL,0.2,40.056395233641496,8.0112790467283,8.0112790467283,1.0,63039.05,63060.15000000001,63061.75,-0.00033471316588695136,2.538109314768019e-05,2.538109314768019e-05,-4.976455680124063e-05,1.3568706193039765e-06,1.3568706193039765e-06
rl2_600_4_SELL_0.2,rl2,600.0,4,SELL,0.2,40.056395233641496,8.0112790467283,8.0112790467283,1.0,63039.05,63061.75,63061.75,-0.0003600942590346315,2.538109314791103e-05,-0.0,-4.838587741386845e-05,3.7227118029678827e-06,3.7227118029678827e-06
