clock,horizon,mean_impact_bps,fraction_of_completion,fraction_of_size_endpoint,reference_quote_completion_bps,reference_size_endpoint_bps,sem_iid,n,n_before_complete_filter,regime,granularity,variant,method,seed,primary
seconds,0.1,1.7378287362628118,1.2388668753954768,1.0429921407820473,1.402756640585821,1.6661954278579396,0.019918781863306655,35625,35860,normal,aggressive,random_n6,random_traders,7,True
seconds,1.0,1.8147340564343766,1.2936912960729277,1.0891483832526165,1.402756640585821,1.6661954278579396,0.020731510637193192,35625,35860,normal,aggressive,random_n6,random_traders,7,True
seconds,5.0,1.790295126160985,1.276269221875378,1.074480877949946,1.402756640585821,1.6661954278579396,0.02181205160651331,35625,35860,normal,aggressive,random_n6,random_traders,7,True
seconds,15.0,1.6492131861407826,1.1756944422320013,0.9898077731860125,1.402756640585821,1.6661954278579396,0.023809982846449678,35625,35860,normal,aggressive,random_n6,random_traders,7,True
seconds,30.0,1.4888071801106721,1.0613438832047979,0.8935369496390242,1.402756640585821,1.6661954278579396,0.02646640953223492,35625,35860,normal,aggressive,random_n6,random_traders,7,True
seconds,60.0,1.3647602672547396,0.9729130682887281,0.8190877519147169,1.402756640585821,1.6661954278579396,0.03164080976952732,35625,35860,normal,aggressive,random_n6,random_traders,7,True
seconds,180.0,1.2732098203093423,0.9076483999231847,0.7641419481904236,1.402756640585821,1.6661954278579396,0.046813662799426205,35625,35860,normal,aggressive,random_n6,random_traders,7,True
seconds,600.0,1.2498060705061114,0.8909642872794855,0.7500957268337134,1.402756640585821,1.6661954278579396,0.07711368556116845,35625,35860,normal,aggressive,random_n6,random_traders,7,True
z,1.0,1.4023144693154128,1.0,0.8419870155052492,1.4023144693154128,1.665482297816587,0.019033616808782784,35773,35860,normal,aggressive,random_n6,random_traders,7,True
z,1.0833333333333333,1.7583751281391653,1.253909281131197,1.055775333333989,1.4023144693154128,1.665482297816587,0.021078877843349633,35773,35860,normal,aggressive,random_n6,random_traders,7,True
z,1.1666666666666667,1.7211816723857336,1.227386374488446,1.0334433903273348,1.4023144693154128,1.665482297816587,0.021751277180155848,35773,35860,normal,aggressive,random_n6,random_traders,7,True
z,1.25,1.683759782638494,1.2007005700087214,1.010974289457095,1.4023144693154128,1.665482297816587,0.02241283349719978,35773,35860,normal,aggressive,random_n6,random_traders,7,True
z,1.3333333333333333,1.6427634436085294,1.171465801397956,0.9863589938855299,1.4023144693154128,1.665482297816587,0.02300455976169293,35773,35860,normal,aggressive,random_n6,random_traders,7,True
z,1.4166666666666665,1.6215329264917526,1.1563261750293132,0.9736116250635319,1.4023144693154128,1.665482297816587,0.023690375784176314,35773,35860,normal,aggressive,random_n6,random_traders,7,True
z,1.5,1.5927594177584516,1.135807589959484,0.9563352428581957,1.4023144693154128,1.665482297816587,0.024246956671071296,35773,35860,normal,aggressive,random_n6,random_traders,7,True
z,1.5833333333333333,1.5794389040368246,1.126308640891284,0.9483372510818256,1.4023144693154128,1.665482297816587,0.024884026408951713,35773,35860,normal,aggressive,random_n6,random_traders,7,True
z,1.6666666666666665,1.5605192211898595,1.1128168861808005,0.9369773687992169,1.4023144693154128,1.665482297816587,0.02542418486962444,35773,35860,normal,aggressive,random_n6,random_traders,7,True
z,1.75,1.5396369813040072,1.097925618677837,0.9244391149173062,1.4023144693154128,1.665482297816587,0.026039324919387836,35773,35860,normal,aggressive,random_n6,random_traders,7,True
z,1.8333333333333333,1.5300320883423608,1.0910763040827052,0.9186720809630948,1.4023144693154128,1.665482297816587,0.02669687937547285,35773,35860,normal,aggressive,random_n6,random_traders,7,True
z,1.9166666666666665,1.518296932737588,1.0827078846863756,0.9116259804910829,1.4023144693154128,1.665482297816587,0.02718045789013964,35773,35860,normal,aggressive,random_n6,random_traders,7,True
z,2.0,1.509999489862507,1.0767909216537317,0.9066439744463722,1.4023144693154128,1.665482297816587,0.027664769280764046,35773,35860,normal,aggressive,random_n6,random_traders,7,True
z,2.083333333333333,1.5000587908246121,1.0697021414582684,0.9006753135660213,1.4023144693154128,1.665482297816587,0.028205846053218825,35773,35860,normal,aggressive,random_n6,random_traders,7,True
z,2.1666666666666665,1.4864826079923248,1.060020873005754,0.8925238112353838,1.4023144693154128,1.665482297816587,0.028746143119152804,35773,35860,normal,aggressive,random_n6,random_traders,7,True
z,2.25,1.473187179689492,1.050539812520567,0.8845408814136362,1.4023144693154128,1.665482297816587,0.029338620248597416,35773,35860,normal,aggressive,random_n6,random_traders,7,True
z,2.333333333333333,1.4705777188334859,1.0486789882096832,0.8829740915057356,1.4023144693154128,1.665482297816587,0.029895996079847113,35773,35860,normal,aggressive,random_n6,random_traders,7,True
z,2.4166666666666665,1.466516675133416,1.0457830302851725,0.880535732535848,1.4023144693154128,1.665482297816587,0.03043758893076906,35773,35860,normal,aggressive,random_n6,random_traders,7,True
z,2.5,1.463955423982047,1.043956584643048,0.8789978890206532,1.4023144693154128,1.665482297816587,0.030997200273192405,35773,35860,normal,aggressive,random_n6,random_traders,7,True
z,2.583333333333333,1.4635915670622897,1.0436971157951407,0.878779419619787,1.4023144693154128,1.665482297816587,0.0314998447788557,35773,35860,normal,aggressive,random_n6,random_traders,7,True
z,2.6666666666666665,1.4494304120515618,1.033598699697615,0.8702766843885013,1.4023144693154128,1.665482297816587,0.031874200475316083,35773,35860,normal,aggressive,random_n6,random_traders,7,True
z,2.75,1.4454593287224626,1.030766893126413,0.8678923400251266,1.4023144693154128,1.665482297816587,0.03236694358439952,35773,35860,normal,aggressive,random_n6,random_traders,7,True
z,2.833333333333333,1.4471469954794722,1.0319703797864583,0.8689056601662186,1.4023144693154128,1.665482297816587,0.03280681602021253,35773,35860,normal,aggressive,random_n6,random_traders,7,True
z,2.9166666666666665,1.4473942755534501,1.032146716891572,0.8690541337190759,1.4023144693154128,1.665482297816587,0.03319560725818381,35773,35860,normal,aggressive,random_n6,random_traders,7,True
z,3.0,1.4409132240506897,1.027525034918965,0.8651627375083465,1.4023144693154128,1.665482297816587,0.033718319210296784,35773,35860,normal,aggressive,random_n6,random_traders,7,True
seconds,0.1,1.7472277870886765,1.2318669048117994,1.0459875874240743,1.418357600373729,1.670409676076107,0.020175272057629853,35463,35697,normal,aggressive,random_n6,random_traders,23,True
seconds,1.0,1.825212318397372,1.2868491824039574,1.0926734588157474,1.418357600373729,1.670409676076107,0.020881224526632106,35463,35697,normal,aggressive,random_n6,random_traders,23,True
seconds,5.0,1.8050316969126645,1.272621020564242,1.0805922180436556,1.418357600373729,1.670409676076107,0.021980871808084196,35463,35697,normal,aggressive,random_n6,random_traders,23,True
seconds,15.0,1.6609943124211075,1.1710687854624569,0.9943634404243176,1.418357600373729,1.670409676076107,0.024115189666835547,35463,35697,normal,aggressive,random_n6,random_traders,23,True
seconds,30.0,1.500603848708551,1.0579869620419775,0.898344801398397,1.418357600373729,1.670409676076107,0.02685116455564789,35463,35697,normal,aggressive,random_n6,random_traders,23,True
seconds,60.0,1.373835857892413,0.9686103543495768,0.8224544419065126,1.418357600373729,1.670409676076107,0.03183779814689945,35463,35697,normal,aggressive,random_n6,random_traders,23,True
seconds,180.0,1.2846023249968024,0.9056970714989767,0.7690342934401642,1.418357600373729,1.670409676076107,0.04717907404462847,35463,35697,normal,aggressive,random_n6,random_traders,23,True
seconds,600.0,1.2969445181439279,0.9143988214271144,0.776423015694287,1.418357600373729,1.670409676076107,0.07714252127581957,35463,35697,normal,aggressive,random_n6,random_traders,23,True
z,1.0,1.4166218796356165,1.0,0.8491630618951749,1.4166218796356165,1.6682565966470309,0.019315212258250614,35605,35697,normal,aggressive,random_n6,random_traders,23,True
z,1.0833333333333333,1.7634324339142569,1.2448151897582205,1.0570510780287137,1.4166218796356165,1.6682565966470309,0.02120694059551504,35605,35697,normal,aggressive,random_n6,random_traders,23,True
z,1.1666666666666667,1.7398589022311381,1.2281745236623514,1.0429204390547702,1.4166218796356165,1.6682565966470309,0.02200749683334978,35605,35697,normal,aggressive,random_n6,random_traders,23,True
z,1.25,1.7077149977886839,1.2054839914148032,1.023652477215411,1.4166218796356165,1.6682565966470309,0.022726552494045597,35605,35697,normal,aggressive,random_n6,random_traders,23,True
z,1.3333333333333333,1.6749138580919636,1.182329513732193,1.0039905500498623,1.4166218796356165,1.6682565966470309,0.023345032257416028,35605,35697,normal,aggressive,random_n6,random_traders,23,True
z,1.4166666666666665,1.6419138913971427,1.1590346831431657,0.9842094403805546,1.4166218796356165,1.6682565966470309,0.024033768869346637,35605,35697,normal,aggressive,random_n6,random_traders,23,True
z,1.5,1.6226365915651333,1.1454267471730055,0.9726540838060598,1.4166218796356165,1.6682565966470309,0.02476517761311982,35605,35697,normal,aggressive,random_n6,random_traders,23,True
z,1.5833333333333333,1.6010263993726648,1.130172011591746,0.959700325831476,1.4166218796356165,1.6682565966470309,0.025394915936051775,35605,35697,normal,aggressive,random_n6,random_traders,23,True
z,1.6666666666666665,1.5804259937147467,1.1156300890406012,0.9473518623521036,1.4166218796356165,1.6682565966470309,0.025992876845453986,35605,35697,normal,aggressive,random_n6,random_traders,23,True
z,1.75,1.5630986689520736,1.1033986495776373,0.9369653757663478,1.4166218796356165,1.6682565966470309,0.026576719909030565,35605,35697,normal,aggressive,random_n6,random_traders,23,True
z,1.8333333333333333,1.5446273803040196,1.0903596806660425,0.9258931650014217,1.4166218796356165,1.6682565966470309,0.027103028853603266,35605,35697,normal,aggressive,random_n6,random_traders,23,True
z,1.9166666666666665,1.5341124307602254,1.0829371286816705,0.9195902080312963,1.4166218796356165,1.6682565966470309,0.02775769856616826,35605,35697,normal,aggressive,random_n6,random_traders,23,True
z,2.0,1.5191692217006016,1.072388647626537,0.9106328275601759,1.4166218796356165,1.6682565966470309,0.028219238820287196,35605,35697,normal,aggressive,random_n6,random_traders,23,True
z,2.083333333333333,1.5103151321488775,1.0661385044662453,0.9053254368568995,1.4166218796356165,1.6682565966470309,0.028777004434916514,35605,35697,normal,aggressive,random_n6,random_traders,23,True
z,2.1666666666666665,1.500437310107033,1.0591657037606785,0.8994043920597755,1.4166218796356165,1.6682565966470309,0.029369147128487573,35605,35697,normal,aggressive,random_n6,random_traders,23,True
z,2.25,1.4830145255703107,1.046866878797447,0.8889606841962852,1.4166218796356165,1.6682565966470309,0.029826207232162342,35605,35697,normal,aggressive,random_n6,random_traders,23,True
z,2.333333333333333,1.488203980355541,1.0505301391634136,0.8920713895851686,1.4166218796356165,1.6682565966470309,0.030474205607707194,35605,35697,normal,aggressive,random_n6,random_traders,23,True
z,2.4166666666666665,1.4831519638627295,1.0469638971298578,0.8890430685804951,1.4166218796356165,1.6682565966470309,0.030943697613537106,35605,35697,normal,aggressive,random_n6,random_traders,23,True
z,2.5,1.474936637584002,1.041164659946792,0.8841185705774666,1.4166218796356165,1.6682565966470309,0.03146122747489133,35605,35697,normal,aggressive,random_n6,random_traders,23,True
z,2.583333333333333,1.4691836189815526,1.03710357725059,0.88067004916055,1.4166218796356165,1.6682565966470309,0.03200717169836438,35605,35697,normal,aggressive,random_n6,random_traders,23,True
z,2.6666666666666665,1.461664603689842,1.0317958692448062,0.876162939578713,1.4166218796356165,1.6682565966470309,0.0324067744364021,35605,35697,normal,aggressive,random_n6,random_traders,23,True
z,2.75,1.4561485566936765,1.0279020659120606,0.8728564656182611,1.4166218796356165,1.6682565966470309,0.0329221248519308,35605,35697,normal,aggressive,random_n6,random_traders,23,True
z,2.833333333333333,1.4589842305612946,1.0299037813368903,0.8745562484174525,1.4166218796356165,1.6682565966470309,0.03335225909131392,35605,35697,normal,aggressive,random_n6,random_traders,23,True
z,2.9166666666666665,1.4632083369084201,1.0328855977325344,0.8770882967579868,1.4166218796356165,1.6682565966470309,0.03380097249037415,35605,35697,normal,aggressive,random_n6,random_traders,23,True
z,3.0,1.4513289118906054,1.024499856139393,0.8699674347504931,1.4166218796356165,1.6682565966470309,0.03416638352002577,35605,35697,normal,aggressive,random_n6,random_traders,23,True
seconds,0.1,1.7442639128166855,1.2364122909044644,1.0443502554950816,1.4107461771839196,1.6701905358272784,0.020174556634161338,35600,35831,normal,aggressive,random_n6,random_traders,71,True
seconds,1.0,1.8201250951792118,1.29018609060666,1.0897709310019936,1.4107461771839196,1.6701905358272784,0.020890733473209876,35600,35831,normal,aggressive,random_n6,random_traders,71,True
seconds,5.0,1.8007488969928636,1.276451374539574,1.0781697407361472,1.4107461771839196,1.6701905358272784,0.021853084411956755,35600,35831,normal,aggressive,random_n6,random_traders,71,True
seconds,15.0,1.645854924486188,1.16665559765796,0.985429440043476,1.4107461771839196,1.6701905358272784,0.023856678628695713,35600,35831,normal,aggressive,random_n6,random_traders,71,True
seconds,30.0,1.5070633552016532,1.0682739245198583,0.9023301969886777,1.4107461771839196,1.6701905358272784,0.026759875935905352,35600,35831,normal,aggressive,random_n6,random_traders,71,True
seconds,60.0,1.3980271121501715,0.9909841577177707,0.8370464819199213,1.4107461771839196,1.6701905358272784,0.031767818142269824,35600,35831,normal,aggressive,random_n6,random_traders,71,True
seconds,180.0,1.3044769600363595,0.924671624941284,0.7810348173181488,1.4107461771839196,1.6701905358272784,0.04701500072215782,35600,35831,normal,aggressive,random_n6,random_traders,71,True
seconds,600.0,1.2885824404989057,0.913404878453137,0.771518226727734,1.4107461771839196,1.6701905358272784,0.07709891517921644,35600,35831,normal,aggressive,random_n6,random_traders,71,True
z,1.0,1.4088972742756962,1.0,0.8446791200231353,1.4088972742756962,1.6679674457172653,0.01933860996881338,35747,35831,normal,aggressive,random_n6,random_traders,71,True
z,1.0833333333333333,1.7652208424779845,1.252909544725659,1.0583065317074567,1.4088972742756962,1.6679674457172653,0.02110475615001244,35747,35831,normal,aggressive,random_n6,random_traders,71,True
z,1.1666666666666667,1.729707129885225,1.2277028009543525,1.0370149215600608,1.4088972742756962,1.6679674457172653,0.02177252952446369,35747,35831,normal,aggressive,random_n6,random_traders,71,True
z,1.25,1.691547346106701,1.200617942125208,1.0141369068383081,1.4088972742756962,1.6679674457172653,0.02247106797889875,35747,35831,normal,aggressive,random_n6,random_traders,71,True
z,1.3333333333333333,1.6601343251671692,1.1783217665891448,0.995303792906625,1.4088972742756962,1.6679674457172653,0.023231372065898644,35747,35831,normal,aggressive,random_n6,random_traders,71,True
z,1.4166666666666665,1.6290683193243372,1.1562718936778618,0.9766787256593005,1.4088972742756962,1.6679674457172653,0.023956940819951495,35747,35831,normal,aggressive,random_n6,random_traders,71,True
z,1.5,1.6031086398817578,1.1378463633595317,0.9611150649240539,1.4088972742756962,1.6679674457172653,0.024734308093185463,35747,35831,normal,aggressive,random_n6,random_traders,71,True
z,1.5833333333333333,1.5841669814708172,1.1244020486058686,0.9497589329686157,1.4088972742756962,1.6679674457172653,0.025359321384901528,35747,35831,normal,aggressive,random_n6,random_traders,71,True
z,1.6666666666666665,1.5636616946169188,1.1098479095438565,0.9374653555930209,1.4088972742756962,1.6679674457172653,0.025963848604711834,35747,35831,normal,aggressive,random_n6,random_traders,71,True
z,1.75,1.5544363829046157,1.1033000143347853,0.931934485229819,1.4088972742756962,1.6679674457172653,0.02662931338021221,35747,35831,normal,aggressive,random_n6,random_traders,71,True
z,1.8333333333333333,1.5374390410941339,1.0912357268094794,0.9217440334592375,1.4088972742756962,1.6679674457172653,0.027245600102908735,35747,35831,normal,aggressive,random_n6,random_traders,71,True
z,1.9166666666666665,1.535293747694812,1.0897130512826745,0.9204578612351751,1.4088972742756962,1.6679674457172653,0.027836491353707245,35747,35831,normal,aggressive,random_n6,random_traders,71,True
z,2.0,1.5227094021336207,1.0807809979733507,0.9129131423058559,1.4088972742756962,1.6679674457172653,0.02823192881709245,35747,35831,normal,aggressive,random_n6,random_traders,71,True
z,2.083333333333333,1.517298869747593,1.0769407375904148,0.9096693545449377,1.4088972742756962,1.6679674457172653,0.028804394826561785,35747,35831,normal,aggressive,random_n6,random_traders,71,True
z,2.1666666666666665,1.5080867435981085,1.070402201163605,0.9041463893497008,1.4088972742756962,1.6679674457172653,0.029366769776053608,35747,35831,normal,aggressive,random_n6,random_traders,71,True
z,2.25,1.5011155975360135,1.065454256278355,0.8999669636181049,1.4088972742756962,1.6679674457172653,0.029960113258108576,35747,35831,normal,aggressive,random_n6,random_traders,71,True
z,2.333333333333333,1.4890092424372467,1.0568614686281763,0.8927088153072062,1.4088972742756962,1.6679674457172653,0.03048590813260823,35747,35831,normal,aggressive,random_n6,random_traders,71,True
z,2.4166666666666665,1.4829721718273594,1.0525765071053492,0.8890893977787716,1.4088972742756962,1.6679674457172653,0.030960775792378794,35747,35831,normal,aggressive,random_n6,random_traders,71,True
z,2.5,1.484238060743913,1.0534750033546263,0.8898483387999552,1.4088972742756962,1.6679674457172653,0.03141123226563178,35747,35831,normal,aggressive,random_n6,random_traders,71,True
z,2.583333333333333,1.4832342966373915,1.0527625567306966,0.8892465500125908,1.4088972742756962,1.6679674457172653,0.03174099542679421,35747,35831,normal,aggressive,random_n6,random_traders,71,True
z,2.6666666666666665,1.4727571082977657,1.0453261108443122,0.88296513944518,1.4088972742756962,1.6679674457172653,0.03234004163460484,35747,35831,normal,aggressive,random_n6,random_traders,71,True
z,2.75,1.4680199801807332,1.0419638159463624,0.8801250791495214,1.4088972742756962,1.6679674457172653,0.03281978771058232,35747,35831,normal,aggressive,random_n6,random_traders,71,True
z,2.833333333333333,1.462236769826527,1.037859038075187,0.8766578589894066,1.4088972742756962,1.6679674457172653,0.03328639014194558,35747,35831,normal,aggressive,random_n6,random_traders,71,True
z,2.9166666666666665,1.463745184995797,1.0389296733846671,0.877562202280484,1.4088972742756962,1.6679674457172653,0.03364272058988355,35747,35831,normal,aggressive,random_n6,random_traders,71,True
z,3.0,1.4563613146732173,1.033688787155843,0.8731353351125792,1.4088972742756962,1.6679674457172653,0.033996243053498625,35747,35831,normal,aggressive,random_n6,random_traders,71,True
seconds,0.1,2.3001524974775363,1.173141493286006,1.0441969143323144,1.960677813069877,2.202795723590422,0.034095265943078074,37442,37719,normal,aggressive,random_n20,random_traders,7,False
seconds,1.0,2.421910038643471,1.2352412122476322,1.0994710098201508,1.960677813069877,2.202795723590422,0.03487702638034173,37442,37719,normal,aggressive,random_n20,random_traders,7,False
seconds,5.0,2.4697739629804514,1.2596531396014887,1.1211997265705924,1.960677813069877,2.202795723590422,0.035601641712597394,37442,37719,normal,aggressive,random_n20,random_traders,7,False
seconds,15.0,2.4054484584055293,1.226845350302233,1.0919979699637314,1.960677813069877,2.202795723590422,0.03674723046705058,37442,37719,normal,aggressive,random_n20,random_traders,7,False
seconds,30.0,2.261535285651996,1.153445645468421,1.0266659143344588,1.960677813069877,2.202795723590422,0.03830895458076639,37442,37719,normal,aggressive,random_n20,random_traders,7,False
seconds,60.0,2.046437006053189,1.043739564150541,0.9290180583416162,1.960677813069877,2.202795723590422,0.041641707733075434,37442,37719,normal,aggressive,random_n20,random_traders,7,False
seconds,180.0,1.706399955480711,0.8703112485416268,0.7746519285498629,1.960677813069877,2.202795723590422,0.053641513423812015,37442,37719,normal,aggressive,random_n20,random_traders,7,False
seconds,600.0,1.5780767124060289,0.8048628397213303,0.7163972108289101,1.960677813069877,2.202795723590422,0.0801371000195664,37442,37719,normal,aggressive,random_n20,random_traders,7,False
z,1.0,1.9547470715060675,1.0,0.8897645796452388,1.9547470715060675,2.196926149033098,0.03345359173963399,37483,37719,normal,aggressive,random_n20,random_traders,7,False
z,1.0833333333333333,2.37181517728826,1.213361673160536,1.0796062390773278,1.9547470715060675,2.196926149033098,0.035988146177527644,37483,37719,normal,aggressive,random_n20,random_traders,7,False
z,1.1666666666666667,2.299401336307698,1.1763165525737742,1.0466448029305406,1.9547470715060675,2.196926149033098,0.037020604522724106,37483,37719,normal,aggressive,random_n20,random_traders,7,False
z,1.25,2.2397344180220475,1.1457924407050815,1.019485529364649,1.9547470715060675,2.196926149033098,0.038135159427861276,37483,37719,normal,aggressive,random_n20,random_traders,7,False
z,1.3333333333333333,2.1924137888236874,1.1215843833619383,0.9979460573986993,1.9547470715060675,2.196926149033098,0.03927824173484258,37483,37719,normal,aggressive,random_n20,random_traders,7,False
z,1.4166666666666665,2.159364456580259,1.104677166707067,0.9829026148788068,1.9547470715060675,2.196926149033098,0.0404381717204367,37483,37719,normal,aggressive,random_n20,random_traders,7,False
z,1.5,2.129526396559245,1.089412757077833,0.9693208838615186,1.9547470715060675,2.196926149033098,0.04141416755168071,37483,37719,normal,aggressive,random_n20,random_traders,7,False
z,1.5833333333333333,2.091491914349349,1.0699552616482113,0.9520082936196321,1.9547470715060675,2.196926149033098,0.0426002540406938,37483,37719,normal,aggressive,random_n20,random_traders,7,False
z,1.6666666666666665,2.048115474344141,1.0477649534300804,0.9322641433557287,1.9547470715060675,2.196926149033098,0.04365118708263488,37483,37719,normal,aggressive,random_n20,random_traders,7,False
z,1.75,2.019076342554541,1.0329092556199149,0.9190460696383301,1.9547470715060675,2.196926149033098,0.044668648359105105,37483,37719,normal,aggressive,random_n20,random_traders,7,False
z,1.8333333333333333,1.9847231008633854,1.0153349913112915,0.9034091117431934,1.9547470715060675,2.196926149033098,0.04575060154963479,37483,37719,normal,aggressive,random_n20,random_traders,7,False
z,1.9166666666666665,1.971414223861807,1.0085265007420618,0.8973511579938442,1.9547470715060675,2.196926149033098,0.046564288399132577,37483,37719,normal,aggressive,random_n20,random_traders,7,False
z,2.0,1.9641447411574042,1.0048076141350073,0.8940422244151701,1.9547470715060675,2.196926149033098,0.04753574255281692,37483,37719,normal,aggressive,random_n20,random_traders,7,False
z,2.083333333333333,1.9518876541920225,0.9985371931971526,0.8884630259652011,1.9547470715060675,2.196926149033098,0.048390641532644614,37483,37719,normal,aggressive,random_n20,random_traders,7,False
z,2.1666666666666665,1.9510568278715679,0.998112163108828,0.8880848492473263,1.9547470715060675,2.196926149033098,0.049282937214036385,37483,37719,normal,aggressive,random_n20,random_traders,7,False
z,2.25,1.9524654535391828,0.9988327809770668,0.8887260295019448,1.9547470715060675,2.196926149033098,0.05035861741144054,37483,37719,normal,aggressive,random_n20,random_traders,7,False
z,2.333333333333333,1.9399411310489452,0.9924256489890967,0.8830251904019369,1.9547470715060675,2.196926149033098,0.05120773121085732,37483,37719,normal,aggressive,random_n20,random_traders,7,False
z,2.4166666666666665,1.928374880561629,0.9865086428168327,0.8777604478923142,1.9547470715060675,2.196926149033098,0.0520204254645359,37483,37719,normal,aggressive,random_n20,random_traders,7,False
z,2.5,1.9234108014560698,0.9839691433706285,0.8755008912350529,1.9547470715060675,2.196926149033098,0.052964121637153534,37483,37719,normal,aggressive,random_n20,random_traders,7,False
z,2.583333333333333,1.9193746220469072,0.9819043343383004,0.8736636972943559,1.9547470715060675,2.196926149033098,0.053759520809104594,37483,37719,normal,aggressive,random_n20,random_traders,7,False
z,2.6666666666666665,1.9138097272533123,0.9790574725244559,0.8711306604892525,1.9547470715060675,2.196926149033098,0.054711979046266346,37483,37719,normal,aggressive,random_n20,random_traders,7,False
z,2.75,1.9013030698840547,0.972659377573163,0.865437862224385,1.9547470715060675,2.196926149033098,0.055714898973821946,37483,37719,normal,aggressive,random_n20,random_traders,7,False
z,2.833333333333333,1.894189153774844,0.9690200749682845,0.8621997396719534,1.9547470715060675,2.196926149033098,0.056513148184960754,37483,37719,normal,aggressive,random_n20,random_traders,7,False
z,2.9166666666666665,1.873329948496768,0.9583490241801103,0.8527050166530407,1.9547470715060675,2.196926149033098,0.05721862215224363,37483,37719,normal,aggressive,random_n20,random_traders,7,False
z,3.0,1.8482842661960812,0.9455362758374871,0.8413046870098663,1.9547470715060675,2.196926149033098,0.05809245896458654,37483,37719,normal,aggressive,random_n20,random_traders,7,False
seconds,0.1,2.2880741155832505,1.1741213542649116,1.0460739287545093,1.9487543662092384,2.187296760476105,0.034080551079198086,37480,37767,normal,aggressive,random_n20,random_traders,23,False
seconds,1.0,2.4151362885210936,1.2393230929453012,1.104164890728131,1.9487543662092384,2.187296760476105,0.03486209894472984,37480,37767,normal,aggressive,random_n20,random_traders,23,False
seconds,5.0,2.461745134515907,1.2632403432683772,1.1254737715517227,1.9487543662092384,2.187296760476105,0.035579578525222456,37480,37767,normal,aggressive,random_n20,random_traders,23,False
seconds,15.0,2.3862873815365244,1.2245193252233144,1.090975593552795,1.9487543662092384,2.187296760476105,0.03673186708925237,37480,37767,normal,aggressive,random_n20,random_traders,23,False
seconds,30.0,2.25211814499824,1.1556706089023994,1.0296353863332313,1.9487543662092384,2.187296760476105,0.038490500013423724,37480,37767,normal,aggressive,random_n20,random_traders,23,False
seconds,60.0,2.0576566618918477,1.0558830284467553,0.9407304482286899,1.9487543662092384,2.187296760476105,0.04169266821481866,37480,37767,normal,aggressive,random_n20,random_traders,23,False
seconds,180.0,1.712347249449516,0.8786880887304505,0.7828600491671703,1.9487543662092384,2.187296760476105,0.05363647704899063,37480,37767,normal,aggressive,random_n20,random_traders,23,False
seconds,600.0,1.6400088231332375,0.8415677478754905,0.7497879815705756,1.9487543662092384,2.187296760476105,0.08004433098364389,37480,37767,normal,aggressive,random_n20,random_traders,23,False
z,1.0,1.9427471802329919,1.0,0.8907521387522456,1.9427471802329919,2.1810188218625752,0.0334718087095184,37513,37767,normal,aggressive,random_n20,random_traders,23,False
z,1.0833333333333333,2.356084334420134,1.2127591064821779,1.0802677678902624,1.9427471802329919,2.1810188218625752,0.03585424534370799,37513,37767,normal,aggressive,random_n20,random_traders,23,False
z,1.1666666666666667,2.2947576497329263,1.1811921144869288,1.0521494022565192,1.9427471802329919,2.1810188218625752,0.037030592912251574,37513,37767,normal,aggressive,random_n20,random_traders,23,False
z,1.25,2.234623459086782,1.1502389409304332,1.0245777967099012,1.9427471802329919,2.1810188218625752,0.038260255886126374,37513,37767,normal,aggressive,random_n20,random_traders,23,False
z,1.3333333333333333,2.1745302717727077,1.1193068732247078,0.997024991244997,1.9427471802329919,2.1810188218625752,0.039457087674852294,37513,37767,normal,aggressive,random_n20,random_traders,23,False
z,1.4166666666666665,2.125379774388538,1.0940073911900585,0.9744894235133092,1.9427471802329919,2.1810188218625752,0.040505639153873,37513,37767,normal,aggressive,random_n20,random_traders,23,False
z,1.5,2.08148445710479,1.0714129343660452,0.9543633627733742,1.9427471802329919,2.1810188218625752,0.04155647984895559,37513,37767,normal,aggressive,random_n20,random_traders,23,False
z,1.5833333333333333,2.0559751431197024,1.0582823972356152,0.9426673087414779,1.9427471802329919,2.1810188218625752,0.04248619247731423,37513,37767,normal,aggressive,random_n20,random_traders,23,False
z,1.6666666666666665,2.0383749249415652,1.0492229486582525,0.934597585545276,1.9427471802329919,2.1810188218625752,0.04361560645701776,37513,37767,normal,aggressive,random_n20,random_traders,23,False
z,1.75,2.013107949428328,1.0362171516248955,0.9230126440216355,1.9427471802329919,2.1810188218625752,0.04474202125977222,37513,37767,normal,aggressive,random_n20,random_traders,23,False
z,1.8333333333333333,1.978421826464028,1.0183629895819784,0.907109010996278,1.9427471802329919,2.1810188218625752,0.04547971831963234,37513,37767,normal,aggressive,random_n20,random_traders,23,False
z,1.9166666666666665,1.9611572329566005,1.0094762987747077,0.8991931721532718,1.9427471802329919,2.1810188218625752,0.04643083435889588,37513,37767,normal,aggressive,random_n20,random_traders,23,False
z,2.0,1.9478455993990698,1.0026243348686608,0.8930897706493073,1.9427471802329919,2.1810188218625752,0.047314663628484674,37513,37767,normal,aggressive,random_n20,random_traders,23,False
z,2.083333333333333,1.9413613821510995,0.9992866812027872,0.8901167485080161,1.9427471802329919,2.1810188218625752,0.048329317656567644,37513,37767,normal,aggressive,random_n20,random_traders,23,False
z,2.1666666666666665,1.918918007223187,0.987734290260585,0.8798264315685475,1.9427471802329919,2.1810188218625752,0.04930203525157628,37513,37767,normal,aggressive,random_n20,random_traders,23,False
z,2.25,1.8817827294796596,0.968619462494332,0.8627998578538767,1.9427471802329919,2.1810188218625752,0.050172680293518505,37513,37767,normal,aggressive,random_n20,random_traders,23,False
z,2.333333333333333,1.8624769430459638,0.9586820982144464,0.8539481293680085,1.9427471802329919,2.1810188218625752,0.05095879494290972,37513,37767,normal,aggressive,random_n20,random_traders,23,False
z,2.4166666666666665,1.8517615949913264,0.9531665333670676,0.8490351281837791,1.9427471802329919,2.1810188218625752,0.05190707831610154,37513,37767,normal,aggressive,random_n20,random_traders,23,False
z,2.5,1.840502845586206,0.9473712608171055,0.8438729767652482,1.9427471802329919,2.1810188218625752,0.052697923482546954,37513,37767,normal,aggressive,random_n20,random_traders,23,False
z,2.583333333333333,1.8136336353651286,0.9335407374765157,0.831553408519555,1.9427471802329919,2.1810188218625752,0.0534238398007708,37513,37767,normal,aggressive,random_n20,random_traders,23,False
z,2.6666666666666665,1.8141977212978249,0.9338310922578458,0.8318120426620218,1.9427471802329919,2.1810188218625752,0.05410967957114484,37513,37767,normal,aggressive,random_n20,random_traders,23,False
z,2.75,1.7799069488773476,0.9161804309832455,0.8160896783812801,1.9427471802329919,2.1810188218625752,0.0549158728101113,37513,37767,normal,aggressive,random_n20,random_traders,23,False
z,2.833333333333333,1.761614484804558,0.9067646592045442,0.8077025595313989,1.9427471802329919,2.1810188218625752,0.055894787482378014,37513,37767,normal,aggressive,random_n20,random_traders,23,False
z,2.9166666666666665,1.7671456614388639,0.9096117494953366,0.810238611297143,1.9427471802329919,2.1810188218625752,0.05678700401103953,37513,37767,normal,aggressive,random_n20,random_traders,23,False
z,3.0,1.7745317599923633,0.9134136330490236,0.8136251472038766,1.9427471802329919,2.1810188218625752,0.05747115409780252,37513,37767,normal,aggressive,random_n20,random_traders,23,False
seconds,0.1,2.3118079254215838,1.1717843983510208,1.04462328774576,1.9728952942835278,2.213054172294339,0.03417554062449217,37356,37639,normal,aggressive,random_n20,random_traders,71,False
seconds,1.0,2.4344866091317656,1.233966453357003,1.1000573956162407,1.9728952942835278,2.213054172294339,0.03491546159764044,37356,37639,normal,aggressive,random_n20,random_traders,71,False
seconds,5.0,2.478845715390922,1.2564507212183977,1.1201016886184167,1.9728952942835278,2.213054172294339,0.03568802945025745,37356,37639,normal,aggressive,random_n20,random_traders,71,False
seconds,15.0,2.4031251834398857,1.2180703103722488,1.0858862894207848,1.9728952942835278,2.213054172294339,0.036834290772139774,37356,37639,normal,aggressive,random_n20,random_traders,71,False
seconds,30.0,2.2639916866187293,1.1475478162367028,1.0230168402391986,1.9728952942835278,2.213054172294339,0.03865513540337781,37356,37639,normal,aggressive,random_n20,random_traders,71,False
seconds,60.0,2.0720959552015352,1.0502817667037079,0.9363060250139886,1.9728952942835278,2.213054172294339,0.042030572534860366,37356,37639,normal,aggressive,random_n20,random_traders,71,False
seconds,180.0,1.7340832078590898,0.8789534917963477,0.7835701581861028,1.9728952942835278,2.213054172294339,0.053744269787078434,37356,37639,normal,aggressive,random_n20,random_traders,71,False
seconds,600.0,1.6791041685236954,0.8510863061962318,0.7587270973954146,1.9728952942835278,2.213054172294339,0.08069378036356384,37356,37639,normal,aggressive,random_n20,random_traders,71,False
z,1.0,1.9687984760772608,1.0,0.8911970732257789,1.9687984760772608,2.2091617389978553,0.03358283621342414,37402,37639,normal,aggressive,random_n20,random_traders,71,False
z,1.0833333333333333,2.375149680744717,1.2063955298650435,1.0751361653683895,1.9687984760772608,2.2091617389978553,0.036008334717902296,37402,37639,normal,aggressive,random_n20,random_traders,71,False
z,1.1666666666666667,2.2927183806105966,1.1645266940569414,1.0378227814368381,1.9687984760772608,2.2091617389978553,0.03717465131831612,37402,37639,normal,aggressive,random_n20,random_traders,71,False
z,1.25,2.2383676178311473,1.1369206371446359,1.0132203443132872,1.9687984760772608,2.2091617389978553,0.038300044812977364,37402,37639,normal,aggressive,random_n20,random_traders,71,False
z,1.3333333333333333,2.1912033864640907,1.1129647920237937,0.9918709652549428,1.9687984760772608,2.2091617389978553,0.039663158140080694,37402,37639,normal,aggressive,random_n20,random_traders,71,False
z,1.4166666666666665,2.1412828234812036,1.087608939919341,0.9692739040703087,1.9687984760772608,2.2091617389978553,0.04091490920940528,37402,37639,normal,aggressive,random_n20,random_traders,71,False
z,1.5,2.114152511875784,1.0738288034883765,0.9569930868143812,1.9687984760772608,2.2091617389978553,0.04203175207298978,37402,37639,normal,aggressive,random_n20,random_traders,71,False
z,1.5833333333333333,2.071753555669533,1.052293355995178,0.9378007590378352,1.9687984760772608,2.2091617389978553,0.04293353875795763,37402,37639,normal,aggressive,random_n20,random_traders,71,False
z,1.6666666666666665,2.0335615409586993,1.03289471506016,0.9205127470119894,1.9687984760772608,2.2091617389978553,0.04410428834641646,37402,37639,normal,aggressive,random_n20,random_traders,71,False
z,1.75,2.0148664197671216,1.0233990142971103,0.9120502062837318,1.9687984760772608,2.2091617389978553,0.04506775680279944,37402,37639,normal,aggressive,random_n20,random_traders,71,False
z,1.8333333333333333,1.980516223696273,1.0059517252585237,0.8965012333568193,1.9687984760772608,2.2091617389978553,0.04607377263658391,37402,37639,normal,aggressive,random_n20,random_traders,71,False
z,1.9166666666666665,1.951517750618195,0.9912227047770289,0.8833747734122285,1.9687984760772608,2.2091617389978553,0.04718395119296973,37402,37639,normal,aggressive,random_n20,random_traders,71,False
z,2.0,1.9392001656504676,0.9849663077321319,0.8777990906768779,1.9687984760772608,2.2091617389978553,0.04796639332021861,37402,37639,normal,aggressive,random_n20,random_traders,71,False
z,2.083333333333333,1.9273625956577332,0.978953721814085,0.8724406917041959,1.9687984760772608,2.2091617389978553,0.04900094472629332,37402,37639,normal,aggressive,random_n20,random_traders,71,False
z,2.1666666666666665,1.9149371777878077,0.9726425538500166,0.8668161972859819,1.9687984760772608,2.2091617389978553,0.04996437205943984,37402,37639,normal,aggressive,random_n20,random_traders,71,False
z,2.25,1.906892744652271,0.9685565931824907,0.8631748010977671,1.9687984760772608,2.2091617389978553,0.050992441173004804,37402,37639,normal,aggressive,random_n20,random_traders,71,False
z,2.333333333333333,1.9010657386579817,0.9655969169814508,0.8605371463297045,1.9687984760772608,2.2091617389978553,0.05176485176420105,37402,37639,normal,aggressive,random_n20,random_traders,71,False
z,2.4166666666666665,1.8704562927140767,0.9500496447157323,0.8466814627898517,1.9687984760772608,2.2091617389978553,0.05267032976489303,37402,37639,normal,aggressive,random_n20,random_traders,71,False
z,2.5,1.8437191449160102,0.9364692056190204,0.8345786152137411,1.9687984760772608,2.2091617389978553,0.05354645493938,37402,37639,normal,aggressive,random_n20,random_traders,71,False
z,2.583333333333333,1.8265945371850887,0.9277712063372241,0.8268269837108844,1.9687984760772608,2.2091617389978553,0.054299000323886855,37402,37639,normal,aggressive,random_n20,random_traders,71,False
z,2.6666666666666665,1.8207835539950035,0.9248196685030099,0.8241965818315176,1.9687984760772608,2.2091617389978553,0.05496970270856396,37402,37639,normal,aggressive,random_n20,random_traders,71,False
z,2.75,1.803474440731852,0.9160279544329955,0.8163614319836827,1.9687984760772608,2.2091617389978553,0.055660834134109334,37402,37639,normal,aggressive,random_n20,random_traders,71,False
z,2.833333333333333,1.7929132026300014,0.910663648116133,0.8115807778942083,1.9687984760772608,2.2091617389978553,0.05643225243847014,37402,37639,normal,aggressive,random_n20,random_traders,71,False
z,2.9166666666666665,1.7932029406428431,0.9108108130069851,0.8117119308142173,1.9687984760772608,2.2091617389978553,0.05730142139318689,37402,37639,normal,aggressive,random_n20,random_traders,71,False
z,3.0,1.7770806222333535,0.902621900527932,0.8044139959799832,1.9687984760772608,2.2091617389978553,0.05788531850018028,37402,37639,normal,aggressive,random_n20,random_traders,71,False
seconds,0.1,0.6755561405731424,1.7979870099470676,1.0703039206653733,0.3757291553474742,0.6311815994779978,0.023556061613535274,8414,8467,normal,aggressive,threshold_wait5s,time_threshold,7,True
seconds,1.0,0.7364693226987488,1.96010693398989,1.1668105079549633,0.3757291553474742,0.6311815994779978,0.02466534677182184,8414,8467,normal,aggressive,threshold_wait5s,time_threshold,7,True
seconds,5.0,0.7619553013425582,2.0279376526900132,1.2071887107810388,0.3757291553474742,0.6311815994779978,0.027419892512067248,8414,8467,normal,aggressive,threshold_wait5s,time_threshold,7,True
seconds,15.0,0.754069668638243,2.006950107294388,1.1946952656127436,0.3757291553474742,0.6311815994779978,0.034148262564098274,8414,8467,normal,aggressive,threshold_wait5s,time_threshold,7,True
seconds,30.0,0.7767028437471627,2.0671881132803445,1.2305536859590243,0.3757291553474742,0.6311815994779978,0.04219630039616711,8414,8467,normal,aggressive,threshold_wait5s,time_threshold,7,True
seconds,60.0,0.8121791181886031,2.1616079205711363,1.286759815020423,0.3757291553474742,0.6311815994779978,0.05459017342961267,8414,8467,normal,aggressive,threshold_wait5s,time_threshold,7,True
seconds,180.0,0.7856299400911606,2.0909475054301025,1.2446971533088025,0.3757291553474742,0.6311815994779978,0.08859841945999737,8414,8467,normal,aggressive,threshold_wait5s,time_threshold,7,True
seconds,600.0,0.5731910753417415,1.525543246202586,0.9081238677042933,0.3757291553474742,0.6311815994779978,0.15455420346476142,8414,8467,normal,aggressive,threshold_wait5s,time_threshold,7,True
z,1.0,0.377279263387669,1.0,0.5974223146712052,0.377279263387669,0.6315118369746647,0.021546021028331728,8462,8467,normal,aggressive,threshold_wait5s,time_threshold,7,True
z,1.0833333333333333,0.7107613837647889,1.8839131983632353,1.1254917836057974,0.377279263387669,0.6315118369746647,0.024205481497478826,8462,8467,normal,aggressive,threshold_wait5s,time_threshold,7,True
z,1.1666666666666667,0.7179946103424789,1.9030852740101747,1.1369456094158434,0.377279263387669,0.6315118369746647,0.024664789359274387,8462,8467,normal,aggressive,threshold_wait5s,time_threshold,7,True
z,1.25,0.7260014394561877,1.9243078268794043,1.1496244360742105,0.377279263387669,0.6315118369746647,0.025238685556339516,8462,8467,normal,aggressive,threshold_wait5s,time_threshold,7,True
z,1.3333333333333333,0.7389046448967576,1.9585085017977903,1.1700566824472702,0.377279263387669,0.6315118369746647,0.02592650855102149,8462,8467,normal,aggressive,threshold_wait5s,time_threshold,7,True
z,1.4166666666666665,0.7483097138569255,1.983437168366204,1.1849496241302386,0.377279263387669,0.6315118369746647,0.02662164624193243,8462,8467,normal,aggressive,threshold_wait5s,time_threshold,7,True
z,1.5,0.748584737943456,1.9841661352435804,1.1853851252094394,0.377279263387669,0.6315118369746647,0.027269515753975154,8462,8467,normal,aggressive,threshold_wait5s,time_threshold,7,True
z,1.5833333333333333,0.7469596264686873,1.9798586854776523,1.1828117585999487,0.377279263387669,0.6315118369746647,0.027867576171302505,8462,8467,normal,aggressive,threshold_wait5s,time_threshold,7,True
z,1.6666666666666665,0.7534202564992757,1.9969829503327547,1.1930421765467267,0.377279263387669,0.6315118369746647,0.028368560757592323,8462,8467,normal,aggressive,threshold_wait5s,time_threshold,7,True
z,1.75,0.754990327515112,2.0011445122530636,1.1955283865018052,0.377279263387669,0.6315118369746647,0.028852727682298473,8462,8467,normal,aggressive,threshold_wait5s,time_threshold,7,True
z,1.8333333333333333,0.7510115830245153,1.9905986252226695,1.189228038261846,0.377279263387669,0.6315118369746647,0.02935646639957884,8462,8467,normal,aggressive,threshold_wait5s,time_threshold,7,True
z,1.9166666666666665,0.7522144959161258,1.993787013794067,1.1911328527422416,0.377279263387669,0.6315118369746647,0.02970929742145944,8462,8467,normal,aggressive,threshold_wait5s,time_threshold,7,True
z,2.0,0.7510522705992714,1.9907064699379893,1.1892924671012974,0.377279263387669,0.6315118369746647,0.03025522668872217,8462,8467,normal,aggressive,threshold_wait5s,time_threshold,7,True
z,2.083333333333333,0.7520636379792602,1.9933871563104857,1.1908939689588618,0.377279263387669,0.6315118369746647,0.030654217965517122,8462,8467,normal,aggressive,threshold_wait5s,time_threshold,7,True
z,2.1666666666666665,0.7542154500886277,1.9990906558615766,1.1943013668624007,0.377279263387669,0.6315118369746647,0.031233369292504563,8462,8467,normal,aggressive,threshold_wait5s,time_threshold,7,True
z,2.25,0.7574318656835153,2.007615947090166,1.199394566081431,0.377279263387669,0.6315118369746647,0.03167518643567981,8462,8467,normal,aggressive,threshold_wait5s,time_threshold,7,True
z,2.333333333333333,0.7606221236261808,2.016071905983903,1.2044463446164917,0.377279263387669,0.6315118369746647,0.03207944825380321,8462,8467,normal,aggressive,threshold_wait5s,time_threshold,7,True
z,2.4166666666666665,0.7595258803821809,2.0131662513392334,1.202710441693038,0.377279263387669,0.6315118369746647,0.0325654153185979,8462,8467,normal,aggressive,threshold_wait5s,time_threshold,7,True
z,2.5,0.7590190859453894,2.011822964055854,1.201907931894933,0.377279263387669,0.6315118369746647,0.032994055424553984,8462,8467,normal,aggressive,threshold_wait5s,time_threshold,7,True
z,2.583333333333333,0.7572309197030244,2.0070833284174974,1.199076367801168,0.377279263387669,0.6315118369746647,0.03352292117038076,8462,8467,normal,aggressive,threshold_wait5s,time_threshold,7,True
z,2.6666666666666665,0.7614173049926712,2.01817957911534,1.205705515577245,0.377279263387669,0.6315118369746647,0.034089494118914876,8462,8467,normal,aggressive,threshold_wait5s,time_threshold,7,True
z,2.75,0.7620708130375098,2.0199117391046553,1.2067403466074427,0.377279263387669,0.6315118369746647,0.03440309023431631,8462,8467,normal,aggressive,threshold_wait5s,time_threshold,7,True
z,2.833333333333333,0.766787391033133,2.032413295520113,1.214209055378158,0.377279263387669,0.6315118369746647,0.0347420780908115,8462,8467,normal,aggressive,threshold_wait5s,time_threshold,7,True
z,2.9166666666666665,0.762727267103434,2.021651707689278,1.2077798426667232,0.377279263387669,0.6315118369746647,0.03527924916682503,8462,8467,normal,aggressive,threshold_wait5s,time_threshold,7,True
z,3.0,0.7637775999340398,2.0244356741897813,1.209443046377421,0.377279263387669,0.6315118369746647,0.035968087231981145,8462,8467,normal,aggressive,threshold_wait5s,time_threshold,7,True
seconds,0.1,0.6992802127819497,1.6529936258187492,1.0590125988799937,0.42303866261770195,0.6603134028070157,0.023378548295986155,8347,8401,normal,aggressive,threshold_wait5s,time_threshold,23,True
seconds,1.0,0.742612568374045,1.7554248204617187,1.124636521411155,0.42303866261770195,0.6603134028070157,0.02479880200479058,8347,8401,normal,aggressive,threshold_wait5s,time_threshold,23,True
seconds,5.0,0.778194089433236,1.8395342038429388,1.1785223291320535,0.42303866261770195,0.6603134028070157,0.027618870783505153,8347,8401,normal,aggressive,threshold_wait5s,time_threshold,23,True
seconds,15.0,0.7597905408694822,1.7960309730746793,1.1506513992288898,0.42303866261770195,0.6603134028070157,0.03389482144876538,8347,8401,normal,aggressive,threshold_wait5s,time_threshold,23,True
seconds,30.0,0.7834575204532684,1.8519761659734522,1.1864934395133626,0.42303866261770195,0.6603134028070157,0.04196793065685213,8347,8401,normal,aggressive,threshold_wait5s,time_threshold,23,True
seconds,60.0,0.7770858727502484,1.8369145456865659,1.1768440099001911,0.42303866261770195,0.6603134028070157,0.055030029803967984,8347,8401,normal,aggressive,threshold_wait5s,time_threshold,23,True
seconds,180.0,0.7396646561581158,1.748456397770308,1.120172107689735,0.42303866261770195,0.6603134028070157,0.09006017657651724,8347,8401,normal,aggressive,threshold_wait5s,time_threshold,23,True
seconds,600.0,0.7410447103525711,1.7517186390650297,1.122262106451821,0.42303866261770195,0.6603134028070157,0.1563756419182089,8347,8401,normal,aggressive,threshold_wait5s,time_threshold,23,True
z,1.0,0.4236976488783727,1.0,0.6415665707413405,0.4236976488783727,0.6604110441552203,0.02132085048049269,8398,8401,normal,aggressive,threshold_wait5s,time_threshold,23,True
z,1.0833333333333333,0.7277088354438928,1.7175191728590167,1.1019028859136628,0.4236976488783727,0.6604110441552203,0.024242487006887727,8398,8401,normal,aggressive,threshold_wait5s,time_threshold,23,True
z,1.1666666666666667,0.7381961804617642,1.7422711275739742,1.117782912619283,0.4236976488783727,0.6604110441552203,0.024782296642965957,8398,8401,normal,aggressive,threshold_wait5s,time_threshold,23,True
z,1.25,0.7532860615452662,1.7778858663468904,1.1406321384416718,0.4236976488783727,0.6604110441552203,0.025448405117346355,8398,8401,normal,aggressive,threshold_wait5s,time_threshold,23,True
z,1.3333333333333333,0.7588521459168434,1.791022791666896,1.1490603505693127,0.4236976488783727,0.6604110441552203,0.026005020840511144,8398,8401,normal,aggressive,threshold_wait5s,time_threshold,23,True
z,1.4166666666666665,0.7642766414544392,1.8038255427606436,1.1572741676845832,0.4236976488783727,0.6604110441552203,0.026618957824477044,8398,8401,normal,aggressive,threshold_wait5s,time_threshold,23,True
z,1.5,0.7661874535321918,1.8083353909573727,1.160167535526723,0.4236976488783727,0.6604110441552203,0.02736309541226709,8398,8401,normal,aggressive,threshold_wait5s,time_threshold,23,True
z,1.5833333333333333,0.7699262458268188,1.8171595897805772,1.165828846505266,0.4236976488783727,0.6604110441552203,0.027908126873700603,8398,8401,normal,aggressive,threshold_wait5s,time_threshold,23,True
z,1.6666666666666665,0.7697189893484914,1.8166704285145752,1.1655150169892976,0.4236976488783727,0.6604110441552203,0.028560767585709114,8398,8401,normal,aggressive,threshold_wait5s,time_threshold,23,True
z,1.75,0.7738183545854405,1.826345642072642,1.1717223105729366,0.4236976488783727,0.6604110441552203,0.029312490326510364,8398,8401,normal,aggressive,threshold_wait5s,time_threshold,23,True
z,1.8333333333333333,0.7774937811824943,1.8350202868500762,1.1772876726751944,0.4236976488783727,0.6604110441552203,0.029866402231011595,8398,8401,normal,aggressive,threshold_wait5s,time_threshold,23,True
z,1.9166666666666665,0.781518168647789,1.8445185398518291,1.1833814342815625,0.4236976488783727,0.6604110441552203,0.030633970874685792,8398,8401,normal,aggressive,threshold_wait5s,time_threshold,23,True
z,2.0,0.7887897939051728,1.8616808377230434,1.194392190872839,0.4236976488783727,0.6604110441552203,0.031159593018071037,8398,8401,normal,aggressive,threshold_wait5s,time_threshold,23,True
z,2.083333333333333,0.7929777832858523,1.8715652196443644,1.2007336798859984,0.4236976488783727,0.6604110441552203,0.03184810590400869,8398,8401,normal,aggressive,threshold_wait5s,time_threshold,23,True
z,2.1666666666666665,0.7923588247204343,1.870104369986462,1.1997964475806093,0.4236976488783727,0.6604110441552203,0.03235593427877006,8398,8401,normal,aggressive,threshold_wait5s,time_threshold,23,True
z,2.25,0.787401553075769,1.8584043483842925,1.192290104843706,0.4236976488783727,0.6604110441552203,0.032795315334735786,8398,8401,normal,aggressive,threshold_wait5s,time_threshold,23,True
z,2.333333333333333,0.7858455086828886,1.8547318135071234,1.1899339292366327,0.4236976488783727,0.6604110441552203,0.03314661727432244,8398,8401,normal,aggressive,threshold_wait5s,time_threshold,23,True
z,2.4166666666666665,0.7911202629355315,1.8671811491751555,1.19792100682918,0.4236976488783727,0.6604110441552203,0.033645748593605564,8398,8401,normal,aggressive,threshold_wait5s,time_threshold,23,True
z,2.5,0.7924038874296402,1.8702107258025142,1.1998646819167924,0.4236976488783727,0.6604110441552203,0.03399894718020269,8398,8401,normal,aggressive,threshold_wait5s,time_threshold,23,True
z,2.583333333333333,0.791768752259577,1.8687116965495916,1.198902954859554,0.4236976488783727,0.6604110441552203,0.034499861848559944,8398,8401,normal,aggressive,threshold_wait5s,time_threshold,23,True
z,2.6666666666666665,0.7882327969776942,1.8603662282864486,1.1935487814047385,0.4236976488783727,0.6604110441552203,0.03491570592802589,8398,8401,normal,aggressive,threshold_wait5s,time_threshold,23,True
z,2.75,0.7859649024615867,1.8550136035501272,1.1901147163081915,0.4236976488783727,0.6604110441552203,0.03536154716723027,8398,8401,normal,aggressive,threshold_wait5s,time_threshold,23,True
z,2.833333333333333,0.7792177847136278,1.839089234449142,1.179898173432853,0.4236976488783727,0.6604110441552203,0.03574115840927539,8398,8401,normal,aggressive,threshold_wait5s,time_threshold,23,True
z,2.9166666666666665,0.7812145006967852,1.8438018307744772,1.1829216176965867,0.4236976488783727,0.6604110441552203,0.03627985668789867,8398,8401,normal,aggressive,threshold_wait5s,time_threshold,23,True
z,3.0,0.7854768528540336,1.8538617217569546,1.1893757074562463,0.4236976488783727,0.6604110441552203,0.03687705838520536,8398,8401,normal,aggressive,threshold_wait5s,time_threshold,23,True
seconds,0.1,0.7018631017088508,1.6688568838508986,1.0596109939846248,0.42056518357002365,0.6623780856307678,0.02410704420544455,8342,8393,normal,aggressive,threshold_wait5s,time_threshold,71,True
seconds,1.0,0.7631207439710376,1.8145124080248045,1.1520923782439674,0.42056518357002365,0.6623780856307678,0.02559353135540654,8342,8393,normal,aggressive,threshold_wait5s,time_threshold,71,True
seconds,5.0,0.7828540773109602,1.8614333946181636,1.181884024084924,0.42056518357002365,0.6623780856307678,0.02857630284109293,8342,8393,normal,aggressive,threshold_wait5s,time_threshold,71,True
seconds,15.0,0.7968442225256366,1.8946985001504835,1.203005111147087,0.42056518357002365,0.6623780856307678,0.0342285947145444,8342,8393,normal,aggressive,threshold_wait5s,time_threshold,71,True
seconds,30.0,0.8278194568600629,1.9683499471663513,1.2497687873712624,0.42056518357002365,0.6623780856307678,0.04168667379251965,8342,8393,normal,aggressive,threshold_wait5s,time_threshold,71,True
seconds,60.0,0.8487466898654569,2.0181097319106573,1.2813628776036792,0.42056518357002365,0.6623780856307678,0.05482565352496011,8342,8393,normal,aggressive,threshold_wait5s,time_threshold,71,True
seconds,180.0,0.9885563643685502,2.3505425626939864,1.492435190435339,0.42056518357002365,0.6623780856307678,0.09004490656185013,8342,8393,normal,aggressive,threshold_wait5s,time_threshold,71,True
seconds,600.0,1.0177740806559532,2.42001506643142,1.5365455209568863,0.42056518357002365,0.6623780856307678,0.15372822572359027,8342,8393,normal,aggressive,threshold_wait5s,time_threshold,71,True
z,1.0,0.4212215136443534,1.0,0.6362017867356863,0.4212215136443534,0.6620879136564769,0.022366023134692728,8387,8393,normal,aggressive,threshold_wait5s,time_threshold,71,True
z,1.0833333333333333,0.7401148054181725,1.7570679118803694,1.1178497449542324,0.4212215136443534,0.6620879136564769,0.025145997117590194,8387,8393,normal,aggressive,threshold_wait5s,time_threshold,71,True
z,1.1666666666666667,0.7538195015024158,1.7896035152157073,1.138548953928698,0.4212215136443534,0.6620879136564769,0.026112529136528475,8387,8393,normal,aggressive,threshold_wait5s,time_threshold,71,True
z,1.25,0.7613558483583286,1.807495162749826,1.1499316520575493,0.4212215136443534,0.6620879136564769,0.02649483199470098,8387,8393,normal,aggressive,threshold_wait5s,time_threshold,71,True
z,1.3333333333333333,0.7642553138083041,1.8143786322689628,1.154310927664565,0.4212215136443534,0.6620879136564769,0.02692009699677582,8387,8393,normal,aggressive,threshold_wait5s,time_threshold,71,True
z,1.4166666666666665,0.7682871706074634,1.8239504529584527,1.1604005370895318,0.4212215136443534,0.6620879136564769,0.027565899830557444,8387,8393,normal,aggressive,threshold_wait5s,time_threshold,71,True
z,1.5,0.7658965863445935,1.8182750916926262,1.1567898621118426,0.4212215136443534,0.6620879136564769,0.028165000382011165,8387,8393,normal,aggressive,threshold_wait5s,time_threshold,71,True
z,1.5833333333333333,0.7742829301734306,1.8381846726546232,1.1694563730930239,0.4212215136443534,0.6620879136564769,0.028474059122500048,8387,8393,normal,aggressive,threshold_wait5s,time_threshold,71,True
z,1.6666666666666665,0.7769298605716084,1.8444686118942808,1.1734542264650325,0.4212215136443534,0.6620879136564769,0.028796062605529135,8387,8393,normal,aggressive,threshold_wait5s,time_threshold,71,True
z,1.75,0.7854043060703864,1.8645873504303498,1.1862538038685477,0.4212215136443534,0.6620879136564769,0.029356743804364725,8387,8393,normal,aggressive,threshold_wait5s,time_threshold,71,True
z,1.8333333333333333,0.789846261015167,1.8751327637126616,1.1929628146406208,0.4212215136443534,0.6620879136564769,0.02994093680488757,8387,8393,normal,aggressive,threshold_wait5s,time_threshold,71,True
z,1.9166666666666665,0.7944424578275869,1.8860443545586616,1.1999047882329748,0.4212215136443534,0.6620879136564769,0.030379083532652975,8387,8393,normal,aggressive,threshold_wait5s,time_threshold,71,True
z,2.0,0.7891627623678634,1.873510105265352,1.1919304764371805,0.4212215136443534,0.6620879136564769,0.030774574853740563,8387,8393,normal,aggressive,threshold_wait5s,time_threshold,71,True
z,2.083333333333333,0.7931557051311372,1.8829895421742775,1.1979613111358873,0.4212215136443534,0.6620879136564769,0.031284508565070784,8387,8393,normal,aggressive,threshold_wait5s,time_threshold,71,True
z,2.1666666666666665,0.7920831586122961,1.8804432654906351,1.1963413653602306,0.4212215136443534,0.6620879136564769,0.031747706378984705,8387,8393,normal,aggressive,threshold_wait5s,time_threshold,71,True
z,2.25,0.7843988201311973,1.8622002787670586,1.184735144611296,0.4212215136443534,0.6620879136564769,0.03232259840590899,8387,8393,normal,aggressive,threshold_wait5s,time_threshold,71,True
z,2.333333333333333,0.7900544184566556,1.8756269394248366,1.1932772101116678,0.4212215136443534,0.6620879136564769,0.032749970887167974,8387,8393,normal,aggressive,threshold_wait5s,time_threshold,71,True
z,2.4166666666666665,0.7975459686993716,1.8934122376587754,1.2045922486257268,0.4212215136443534,0.6620879136564769,0.03315511913267903,8387,8393,normal,aggressive,threshold_wait5s,time_threshold,71,True
z,2.5,0.7977041083850858,1.893787668828817,1.2048310986069035,0.4212215136443534,0.6620879136564769,0.03388084215965952,8387,8393,normal,aggressive,threshold_wait5s,time_threshold,71,True
z,2.583333333333333,0.8005188138208559,1.900469914024267,1.2090823549396548,0.4212215136443534,0.6620879136564769,0.03435060663411919,8387,8393,normal,aggressive,threshold_wait5s,time_threshold,71,True
z,2.6666666666666665,0.8052318409888642,1.9116588657167668,1.2162007859981225,0.4212215136443534,0.6620879136564769,0.034787579603935255,8387,8393,normal,aggressive,threshold_wait5s,time_threshold,71,True
z,2.75,0.8073024255515937,1.9165745324043846,1.219328141927782,0.4212215136443534,0.6620879136564769,0.035388658661202825,8387,8393,normal,aggressive,threshold_wait5s,time_threshold,71,True
z,2.833333333333333,0.8054576459853204,1.9121949375676621,1.2165418358674807,0.4212215136443534,0.6620879136564769,0.03584860448611703,8387,8393,normal,aggressive,threshold_wait5s,time_threshold,71,True
z,2.9166666666666665,0.8161687118871556,1.9376235198097331,1.2327195453240416,0.4212215136443534,0.6620879136564769,0.0363681258076321,8387,8393,normal,aggressive,threshold_wait5s,time_threshold,71,True
z,3.0,0.8172379005712461,1.940161824833235,1.2343344195152737,0.4212215136443534,0.6620879136564769,0.03679107008296444,8387,8393,normal,aggressive,threshold_wait5s,time_threshold,71,True
seconds,0.1,0.658232806782003,1.7124192987202789,1.0621185908079782,0.38438763641236234,0.6197356985167448,0.04266795244283977,5384,5421,normal,aggressive,threshold_wait20s,time_threshold,7,False
seconds,1.0,0.6916850225568457,1.7994465925403014,1.1160967880538464,0.38438763641236234,0.6197356985167448,0.04367157733695734,5384,5421,normal,aggressive,threshold_wait20s,time_threshold,7,False
seconds,5.0,0.7214783273670027,1.8769550813362195,1.1641709991755604,0.38438763641236234,0.6197356985167448,0.04638781566991607,5384,5421,normal,aggressive,threshold_wait20s,time_threshold,7,False
seconds,15.0,0.6895280755457638,1.7938352075560873,1.1126163575796226,0.38438763641236234,0.6197356985167448,0.052357656946256,5384,5421,normal,aggressive,threshold_wait20s,time_threshold,7,False
seconds,30.0,0.6302436249056691,1.6396043087857228,1.0169554963738148,0.38438763641236234,0.6197356985167448,0.05983340497842733,5384,5421,normal,aggressive,threshold_wait20s,time_threshold,7,False
seconds,60.0,0.6258614513744569,1.6282039069098646,1.009884460218079,0.38438763641236234,0.6197356985167448,0.07322862357554466,5384,5421,normal,aggressive,threshold_wait20s,time_threshold,7,False
seconds,180.0,0.46000727675342057,1.1967275561900101,0.7422636421532388,0.38438763641236234,0.6197356985167448,0.10986069328705074,5384,5421,normal,aggressive,threshold_wait20s,time_threshold,7,False
seconds,600.0,0.4130504235941786,1.0745674014110784,0.6664944823781492,0.38438763641236234,0.6197356985167448,0.18067457165993414,5384,5421,normal,aggressive,threshold_wait20s,time_threshold,7,False
z,1.0,0.38187334928074546,1.0,0.6191552794923387,0.38187334928074546,0.6167650699738089,0.04098764791340065,5413,5421,normal,aggressive,threshold_wait20s,time_threshold,7,False
z,1.0833333333333333,0.6935648958004085,1.8162170706773093,1.124520388013966,0.38187334928074546,0.6167650699738089,0.044738337645117976,5413,5421,normal,aggressive,threshold_wait20s,time_threshold,7,False
z,1.1666666666666667,0.6962819373229862,1.8233321037836918,1.1289256983255456,0.38187334928074546,0.6167650699738089,0.04614353714492903,5413,5421,normal,aggressive,threshold_wait20s,time_threshold,7,False
z,1.25,0.7020703351058837,1.8384900031076428,1.138310791717983,0.38187334928074546,0.6167650699738089,0.04761061532249369,5413,5421,normal,aggressive,threshold_wait20s,time_threshold,7,False
z,1.3333333333333333,0.6877367578973008,1.8009551051222767,1.1150708614651375,0.38187334928074546,0.6167650699738089,0.0491427612455534,5413,5421,normal,aggressive,threshold_wait20s,time_threshold,7,False
z,1.4166666666666665,0.6873026181069036,1.7998182365997288,1.1143669633173132,0.38187334928074546,0.6167650699738089,0.05050641129000229,5413,5421,normal,aggressive,threshold_wait20s,time_threshold,7,False
z,1.5,0.6985127670250049,1.829173908942969,1.1325426828316776,0.38187334928074546,0.6167650699738089,0.051936246853177354,5413,5421,normal,aggressive,threshold_wait20s,time_threshold,7,False
z,1.5833333333333333,0.7137409483524968,1.8690514792321082,1.157233091009525,0.38187334928074546,0.6167650699738089,0.053433683000074235,5413,5421,normal,aggressive,threshold_wait20s,time_threshold,7,False
z,1.6666666666666665,0.6984350659622465,1.8289704355586525,1.132416701211542,0.38187334928074546,0.6167650699738089,0.05458655798744794,5413,5421,normal,aggressive,threshold_wait20s,time_threshold,7,False
z,1.75,0.7072548005306053,1.8520664033316607,1.146716691593185,0.38187334928074546,0.6167650699738089,0.055611427363474145,5413,5421,normal,aggressive,threshold_wait20s,time_threshold,7,False
z,1.8333333333333333,0.7145496768434548,1.8711692716690018,1.1585443333776966,0.38187334928074546,0.6167650699738089,0.056710299540235126,5413,5421,normal,aggressive,threshold_wait20s,time_threshold,7,False
z,1.9166666666666665,0.6979625568508344,1.827733090474734,1.1316505924702798,0.38187334928074546,0.6167650699738089,0.05797119181901121,5413,5421,normal,aggressive,threshold_wait20s,time_threshold,7,False
z,2.0,0.6738524517615517,1.7645966994836009,1.0925593626600272,0.38187334928074546,0.6167650699738089,0.05968648036299395,5413,5421,normal,aggressive,threshold_wait20s,time_threshold,7,False
z,2.083333333333333,0.6623449559650074,1.734462374010984,1.073901535949716,0.38187334928074546,0.6167650699738089,0.06097772841355924,5413,5421,normal,aggressive,threshold_wait20s,time_threshold,7,False
z,2.1666666666666665,0.6681493809903862,1.7496622433821023,1.0833126153184378,0.38187334928074546,0.6167650699738089,0.06214181198653253,5413,5421,normal,aggressive,threshold_wait20s,time_threshold,7,False
z,2.25,0.6619072091907304,1.7333160599906379,1.0731917895720626,0.38187334928074546,0.6167650699738089,0.06338287240681595,5413,5421,normal,aggressive,threshold_wait20s,time_threshold,7,False
z,2.333333333333333,0.6826617630117786,1.7876653720338564,1.106842453060398,0.38187334928074546,0.6167650699738089,0.06420656231752728,5413,5421,normal,aggressive,threshold_wait20s,time_threshold,7,False
z,2.4166666666666665,0.6845709889149907,1.7926650032121203,1.1099380010999345,0.38187334928074546,0.6167650699738089,0.06454458445570385,5413,5421,normal,aggressive,threshold_wait20s,time_threshold,7,False
z,2.5,0.6876464213838999,1.8007185436718087,1.1149243931941557,0.38187334928074546,0.6167650699738089,0.06626311014197007,5413,5421,normal,aggressive,threshold_wait20s,time_threshold,7,False
z,2.583333333333333,0.6814930075390869,1.7846047880080451,1.1049474763024871,0.38187334928074546,0.6167650699738089,0.06719677720652062,5413,5421,normal,aggressive,threshold_wait20s,time_threshold,7,False
z,2.6666666666666665,0.6709583218131441,1.7570179303606477,1.0878669277454973,0.38187334928074546,0.6167650699738089,0.0682178977713379,5413,5421,normal,aggressive,threshold_wait20s,time_threshold,7,False
z,2.75,0.6683844742252123,1.7502778748087753,1.0836937867664838,0.38187334928074546,0.6167650699738089,0.0692195583928598,5413,5421,normal,aggressive,threshold_wait20s,time_threshold,7,False
z,2.833333333333333,0.67160068687029,1.758700071987854,1.0889084346148359,0.38187334928074546,0.6167650699738089,0.06982473304364259,5413,5421,normal,aggressive,threshold_wait20s,time_threshold,7,False
z,2.9166666666666665,0.6698421477394362,1.7540950396278687,1.086057204516918,0.38187334928074546,0.6167650699738089,0.07092416603737954,5413,5421,normal,aggressive,threshold_wait20s,time_threshold,7,False
z,3.0,0.68671183300333,1.798271165811243,1.1134090862708739,0.38187334928074546,0.6167650699738089,0.07213672389572172,5413,5421,normal,aggressive,threshold_wait20s,time_threshold,7,False
seconds,0.1,0.7246649763002913,1.6561970274656854,1.0592375035361303,0.4375475648626024,0.6841383295824487,0.04408918630517669,5317,5359,normal,aggressive,threshold_wait20s,time_threshold,23,False
seconds,1.0,0.7721790761395824,1.7647888781693029,1.1286885162696083,0.4375475648626024,0.6841383295824487,0.04510555633110674,5317,5359,normal,aggressive,threshold_wait20s,time_threshold,23,False
seconds,5.0,0.7807606270054773,1.7844017192751374,1.1412321064981117,0.4375475648626024,0.6841383295824487,0.04753069390093891,5317,5359,normal,aggressive,threshold_wait20s,time_threshold,23,False
seconds,15.0,0.7422344809009436,1.6963515295394644,1.0849187200985404,0.4375475648626024,0.6841383295824487,0.05235805937763605,5317,5359,normal,aggressive,threshold_wait20s,time_threshold,23,False
seconds,30.0,0.7030373692174013,1.6067678709128856,1.0276245882122805,0.4375475648626024,0.6841383295824487,0.06015420022072283,5317,5359,normal,aggressive,threshold_wait20s,time_threshold,23,False
seconds,60.0,0.6647293894506409,1.5192162928832151,0.9716300939553354,0.4375475648626024,0.6841383295824487,0.07252599130245363,5317,5359,normal,aggressive,threshold_wait20s,time_threshold,23,False
seconds,180.0,0.706910079157239,1.6156188170747132,1.0332853000484399,0.4375475648626024,0.6841383295824487,0.10935695187441585,5317,5359,normal,aggressive,threshold_wait20s,time_threshold,23,False
seconds,600.0,0.6087870526038043,1.3913619946553104,0.8898595887404326,0.4375475648626024,0.6841383295824487,0.18765985261736953,5317,5359,normal,aggressive,threshold_wait20s,time_threshold,23,False
z,1.0,0.43823136142876024,1.0,0.6397197249789114,0.43823136142876024,0.6850365000754146,0.042126461720148015,5352,5359,normal,aggressive,threshold_wait20s,time_threshold,23,False
z,1.0833333333333333,0.7830160607389682,1.7867640923417958,1.1430282337550879,0.43823136142876024,0.6850365000754146,0.04557396870739293,5352,5359,normal,aggressive,threshold_wait20s,time_threshold,23,False
z,1.1666666666666667,0.7742955091744053,1.7668646685850582,1.1302981798621887,0.43823136142876024,0.6850365000754146,0.046597433544521144,5352,5359,normal,aggressive,threshold_wait20s,time_threshold,23,False
z,1.25,0.7793178444445716,1.7783251337918204,1.1376296655123892,0.43823136142876024,0.6850365000754146,0.04774601801478899,5352,5359,normal,aggressive,threshold_wait20s,time_threshold,23,False
z,1.3333333333333333,0.7841836344257522,1.7894283783549587,1.1447326300706935,0.43823136142876024,0.6850365000754146,0.04834034956903219,5352,5359,normal,aggressive,threshold_wait20s,time_threshold,23,False
z,1.4166666666666665,0.7963507871716268,1.817192600217598,1.1624939504449145,0.43823136142876024,0.6850365000754146,0.051276593399426584,5352,5359,normal,aggressive,threshold_wait20s,time_threshold,23,False
z,1.5,0.7912191905399423,1.8054828115458013,1.1550029676562317,0.43823136142876024,0.6850365000754146,0.0523071703215725,5352,5359,normal,aggressive,threshold_wait20s,time_threshold,23,False
z,1.5833333333333333,0.7941138745605598,1.8120881900636236,1.1592285585850346,0.43823136142876024,0.6850365000754146,0.053273651487319836,5352,5359,normal,aggressive,threshold_wait20s,time_threshold,23,False
z,1.6666666666666665,0.7812222371360655,1.782670766850315,1.1404096526974286,0.43823136142876024,0.6850365000754146,0.05480256707950048,5352,5359,normal,aggressive,threshold_wait20s,time_threshold,23,False
z,1.75,0.7747558686694499,1.7679151627659029,1.1309702017106509,0.43823136142876024,0.6850365000754146,0.0559160668871442,5352,5359,normal,aggressive,threshold_wait20s,time_threshold,23,False
z,1.8333333333333333,0.7676274412800361,1.7516488066425688,1.1205642928450223,0.43823136142876024,0.6850365000754146,0.056807303889903286,5352,5359,normal,aggressive,threshold_wait20s,time_threshold,23,False
z,1.9166666666666665,0.7631654697174755,1.741467035196515,1.1140508128157547,0.43823136142876024,0.6850365000754146,0.058016225370391736,5352,5359,normal,aggressive,threshold_wait20s,time_threshold,23,False
z,2.0,0.770141957341455,1.7573866800189077,1.1242349236232978,0.43823136142876024,0.6850365000754146,0.05915951408478431,5352,5359,normal,aggressive,threshold_wait20s,time_threshold,23,False
z,2.083333333333333,0.7692457660112387,1.7553416613162425,1.122926684821252,0.43823136142876024,0.6850365000754146,0.06051746665222224,5352,5359,normal,aggressive,threshold_wait20s,time_threshold,23,False
z,2.1666666666666665,0.7506104666511408,1.7128177778147482,1.0957233177626409,0.43823136142876024,0.6850365000754146,0.0615350032652497,5352,5359,normal,aggressive,threshold_wait20s,time_threshold,23,False
z,2.25,0.7421844747781932,1.693590509721756,1.083423255106096,0.43823136142876024,0.6850365000754146,0.06276070508784817,5352,5359,normal,aggressive,threshold_wait20s,time_threshold,23,False
z,2.333333333333333,0.7400229446948348,1.6886581149330508,1.0802679048683783,0.43823136142876024,0.6850365000754146,0.06407123461961045,5352,5359,normal,aggressive,threshold_wait20s,time_threshold,23,False
z,2.4166666666666665,0.718736026650653,1.640083503625498,1.049193767881753,0.43823136142876024,0.6850365000754146,0.06545400038617918,5352,5359,normal,aggressive,threshold_wait20s,time_threshold,23,False
z,2.5,0.7161598673793579,1.634204966628748,1.0454331518109137,0.43823136142876024,0.6850365000754146,0.06646928078038997,5352,5359,normal,aggressive,threshold_wait20s,time_threshold,23,False
z,2.583333333333333,0.7299759048777111,1.6657317780675938,1.0656014749540341,0.43823136142876024,0.6850365000754146,0.06749222672901001,5352,5359,normal,aggressive,threshold_wait20s,time_threshold,23,False
z,2.6666666666666665,0.7328859588064628,1.6723722291737493,1.0698495025094,0.43823136142876024,0.6850365000754146,0.06904927861938932,5352,5359,normal,aggressive,threshold_wait20s,time_threshold,23,False
z,2.75,0.7243132084673867,1.6528100729850035,1.0573352053323408,0.43823136142876024,0.6850365000754146,0.06998920857928735,5352,5359,normal,aggressive,threshold_wait20s,time_threshold,23,False
z,2.833333333333333,0.7205347149918815,1.6441879299617699,1.051819450368789,0.43823136142876024,0.6850365000754146,0.07083371889606929,5352,5359,normal,aggressive,threshold_wait20s,time_threshold,23,False
z,2.9166666666666665,0.7259301552242254,1.6564997832594281,1.0596955857743477,0.43823136142876024,0.6850365000754146,0.07196471479455062,5352,5359,normal,aggressive,threshold_wait20s,time_threshold,23,False
z,3.0,0.7295522246643028,1.664764982327492,1.0649829966490654,0.43823136142876024,0.6850365000754146,0.07277165024912308,5352,5359,normal,aggressive,threshold_wait20s,time_threshold,23,False
seconds,0.1,0.6459588865974817,1.7739214779534935,1.0626591298511068,0.36414175859841336,0.6078702647461274,0.04268175255914733,5364,5405,normal,aggressive,threshold_wait20s,time_threshold,71,False
seconds,1.0,0.686584699781471,1.8854874058502515,1.1294921623912926,0.36414175859841336,0.6078702647461274,0.04362706115323276,5364,5405,normal,aggressive,threshold_wait20s,time_threshold,71,False
seconds,5.0,0.7103369933781154,1.9507155567991221,1.1685667725082465,0.36414175859841336,0.6078702647461274,0.04636511315629011,5364,5405,normal,aggressive,threshold_wait20s,time_threshold,71,False
seconds,15.0,0.714076359291797,1.9609845408565245,1.1747183580200717,0.36414175859841336,0.6078702647461274,0.052133341369905474,5364,5405,normal,aggressive,threshold_wait20s,time_threshold,71,False
seconds,30.0,0.7024949323303434,1.9291798200630879,1.1556658929907277,0.36414175859841336,0.6078702647461274,0.058827575529785014,5364,5405,normal,aggressive,threshold_wait20s,time_threshold,71,False
seconds,60.0,0.6799040093814475,1.8671410057402023,1.1185018396407405,0.36414175859841336,0.6078702647461274,0.07069584698980894,5364,5405,normal,aggressive,threshold_wait20s,time_threshold,71,False
seconds,180.0,0.640186662155251,1.7580698918446989,1.0531633134294212,0.36414175859841336,0.6078702647461274,0.10780348716236304,5364,5405,normal,aggressive,threshold_wait20s,time_threshold,71,False
seconds,600.0,0.5741768775785115,1.5767949267574426,0.9445714174196568,0.36414175859841336,0.6078702647461274,0.18468870991626365,5364,5405,normal,aggressive,threshold_wait20s,time_threshold,71,False
z,1.0,0.36359182134402185,1.0,0.598861868420861,0.36359182134402185,0.6071380405347517,0.041026625437389413,5395,5405,normal,aggressive,threshold_wait20s,time_threshold,71,False
z,1.0833333333333333,0.6914522377521506,1.901726598789237,1.1388715441765715,0.36359182134402185,0.6071380405347517,0.04473467187535105,5395,5405,normal,aggressive,threshold_wait20s,time_threshold,71,False
z,1.1666666666666667,0.6956852600431881,1.9133688361624268,1.145843636202479,0.36359182134402185,0.6071380405347517,0.04694499276884582,5395,5405,normal,aggressive,threshold_wait20s,time_threshold,71,False
z,1.25,0.6915288837650158,1.901937401146072,1.1389977856698532,0.36359182134402185,0.6071380405347517,0.04791803027190043,5395,5405,normal,aggressive,threshold_wait20s,time_threshold,71,False
z,1.3333333333333333,0.6903503638752204,1.898696074414797,1.1370566786873992,0.36359182134402185,0.6071380405347517,0.04916350684512449,5395,5405,normal,aggressive,threshold_wait20s,time_threshold,71,False
z,1.4166666666666665,0.7004540571075313,1.9264846346606308,1.1536981877969452,0.36359182134402185,0.6071380405347517,0.05053801521905,5395,5405,normal,aggressive,threshold_wait20s,time_threshold,71,False
z,1.5,0.6857730054649794,1.8861067967095924,1.1295174403187915,0.36359182134402185,0.6071380405347517,0.0515467258970785,5395,5405,normal,aggressive,threshold_wait20s,time_threshold,71,False
z,1.5833333333333333,0.6822728798340797,1.8764802720590612,1.123752481780175,0.36359182134402185,0.6071380405347517,0.053892690767151794,5395,5405,normal,aggressive,threshold_wait20s,time_threshold,71,False
z,1.6666666666666665,0.6884027504131042,1.8933394812578968,1.1338488193010876,0.36359182134402185,0.6071380405347517,0.055470143314872114,5395,5405,normal,aggressive,threshold_wait20s,time_threshold,71,False
z,1.75,0.6899120989224048,1.897490698146443,1.1363348248031828,0.36359182134402185,0.6071380405347517,0.05624829457835251,5395,5405,normal,aggressive,threshold_wait20s,time_threshold,71,False
z,1.8333333333333333,0.6863319157886962,1.8876439883924272,1.1304380058020949,0.36359182134402185,0.6071380405347517,0.05732812876389449,5395,5405,normal,aggressive,threshold_wait20s,time_threshold,71,False
z,1.9166666666666665,0.6911135336618377,1.900795048434059,1.1383136741903415,0.36359182134402185,0.6071380405347517,0.05866576257254634,5395,5405,normal,aggressive,threshold_wait20s,time_threshold,71,False
z,2.0,0.6787823997598155,1.866880275938792,1.1180034101667575,0.36359182134402185,0.6071380405347517,0.05957107600656708,5395,5405,normal,aggressive,threshold_wait20s,time_threshold,71,False
z,2.083333333333333,0.6697782633836821,1.8421158674797418,1.1031729502466332,0.36359182134402185,0.6071380405347517,0.060621373950071875,5395,5405,normal,aggressive,threshold_wait20s,time_threshold,71,False
z,2.1666666666666665,0.6633924444705595,1.8245527141351001,1.092655047419299,0.36359182134402185,0.6071380405347517,0.06091690582052255,5395,5405,normal,aggressive,threshold_wait20s,time_threshold,71,False
z,2.25,0.6776792347914358,1.8638462006279068,1.116186418157151,0.36359182134402185,0.6071380405347517,0.061958688372147526,5395,5405,normal,aggressive,threshold_wait20s,time_threshold,71,False
z,2.333333333333333,0.6746852355568926,1.8556116940774685,1.111255086178832,0.36359182134402185,0.6071380405347517,0.06266384318142053,5395,5405,normal,aggressive,threshold_wait20s,time_threshold,71,False
z,2.4166666666666665,0.6759103569481355,1.8589811906374136,1.1132729491843583,0.36359182134402185,0.6071380405347517,0.06331556031992044,5395,5405,normal,aggressive,threshold_wait20s,time_threshold,71,False
z,2.5,0.671969618376868,1.8481428319617412,1.1067822694572296,0.36359182134402185,0.6071380405347517,0.06433298105106208,5395,5405,normal,aggressive,threshold_wait20s,time_threshold,71,False
z,2.583333333333333,0.664168875871905,1.8266881620626014,1.093933885755078,0.36359182134402185,0.6071380405347517,0.06535955548557597,5395,5405,normal,aggressive,threshold_wait20s,time_threshold,71,False
z,2.6666666666666665,0.6638041894655408,1.8256851515850385,1.093333221026439,0.36359182134402185,0.6071380405347517,0.06642965316161631,5395,5405,normal,aggressive,threshold_wait20s,time_threshold,71,False
z,2.75,0.6518076447027019,1.7926906119430481,1.0735740493687504,0.36359182134402185,0.6071380405347517,0.067340202228808,5395,5405,normal,aggressive,threshold_wait20s,time_threshold,71,False
z,2.833333333333333,0.635488118156469,1.7478064160172222,1.0466946159340424,0.36359182134402185,0.6071380405347517,0.06810090119871555,5395,5405,normal,aggressive,threshold_wait20s,time_threshold,71,False
z,2.9166666666666665,0.6354837173114459,1.7477943122107977,1.046687367425912,0.36359182134402185,0.6071380405347517,0.06919013469609375,5395,5405,normal,aggressive,threshold_wait20s,time_threshold,71,False
z,3.0,0.6441957765100276,1.7717554100330133,1.0610367552371391,0.36359182134402185,0.6071380405347517,0.07034689364685497,5395,5405,normal,aggressive,threshold_wait20s,time_threshold,71,False
seconds,0.1,0.9060927852093716,1.6579714222774855,0.98384276630286,0.5465068776425049,0.9209731638464328,0.010128766923972833,20710,20848,normal,aggressive,local_run_1s,local_runs,7,True
seconds,1.0,0.9068362804849834,1.659331872266366,0.9846500593975976,0.5465068776425049,0.9209731638464328,0.010567738965312564,20710,20848,normal,aggressive,local_run_1s,local_runs,7,True
seconds,5.0,1.0364366915034222,1.8964751111172706,1.1253712183911608,0.5465068776425049,0.9209731638464328,0.013518677897615941,20710,20848,normal,aggressive,local_run_1s,local_runs,7,True
seconds,15.0,1.1727804906393569,2.1459574227106546,1.2734144019368099,0.5465068776425049,0.9209731638464328,0.01936015104913315,20710,20848,normal,aggressive,local_run_1s,local_runs,7,True
seconds,30.0,1.2240180980370956,2.239712157543572,1.3290486043317478,0.5465068776425049,0.9209731638464328,0.02565013131493412,20710,20848,normal,aggressive,local_run_1s,local_runs,7,True
seconds,60.0,1.2731446946089462,2.3296041581415707,1.382390654350528,0.5465068776425049,0.9209731638464328,0.034609885973705894,20710,20848,normal,aggressive,local_run_1s,local_runs,7,True
seconds,180.0,1.3168050175804635,2.409493954149001,1.4297973809365345,0.5465068776425049,0.9209731638464328,0.05926990016130874,20710,20848,normal,aggressive,local_run_1s,local_runs,7,True
seconds,600.0,1.1524112840115808,2.108685784491491,1.2512973550700974,0.5465068776425049,0.9209731638464328,0.10308026828022822,20710,20848,normal,aggressive,local_run_1s,local_runs,7,True
z,1.0,0.5460548001429711,1.0,0.5942030647375739,0.5460548001429711,0.918970016393525,0.008388482469418179,20842,20848,normal,aggressive,local_run_1s,local_runs,7,True
z,1.0833333333333333,0.832335737275253,1.5242714413595966,0.9057267619478314,0.5460548001429711,0.918970016393525,0.009740175426197593,20842,20848,normal,aggressive,local_run_1s,local_runs,7,True
z,1.1666666666666667,0.8452124683521942,1.5478528311277475,0.9197388960188381,0.5460548001429711,0.918970016393525,0.009823895536063955,20842,20848,normal,aggressive,local_run_1s,local_runs,7,True
z,1.25,0.8522512562525731,1.5607430903078443,0.9273983275289133,0.5460548001429711,0.918970016393525,0.009896703582540233,20842,20848,normal,aggressive,local_run_1s,local_runs,7,True
z,1.3333333333333333,0.855983345334146,1.5675777323265496,0.9314594927628121,0.5460548001429711,0.918970016393525,0.00993775024783657,20842,20848,normal,aggressive,local_run_1s,local_runs,7,True
z,1.4166666666666665,0.8599946886080527,1.5749237775821843,0.9358245353674111,0.5460548001429711,0.918970016393525,0.009990690679228772,20842,20848,normal,aggressive,local_run_1s,local_runs,7,True
z,1.5,0.8645356779212082,1.5832397731781693,0.9407659254368896,0.5460548001429711,0.918970016393525,0.010034112512079979,20842,20848,normal,aggressive,local_run_1s,local_runs,7,True
z,1.5833333333333333,0.8659546185605416,1.5858383047522198,0.9423099808620078,0.5460548001429711,0.918970016393525,0.010058553172936639,20842,20848,normal,aggressive,local_run_1s,local_runs,7,True
z,1.6666666666666665,0.8688718268895382,1.5911806409577305,0.9454844134081807,0.5460548001429711,0.918970016393525,0.010100609714413757,20842,20848,normal,aggressive,local_run_1s,local_runs,7,True
z,1.75,0.8712349224721297,1.5955082205009792,0.9480558744356747,0.5460548001429711,0.918970016393525,0.010133397661580796,20842,20848,normal,aggressive,local_run_1s,local_runs,7,True
z,1.8333333333333333,0.874000010045946,1.600571975225033,0.9510647730117868,0.5460548001429711,0.918970016393525,0.010153132455876521,20842,20848,normal,aggressive,local_run_1s,local_runs,7,True
z,1.9166666666666665,0.8756782501643882,1.6036453666099322,0.952890991591832,0.5460548001429711,0.918970016393525,0.010170414070068334,20842,20848,normal,aggressive,local_run_1s,local_runs,7,True
z,2.0,0.8785226593252028,1.608854384386298,0.955986205918821,0.5460548001429711,0.918970016393525,0.010210010674498017,20842,20848,normal,aggressive,local_run_1s,local_runs,7,True
z,2.083333333333333,0.8810120915176473,1.6134133264408181,0.958695143259578,0.5460548001429711,0.918970016393525,0.010246106787537545,20842,20848,normal,aggressive,local_run_1s,local_runs,7,True
z,2.1666666666666665,0.8826650705364614,1.616440456718551,0.9604938733479668,0.5460548001429711,0.918970016393525,0.010284300305605022,20842,20848,normal,aggressive,local_run_1s,local_runs,7,True
z,2.25,0.8836179646397494,1.618185508869065,0.9615307886839292,0.5460548001429711,0.918970016393525,0.010326631376265976,20842,20848,normal,aggressive,local_run_1s,local_runs,7,True
z,2.333333333333333,0.8855130388031343,1.62165599234964,0.9635929606042078,0.5460548001429711,0.918970016393525,0.010385734554634783,20842,20848,normal,aggressive,local_run_1s,local_runs,7,True
z,2.4166666666666665,0.8861864165717648,1.6228891611972616,0.9643257133128035,0.5460548001429711,0.918970016393525,0.010412362886217538,20842,20848,normal,aggressive,local_run_1s,local_runs,7,True
z,2.5,0.8891372256597615,1.6282930310784973,0.9675367093576768,0.5460548001429711,0.918970016393525,0.010475912065428493,20842,20848,normal,aggressive,local_run_1s,local_runs,7,True
z,2.583333333333333,0.8900255934977856,1.6299199151161279,0.9685034088388095,0.5460548001429711,0.918970016393525,0.01049761422914763,20842,20848,normal,aggressive,local_run_1s,local_runs,7,True
z,2.6666666666666665,0.8929392774447156,1.6352557970572206,0.9716740062412847,0.5460548001429711,0.918970016393525,0.010556135644233853,20842,20848,normal,aggressive,local_run_1s,local_runs,7,True
z,2.75,0.8946603177504168,1.6384075691966662,0.9735467989058978,0.5460548001429711,0.918970016393525,0.01059381797027553,20842,20848,normal,aggressive,local_run_1s,local_runs,7,True
z,2.833333333333333,0.8963880509293615,1.6415715981155445,0.9754268745864136,0.5460548001429711,0.918970016393525,0.010633326981854018,20842,20848,normal,aggressive,local_run_1s,local_runs,7,True
z,2.9166666666666665,0.8973121373645491,1.64326389426411,0.9764324421443348,0.5460548001429711,0.918970016393525,0.010685278720047991,20842,20848,normal,aggressive,local_run_1s,local_runs,7,True
z,3.0,0.8993243378623852,1.6469488733125668,0.9786220679884217,0.5460548001429711,0.918970016393525,0.010743728940231703,20842,20848,normal,aggressive,local_run_1s,local_runs,7,True
seconds,0.1,2.120935008176974,1.2881452216814913,1.02607009287689,1.646503028135596,2.067046903423827,0.012885081098650985,58703,59098,normal,fill,random_n6,random_traders,7,True
seconds,1.0,2.1505068238993417,1.3061055990491863,1.0403764038141916,1.646503028135596,2.067046903423827,0.013308081124573474,58703,59098,normal,fill,random_n6,random_traders,7,True
seconds,5.0,2.051034654717629,1.2456913954419513,0.9922535629551147,1.646503028135596,2.067046903423827,0.014083023283035559,58703,59098,normal,fill,random_n6,random_traders,7,True
seconds,15.0,1.835683882090187,1.1148985763899921,0.8880707443307584,1.646503028135596,2.067046903423827,0.015852669117223824,58703,59098,normal,fill,random_n6,random_traders,7,True
seconds,30.0,1.6788674716070195,1.0196564737011575,0.8122057940853532,1.646503028135596,2.067046903423827,0.018333619279246923,58703,59098,normal,fill,random_n6,random_traders,7,True
seconds,60.0,1.5901727035112254,0.9657879009866409,0.7692968654350737,1.646503028135596,2.067046903423827,0.022665755370185423,58703,59098,normal,fill,random_n6,random_traders,7,True
seconds,180.0,1.5306491201760415,0.9296363833045964,0.7405004296906356,1.646503028135596,2.067046903423827,0.035337767238070826,58703,59098,normal,fill,random_n6,random_traders,7,True
seconds,600.0,1.5145704711280603,0.9198710510985647,0.7327218693583332,1.646503028135596,2.067046903423827,0.05919033860718394,58703,59098,normal,fill,random_n6,random_traders,7,True
z,1.0,1.6440778645462573,1.0,0.7964769784700059,1.6440778645462573,2.0641875521681143,0.012002491260580821,59006,59098,normal,fill,random_n6,random_traders,7,True
z,1.0833333333333333,2.1017868521723115,1.2783986072048819,1.018215059946808,1.6440778645462573,2.0641875521681143,0.013280707127567713,59006,59098,normal,fill,random_n6,random_traders,7,True
z,1.1666666666666667,2.0570383415773636,1.2511806076441991,0.9965365498967177,1.6440778645462573,2.0641875521681143,0.013550059181650996,59006,59098,normal,fill,random_n6,random_traders,7,True
z,1.25,2.020975364891164,1.2292455293465832,0.9790657650117294,1.6440778645462573,2.0641875521681143,0.013913357638747915,59006,59098,normal,fill,random_n6,random_traders,7,True
z,1.3333333333333333,1.9871765270529627,1.2086875992344779,0.9626918469524423,1.6440778645462573,2.0641875521681143,0.014311879154583646,59006,59098,normal,fill,random_n6,random_traders,7,True
z,1.4166666666666665,1.9520007251078257,1.1872921393820668,0.9456508557362177,1.6440778645462573,2.0641875521681143,0.014688310557339226,59006,59098,normal,fill,random_n6,random_traders,7,True
z,1.5,1.9228799081886987,1.1695795860127263,0.9315432147476166,1.6440778645462573,2.0641875521681143,0.015014598338643414,59006,59098,normal,fill,random_n6,random_traders,7,True
z,1.5833333333333333,1.8976452937367903,1.1542307908029126,0.9193182527157492,1.6440778645462573,2.0641875521681143,0.015339469046164267,59006,59098,normal,fill,random_n6,random_traders,7,True
z,1.6666666666666665,1.8766552676520518,1.1414637397176943,0.9091495904434225,1.6440778645462573,2.0641875521681143,0.015675522776305607,59006,59098,normal,fill,random_n6,random_traders,7,True
z,1.75,1.8572815272511776,1.129679784213725,0.8997639411691958,1.6440778645462573,2.0641875521681143,0.01605218150622566,59006,59098,normal,fill,random_n6,random_traders,7,True
z,1.8333333333333333,1.8434651615396151,1.1212760668415094,0.8930705737486577,1.6440778645462573,2.0641875521681143,0.01641099841237115,59006,59098,normal,fill,random_n6,random_traders,7,True
z,1.9166666666666665,1.8254384055805017,1.110311406135437,0.8843374739195365,1.6440778645462573,2.0641875521681143,0.016741126929463203,59006,59098,normal,fill,random_n6,random_traders,7,True
z,2.0,1.8115473956063577,1.1018622868609205,0.8776079449290367,1.6440778645462573,2.0641875521681143,0.017038051114707204,59006,59098,normal,fill,random_n6,random_traders,7,True
z,2.083333333333333,1.8022437597353087,1.0962034089746127,0.8731007789686196,1.6440778645462573,2.0641875521681143,0.01739403245418543,59006,59098,normal,fill,random_n6,random_traders,7,True
z,2.1666666666666665,1.792269659540693,1.0901367253888152,0.8682688051568701,1.6440778645462573,2.0641875521681143,0.017710960497610735,59006,59098,normal,fill,random_n6,random_traders,7,True
z,2.25,1.7815181158894295,1.0835971667200226,0.8630601972278228,1.6440778645462573,2.0641875521681143,0.018043821814759282,59006,59098,normal,fill,random_n6,random_traders,7,True
z,2.333333333333333,1.775303386631987,1.0798170968149043,0.8600494585713887,1.6440778645462573,2.0641875521681143,0.018373529303364493,59006,59098,normal,fill,random_n6,random_traders,7,True
z,2.4166666666666665,1.7626798689666778,1.0721389217493984,0.8539339688950509,1.6440778645462573,2.0641875521681143,0.018632519538943685,59006,59098,normal,fill,random_n6,random_traders,7,True
z,2.5,1.7539003397732,1.066798828446761,0.8496807075166184,1.6440778645462573,2.0641875521681143,0.01887776215823152,59006,59098,normal,fill,random_n6,random_traders,7,True
z,2.583333333333333,1.7473263986820435,1.062800270207568,0.8464959479320295,1.6440778645462573,2.0641875521681143,0.01920411389237797,59006,59098,normal,fill,random_n6,random_traders,7,True
z,2.6666666666666665,1.746108794770596,1.0620596703018672,0.8459060771568818,1.6440778645462573,2.0641875521681143,0.01958345281201798,59006,59098,normal,fill,random_n6,random_traders,7,True
z,2.75,1.7428187681002967,1.060058532313669,0.8443122168185402,1.6440778645462573,2.0641875521681143,0.01985607733642974,59006,59098,normal,fill,random_n6,random_traders,7,True
z,2.833333333333333,1.7357107783927217,1.0557351423691566,0.8408687362587872,1.6440778645462573,2.0641875521681143,0.020104385894478417,59006,59098,normal,fill,random_n6,random_traders,7,True
z,2.9166666666666665,1.7312203817750174,1.0530038869252767,0.838693354175416,1.6440778645462573,2.0641875521681143,0.020333870560392053,59006,59098,normal,fill,random_n6,random_traders,7,True
z,3.0,1.7271422972880899,1.0505234177365177,0.8367177175707654,1.6440778645462573,2.0641875521681143,0.020641944797644782,59006,59098,normal,fill,random_n6,random_traders,7,True
seconds,0.1,2.1188001656984987,1.2876540287764093,1.0266487103230888,1.6454731770706177,2.0638024909530226,0.012782686075370574,58767,59125,normal,fill,random_n6,random_traders,23,True
seconds,1.0,2.148219401178793,1.3055329197180825,1.0409035799674746,1.6454731770706177,2.0638024909530226,0.013176534283642384,58767,59125,normal,fill,random_n6,random_traders,23,True
seconds,5.0,2.0535633382933853,1.2480077870058492,0.995038695464066,1.6454731770706177,2.0638024909530226,0.01397865500295581,58767,59125,normal,fill,random_n6,random_traders,23,True
seconds,15.0,1.834905795997215,1.1151234924800404,0.8890898252331755,1.6454731770706177,2.0638024909530226,0.015752157100533144,58767,59125,normal,fill,random_n6,random_traders,23,True
seconds,30.0,1.6750439000102724,1.017970954101056,0.8116299439278081,1.6454731770706177,2.0638024909530226,0.01821330979417301,58767,59125,normal,fill,random_n6,random_traders,23,True
seconds,60.0,1.5971251576993553,0.9706175584962529,0.7738750024290526,1.6454731770706177,2.0638024909530226,0.022550579980292203,58767,59125,normal,fill,random_n6,random_traders,23,True
seconds,180.0,1.54247044487925,0.9374023632674826,0.747392471731618,1.6454731770706177,2.0638024909530226,0.03527791580570244,58767,59125,normal,fill,random_n6,random_traders,23,True
seconds,600.0,1.5216146727711812,0.9247277281541971,0.7372869639616193,1.6454731770706177,2.0638024909530226,0.059316781240962124,58767,59125,normal,fill,random_n6,random_traders,23,True
z,1.0,1.6442588757712056,1.0,0.7972980133664613,1.6442588757712056,2.062288941155879,0.011907936267557321,59029,59125,normal,fill,random_n6,random_traders,23,True
z,1.0833333333333333,2.0990561292051453,1.276597110184749,1.017828339819666,1.6442588757712056,2.062288941155879,0.013175190491233217,59029,59125,normal,fill,random_n6,random_traders,23,True
z,1.1666666666666667,2.059853363565647,1.252754900045478,0.9988189930413596,1.6442588757712056,2.062288941155879,0.013452594570732994,59029,59125,normal,fill,random_n6,random_traders,23,True
z,1.25,2.02174290647995,1.2295770065596838,0.9803393046111163,1.6442588757712056,2.062288941155879,0.013770045351452776,59029,59125,normal,fill,random_n6,random_traders,23,True
z,1.3333333333333333,1.9846786686414,1.207035399283174,0.9623669259114681,1.6442588757712056,2.062288941155879,0.014154597699936362,59029,59125,normal,fill,random_n6,random_traders,23,True
z,1.4166666666666665,1.9588356650249261,1.1913182856356332,0.9498357024244288,1.6442588757712056,2.062288941155879,0.0144933355025294,59029,59125,normal,fill,random_n6,random_traders,23,True
z,1.5,1.9365909111181154,1.1777895437601318,0.939049263403744,1.6442588757712056,2.062288941155879,0.014856362442247362,59029,59125,normal,fill,random_n6,random_traders,23,True
z,1.5833333333333333,1.9085757372440966,1.1607513666903082,0.9254647586745877,1.6442588757712056,2.062288941155879,0.01521996583133331,59029,59125,normal,fill,random_n6,random_traders,23,True
z,1.6666666666666665,1.885988012310478,1.1470140378143887,0.9145120136528554,1.6442588757712056,2.062288941155879,0.015555781965426197,59029,59125,normal,fill,random_n6,random_traders,23,True
z,1.75,1.8577027632060117,1.129811607271814,0.900796549956186,1.6442588757712056,2.062288941155879,0.015936889515267547,59029,59125,normal,fill,random_n6,random_traders,23,True
z,1.8333333333333333,1.8398681151515752,1.1189649891892013,0.892148562907174,1.6442588757712056,2.062288941155879,0.01628959184535866,59029,59125,normal,fill,random_n6,random_traders,23,True
z,1.9166666666666665,1.8257495614379304,1.110378413242015,0.8853025029628621,1.6442588757712056,2.062288941155879,0.016657272370425087,59029,59125,normal,fill,random_n6,random_traders,23,True
z,2.0,1.8119108586819834,1.1019620361374933,0.8785921422176841,1.6442588757712056,2.062288941155879,0.01696069693127456,59029,59125,normal,fill,random_n6,random_traders,23,True
z,2.083333333333333,1.8051379626816724,1.097842918339127,0.8753079777802242,1.6442588757712056,2.062288941155879,0.017289966575760343,59029,59125,normal,fill,random_n6,random_traders,23,True
z,2.1666666666666665,1.7924865212677925,1.0901486059651426,0.8691733178102256,1.6442588757712056,2.062288941155879,0.017594570318313837,59029,59125,normal,fill,random_n6,random_traders,23,True
z,2.25,1.7840885780128977,1.0850411722278877,0.8651011710381113,1.6442588757712056,2.062288941155879,0.01791572637044837,59029,59125,normal,fill,random_n6,random_traders,23,True
z,2.333333333333333,1.7788575954777441,1.0818598103315136,0.8625646775183324,1.6442588757712056,2.062288941155879,0.018203915956093088,59029,59125,normal,fill,random_n6,random_traders,23,True
z,2.4166666666666665,1.7717922024762933,1.077562802661029,0.8591386818392348,1.6442588757712056,2.062288941155879,0.01851931944712689,59029,59125,normal,fill,random_n6,random_traders,23,True
z,2.5,1.7651658523276146,1.0735328106407211,0.8559255772075605,1.6442588757712056,2.062288941155879,0.01886868199120298,59029,59125,normal,fill,random_n6,random_traders,23,True
z,2.583333333333333,1.7538971266163599,1.0666794337927663,0.8504613934618344,1.6442588757712056,2.062288941155879,0.01912745096751613,59029,59125,normal,fill,random_n6,random_traders,23,True
z,2.6666666666666665,1.7506619365839813,1.0647118664710686,0.8488926559450801,1.6442588757712056,2.062288941155879,0.01942797698690871,59029,59125,normal,fill,random_n6,random_traders,23,True
z,2.75,1.7447496595684984,1.0611161571198207,0.8460258040226869,1.6442588757712056,2.062288941155879,0.019758571948127305,59029,59125,normal,fill,random_n6,random_traders,23,True
z,2.833333333333333,1.7367307759600208,1.0562392586419478,0.842137462554889,1.6442588757712056,2.062288941155879,0.020022244589802857,59029,59125,normal,fill,random_n6,random_traders,23,True
z,2.9166666666666665,1.7342740691546497,1.054745146710079,0.8409462100798628,1.6442588757712056,2.062288941155879,0.020336384070308883,59029,59125,normal,fill,random_n6,random_traders,23,True
z,3.0,1.730102448057797,1.0522080637979394,0.8389233989142679,1.6442588757712056,2.062288941155879,0.020613062320168227,59029,59125,normal,fill,random_n6,random_traders,23,True
seconds,0.1,2.118736744029038,1.2882510736646662,1.0253857095708385,1.6446613454021066,2.0662826917256405,0.012855965797375357,58402,58781,normal,fill,random_n6,random_traders,71,True
seconds,1.0,2.1505340583345744,1.3075847282157567,1.0407743659404958,1.6446613454021066,2.0662826917256405,0.013283695719503254,58402,58781,normal,fill,random_n6,random_traders,71,True
seconds,5.0,2.0477506241251975,1.2450895315622188,0.9910312041645347,1.6446613454021066,2.0662826917256405,0.014130015270338294,58402,58781,normal,fill,random_n6,random_traders,71,True
seconds,15.0,1.8246522966151746,1.109439521829986,0.883060340156714,1.6446613454021066,2.0662826917256405,0.01589199020149324,58402,58781,normal,fill,random_n6,random_traders,71,True
seconds,30.0,1.6681497721539515,1.014281619019934,0.807319239924915,1.6446613454021066,2.0662826917256405,0.018425136532933217,58402,58781,normal,fill,random_n6,random_traders,71,True
seconds,60.0,1.5756254152120566,0.9580242276727363,0.7625410702618743,1.6446613454021066,2.0662826917256405,0.0227835350734968,58402,58781,normal,fill,random_n6,random_traders,71,True
seconds,180.0,1.5320871493931503,0.9315517469151482,0.7414702526079039,1.6446613454021066,2.0662826917256405,0.035472434781378834,58402,58781,normal,fill,random_n6,random_traders,71,True
seconds,600.0,1.524899393965796,0.9271813910072595,0.7379916601306319,1.6446613454021066,2.0662826917256405,0.059476380610758335,58402,58781,normal,fill,random_n6,random_traders,71,True
z,1.0,1.6433229509084597,1.0,0.7961247776587981,1.6433229509084597,2.064152500994954,0.011981664240006821,58685,58781,normal,fill,random_n6,random_traders,71,True
z,1.0833333333333333,2.099803612069732,1.2777790335788355,1.0172715490050244,1.6433229509084597,2.064152500994954,0.013221633081949987,58685,58781,normal,fill,random_n6,random_traders,71,True
z,1.1666666666666667,2.0550947534913893,1.2505726597168831,0.9956118806632752,1.6433229509084597,2.064152500994954,0.01356902208794865,58685,58781,normal,fill,random_n6,random_traders,71,True
z,1.25,2.02112203621487,1.2298994759962159,0.9791534468701597,1.6433229509084597,2.064152500994954,0.013965512969625374,58685,58781,normal,fill,random_n6,random_traders,71,True
z,1.3333333333333333,1.9818240941958805,1.205985769930549,0.9601151529456327,1.6433229509084597,2.064152500994954,0.014334581997339174,58685,58781,normal,fill,random_n6,random_traders,71,True
z,1.4166666666666665,1.9495929152945946,1.1863723525657712,0.9445004254069698,1.6433229509084597,2.064152500994954,0.0146863715071176,58685,58781,normal,fill,random_n6,random_traders,71,True
z,1.5,1.920384604692901,1.168598420432987,0.9303501576396344,1.6433229509084597,2.064152500994954,0.015054322636106149,58685,58781,normal,fill,random_n6,random_traders,71,True
z,1.5833333333333333,1.8932560327400592,1.1520900573398745,0.9172074407426195,1.6433229509084597,2.064152500994954,0.015420294335610806,58685,58781,normal,fill,random_n6,random_traders,71,True
z,1.6666666666666665,1.869758726049722,1.1377914030933995,0.9058239278098246,1.6433229509084597,2.064152500994954,0.015771542478071724,58685,58781,normal,fill,random_n6,random_traders,71,True
z,1.75,1.8463085091766107,1.1235214040891577,0.8944632280253814,1.6433229509084597,2.064152500994954,0.016187265406974686,58685,58781,normal,fill,random_n6,random_traders,71,True
z,1.8333333333333333,1.827581857583654,1.1121258037401185,0.8853909082312139,1.6433229509084597,2.064152500994954,0.016587345727936388,58685,58781,normal,fill,random_n6,random_traders,71,True
z,1.9166666666666665,1.8107123919995973,1.1018603440051766,0.8772183213821679,1.6433229509084597,2.064152500994954,0.01700170113625177,58685,58781,normal,fill,random_n6,random_traders,71,True
z,2.0,1.7938154485243196,1.0915781633382926,0.8690324225848973,1.6433229509084597,2.064152500994954,0.017337655364090033,58685,58781,normal,fill,random_n6,random_traders,71,True
z,2.083333333333333,1.7816876337117844,1.0841981076980847,0.8631569774292273,1.6433229509084597,2.064152500994954,0.017714336319770915,58685,58781,normal,fill,random_n6,random_traders,71,True
z,2.1666666666666665,1.7734192993333908,1.0791666351115046,0.8591512974349399,1.6433229509084597,2.064152500994954,0.018010009105132983,58685,58781,normal,fill,random_n6,random_traders,71,True
z,2.25,1.764404230762784,1.0736807575086738,0.8547838543481228,1.6433229509084597,2.064152500994954,0.01834867559891977,58685,58781,normal,fill,random_n6,random_traders,71,True
z,2.333333333333333,1.759264250544851,1.0705529607386648,0.8522937378400375,1.6433229509084597,2.064152500994954,0.018636184081417585,58685,58781,normal,fill,random_n6,random_traders,71,True
z,2.4166666666666665,1.7525189104005614,1.066448265346587,0.8490258881336625,1.6433229509084597,2.064152500994954,0.018923219335131938,58685,58781,normal,fill,random_n6,random_traders,71,True
z,2.5,1.7485569729602262,1.0640373348364611,0.8471064866173378,1.6433229509084597,2.064152500994954,0.019190767640640885,58685,58781,normal,fill,random_n6,random_traders,71,True
z,2.583333333333333,1.743076703448615,1.060702464165677,0.8444515134460387,1.6433229509084597,2.064152500994954,0.01946470363053763,58685,58781,normal,fill,random_n6,random_traders,71,True
z,2.6666666666666665,1.7419762119568445,1.0600327896557689,0.8439183689757344,1.6433229509084597,2.064152500994954,0.019803768281239188,58685,58781,normal,fill,random_n6,random_traders,71,True
z,2.75,1.7389828021839737,1.0582112306182003,0.842468180691958,1.6433229509084597,2.064152500994954,0.02011481513608181,58685,58781,normal,fill,random_n6,random_traders,71,True
z,2.833333333333333,1.7351547838445374,1.055881792976427,0.840613657667331,1.6433229509084597,2.064152500994954,0.020365082417375113,58685,58781,normal,fill,random_n6,random_traders,71,True
z,2.9166666666666665,1.727253439158032,1.0510736421000961,0.8367857696199621,1.6433229509084597,2.064152500994954,0.020578663971005953,58685,58781,normal,fill,random_n6,random_traders,71,True
z,3.0,1.7238501317916661,1.0490026509023618,0.8351370022131326,1.6433229509084597,2.064152500994954,0.020860154249520493,58685,58781,normal,fill,random_n6,random_traders,71,True
seconds,0.1,0.7384791565595125,1.665396246032947,1.0572333827726836,0.44342549607554654,0.6985015499820755,0.02114349248367763,9959,10024,normal,fill,threshold_wait5s,time_threshold,7,True
seconds,1.0,0.7927610018087715,1.7878110501650284,1.1349452292970788,0.44342549607554654,0.6985015499820755,0.022300160760675366,9959,10024,normal,fill,threshold_wait5s,time_threshold,7,True
seconds,5.0,0.8045066538186098,1.814299495493028,1.1517607281462074,0.44342549607554654,0.6985015499820755,0.025817420666330644,9959,10024,normal,fill,threshold_wait5s,time_threshold,7,True
seconds,15.0,0.7911250668332153,1.784121738228672,1.1326031658104647,0.44342549607554654,0.6985015499820755,0.031054979384155232,9959,10024,normal,fill,threshold_wait5s,time_threshold,7,True
seconds,30.0,0.820936811528273,1.8513522988502442,1.1752827342320706,0.44342549607554654,0.6985015499820755,0.03805019385409242,9959,10024,normal,fill,threshold_wait5s,time_threshold,7,True
seconds,60.0,0.8066714913842097,1.8191815728312943,1.1548599876477152,0.44342549607554654,0.6985015499820755,0.04981578523696941,9959,10024,normal,fill,threshold_wait5s,time_threshold,7,True
seconds,180.0,0.8057127616159213,1.8170194739516101,1.1534874355491367,0.44342549607554654,0.6985015499820755,0.08216381112748136,9959,10024,normal,fill,threshold_wait5s,time_threshold,7,True
seconds,600.0,0.7412090607660874,1.6715526448659763,1.0611416120481163,0.44342549607554654,0.6985015499820755,0.14197770520540456,9959,10024,normal,fill,threshold_wait5s,time_threshold,7,True
z,1.0,0.4446728866826979,1.0,0.6354909551336698,0.4446728866826979,0.6997312598873495,0.019332356867272332,10018,10024,normal,fill,threshold_wait5s,time_threshold,7,True
z,1.0833333333333333,0.7727696093132306,1.7378383806536204,1.1043805723895193,0.4446728866826979,0.6997312598873495,0.02186383213413825,10018,10024,normal,fill,threshold_wait5s,time_threshold,7,True
z,1.1666666666666667,0.7835158438449589,1.7620049868343937,1.1197382320336782,0.4446728866826979,0.6997312598873495,0.022384028744430063,10018,10024,normal,fill,threshold_wait5s,time_threshold,7,True
z,1.25,0.7890012697985926,1.774340854655244,1.127577564457553,0.4446728866826979,0.6997312598873495,0.023025277435354426,10018,10024,normal,fill,threshold_wait5s,time_threshold,7,True
z,1.3333333333333333,0.7912598319331619,1.7794200087980079,1.1308053209750093,0.4446728866826979,0.6997312598873495,0.023935146720350558,10018,10024,normal,fill,threshold_wait5s,time_threshold,7,True
z,1.4166666666666665,0.7902462103192622,1.7771405318065923,1.1293567339645292,0.4446728866826979,0.6997312598873495,0.024801480174167913,10018,10024,normal,fill,threshold_wait5s,time_threshold,7,True
z,1.5,0.7879920435419956,1.7720712621371888,1.1261352589404898,0.4446728866826979,0.6997312598873495,0.025508911965230797,10018,10024,normal,fill,threshold_wait5s,time_threshold,7,True
z,1.5833333333333333,0.789587754710188,1.7756597677915287,1.128415721826269,0.4446728866826979,0.6997312598873495,0.025905569776947752,10018,10024,normal,fill,threshold_wait5s,time_threshold,7,True
z,1.6666666666666665,0.7949434600216131,1.787703914110813,1.1360696678744806,0.4446728866826979,0.6997312598873495,0.026285708562099188,10018,10024,normal,fill,threshold_wait5s,time_threshold,7,True
z,1.75,0.7940039962096702,1.7855912064551893,1.13472706126849,0.4446728866826979,0.6997312598873495,0.02679374277125447,10018,10024,normal,fill,threshold_wait5s,time_threshold,7,True
z,1.8333333333333333,0.7981430763764045,1.7948993524894847,1.140642303882348,0.4446728866826979,0.6997312598873495,0.027387841529091274,10018,10024,normal,fill,threshold_wait5s,time_threshold,7,True
z,1.9166666666666665,0.7955921867311543,1.789162799347511,1.1369967762469801,0.4446728866826979,0.6997312598873495,0.027872705435952484,10018,10024,normal,fill,threshold_wait5s,time_threshold,7,True
z,2.0,0.7865932705968283,1.7689256398448059,1.1241362444254137,0.4446728866826979,0.6997312598873495,0.028325392512643384,10018,10024,normal,fill,threshold_wait5s,time_threshold,7,True
z,2.083333333333333,0.7859637021807115,1.7675098386233432,1.123236515554907,0.4446728866826979,0.6997312598873495,0.028757020946101303,10018,10024,normal,fill,threshold_wait5s,time_threshold,7,True
z,2.1666666666666665,0.7919741212009263,1.7810263340072938,1.1318261261165137,0.4446728866826979,0.6997312598873495,0.02915987500300015,10018,10024,normal,fill,threshold_wait5s,time_threshold,7,True
z,2.25,0.7845702510557943,1.7643761842750592,1.121245106560057,0.4446728866826979,0.6997312598873495,0.029641900536926537,10018,10024,normal,fill,threshold_wait5s,time_threshold,7,True
z,2.333333333333333,0.7922906603912545,1.7817381812995579,1.1322784986321837,0.4446728866826979,0.6997312598873495,0.03020518982814381,10018,10024,normal,fill,threshold_wait5s,time_threshold,7,True
z,2.4166666666666665,0.7940399085302644,1.785671967665665,1.134778384287273,0.4446728866826979,0.6997312598873495,0.03044345830691801,10018,10024,normal,fill,threshold_wait5s,time_threshold,7,True
z,2.5,0.7944263085547819,1.7865409210830863,1.1353305963244766,0.4446728866826979,0.6997312598873495,0.031067435897335783,10018,10024,normal,fill,threshold_wait5s,time_threshold,7,True
z,2.583333333333333,0.7904438580082385,1.7775850106468711,1.1296391962472747,0.4446728866826979,0.6997312598873495,0.03158627224114485,10018,10024,normal,fill,threshold_wait5s,time_threshold,7,True
z,2.6666666666666665,0.7918574993959494,1.7807640697486231,1.1316594595522735,0.4446728866826979,0.6997312598873495,0.031723338432483955,10018,10024,normal,fill,threshold_wait5s,time_threshold,7,True
z,2.75,0.7942441987988087,1.7861313846318496,1.1350703396139181,0.4446728866826979,0.6997312598873495,0.03211232239555551,10018,10024,normal,fill,threshold_wait5s,time_threshold,7,True
z,2.833333333333333,0.796328850407661,1.7908194411140066,1.1380495571054847,0.4446728866826979,0.6997312598873495,0.03225108082363488,10018,10024,normal,fill,threshold_wait5s,time_threshold,7,True
z,2.9166666666666665,0.7956870057960602,1.7893760326426942,1.1371322840774023,0.4446728866826979,0.6997312598873495,0.03272045429984005,10018,10024,normal,fill,threshold_wait5s,time_threshold,7,True
z,3.0,0.8004389696800953,1.8000624586118716,1.1439234111235201,0.4446728866826979,0.6997312598873495,0.033319330845584604,10018,10024,normal,fill,threshold_wait5s,time_threshold,7,True
seconds,0.1,0.7248539367143867,1.664302853417727,1.056487342379649,0.4355300690771898,0.6860980795867503,0.021527163605807385,10153,10207,normal,fill,threshold_wait5s,time_threshold,23,True
seconds,1.0,0.7815297153927472,1.7944334292432866,1.1390932851225544,0.4355300690771898,0.6860980795867503,0.022617603228088173,10153,10207,normal,fill,threshold_wait5s,time_threshold,23,True
seconds,5.0,0.7976012221089099,1.831334455962786,1.1625177884032558,0.4355300690771898,0.6860980795867503,0.024993814826388235,10153,10207,normal,fill,threshold_wait5s,time_threshold,23,True
seconds,15.0,0.7937324701733581,1.822451597555905,1.1568790145155894,0.4355300690771898,0.6860980795867503,0.029950020403911905,10153,10207,normal,fill,threshold_wait5s,time_threshold,23,True
seconds,30.0,0.8238914925137872,1.8916983028507441,1.2008363192184308,0.4355300690771898,0.6860980795867503,0.037286234510858794,10153,10207,normal,fill,threshold_wait5s,time_threshold,23,True
seconds,60.0,0.861369040268562,1.9777487283338409,1.2554605032379345,0.4355300690771898,0.6860980795867503,0.049783466798479246,10153,10207,normal,fill,threshold_wait5s,time_threshold,23,True
seconds,180.0,0.8759030773578628,2.0111196437337715,1.276644117537008,0.4355300690771898,0.6860980795867503,0.08131775110784978,10153,10207,normal,fill,threshold_wait5s,time_threshold,23,True
seconds,600.0,0.9493824510617201,2.1798321596331833,1.3837415951281353,0.4355300690771898,0.6860980795867503,0.1395790753133725,10153,10207,normal,fill,threshold_wait5s,time_threshold,23,True
z,1.0,0.43585299521606324,1.0,0.6349516161076615,0.43585299521606324,0.6864349726171272,0.019777625601154,10201,10207,normal,fill,threshold_wait5s,time_threshold,23,True
z,1.0833333333333333,0.7656806179858857,1.7567405212078873,1.1154452330227635,0.43585299521606324,0.6864349726171272,0.022305241602552688,10201,10207,normal,fill,threshold_wait5s,time_threshold,23,True
z,1.1666666666666667,0.7778955908586994,1.7847659632878674,1.1332400327635788,0.43585299521606324,0.6864349726171272,0.022760340969241212,10201,10207,normal,fill,threshold_wait5s,time_threshold,23,True
z,1.25,0.7856359125101368,1.8025249823525415,1.1445161506191803,0.43585299521606324,0.6864349726171272,0.023207436857712,10201,10207,normal,fill,threshold_wait5s,time_threshold,23,True
z,1.3333333333333333,0.7908809336569385,1.8145589048089,1.1521571091309593,0.43585299521606324,0.6864349726171272,0.023692608173761457,10201,10207,normal,fill,threshold_wait5s,time_threshold,23,True
z,1.4166666666666665,0.792159937492007,1.817493389254589,1.1540203647721923,0.43585299521606324,0.6864349726171272,0.024223029890671068,10201,10207,normal,fill,threshold_wait5s,time_threshold,23,True
z,1.5,0.7928739404450514,1.8191315630445628,1.1550605258676014,0.43585299521606324,0.6864349726171272,0.02481590564684945,10201,10207,normal,fill,threshold_wait5s,time_threshold,23,True
z,1.5833333333333333,0.7968029412439511,1.8281460721612248,1.1607843029996432,0.43585299521606324,0.6864349726171272,0.025359309333668808,10201,10207,normal,fill,threshold_wait5s,time_threshold,23,True
z,1.6666666666666665,0.7952688448032238,1.824626315597508,1.1585494278812056,0.43585299521606324,0.6864349726171272,0.025934975729634494,10201,10207,normal,fill,threshold_wait5s,time_threshold,23,True
z,1.75,0.7939530164658788,1.821607342797533,1.1566325262228765,0.43585299521606324,0.6864349726171272,0.026416089359237237,10201,10207,normal,fill,threshold_wait5s,time_threshold,23,True
z,1.8333333333333333,0.7972551526506121,1.8291836041080611,1.1614430855860503,0.43585299521606324,0.6864349726171272,0.027008642898696877,10201,10207,normal,fill,threshold_wait5s,time_threshold,23,True
z,1.9166666666666665,0.8080027763771024,1.853842431383442,1.177100247815873,0.43585299521606324,0.6864349726171272,0.027291226375337378,10201,10207,normal,fill,threshold_wait5s,time_threshold,23,True
z,2.0,0.8100573835555643,1.8585564225708684,1.1800934041386468,0.43585299521606324,0.6864349726171272,0.027547036828976402,10201,10207,normal,fill,threshold_wait5s,time_threshold,23,True
z,2.083333333333333,0.8086630520736848,1.8553573359586764,1.178062138924167,0.43585299521606324,0.6864349726171272,0.02792660194857718,10201,10207,normal,fill,threshold_wait5s,time_threshold,23,True
z,2.1666666666666665,0.8080017595702239,1.853840098470993,1.1770987665293433,0.43585299521606324,0.6864349726171272,0.028216300321194977,10201,10207,normal,fill,threshold_wait5s,time_threshold,23,True
z,2.25,0.8017948387392848,1.839599239972677,1.1680565104110772,0.43585299521606324,0.6864349726171272,0.028744490838856874,10201,10207,normal,fill,threshold_wait5s,time_threshold,23,True
z,2.333333333333333,0.8029578621449369,1.8422676245390732,1.1697508055039072,0.43585299521606324,0.6864349726171272,0.02903648583502248,10201,10207,normal,fill,threshold_wait5s,time_threshold,23,True
z,2.4166666666666665,0.8021096521496753,1.8403215326122733,1.1685151312898914,0.43585299521606324,0.6864349726171272,0.029459453718458945,10201,10207,normal,fill,threshold_wait5s,time_threshold,23,True
z,2.5,0.8058557715140576,1.8489164474241475,1.1739724863399985,0.43585299521606324,0.6864349726171272,0.029932285380950212,10201,10207,normal,fill,threshold_wait5s,time_threshold,23,True
z,2.583333333333333,0.8063536755743854,1.8500588143822567,1.1746978340862382,0.43585299521606324,0.6864349726171272,0.030360549728805253,10201,10207,normal,fill,threshold_wait5s,time_threshold,23,True
z,2.6666666666666665,0.8026340770721813,1.8415247477519237,1.1692791146873376,0.43585299521606324,0.6864349726171272,0.030913025011186774,10201,10207,normal,fill,threshold_wait5s,time_threshold,23,True
z,2.75,0.8049297375302091,1.8467917999076393,1.1726234379657325,0.43585299521606324,0.6864349726171272,0.03139371647002732,10201,10207,normal,fill,threshold_wait5s,time_threshold,23,True
z,2.833333333333333,0.8024189572052854,1.8410311871494798,1.1689657275851688,0.43585299521606324,0.6864349726171272,0.031966369711756315,10201,10207,normal,fill,threshold_wait5s,time_threshold,23,True
z,2.9166666666666665,0.8074657950467663,1.8526104074298841,1.1763179722154782,0.43585299521606324,0.6864349726171272,0.032446880989419336,10201,10207,normal,fill,threshold_wait5s,time_threshold,23,True
z,3.0,0.8123841990751622,1.8638949553907345,1.1834831141802644,0.43585299521606324,0.6864349726171272,0.033162513098181017,10201,10207,normal,fill,threshold_wait5s,time_threshold,23,True
seconds,0.1,0.7779542112881107,1.6130665042591594,1.0532485441821409,0.4822827882384213,0.738623580906253,0.02108268022956432,10171,10234,normal,fill,threshold_wait5s,time_threshold,71,True
seconds,1.0,0.8347079768831341,1.7307438648846991,1.130085741182255,0.4822827882384213,0.738623580906253,0.02236513850687316,10171,10234,normal,fill,threshold_wait5s,time_threshold,71,True
seconds,5.0,0.8534428006106235,1.76959000284438,1.1554502491830727,0.4822827882384213,0.738623580906253,0.02504191132576827,10171,10234,normal,fill,threshold_wait5s,time_threshold,71,True
seconds,15.0,0.8256297126026877,1.711920335408133,1.1177949553000768,0.4822827882384213,0.738623580906253,0.030072926783776044,10171,10234,normal,fill,threshold_wait5s,time_threshold,71,True
seconds,30.0,0.8404655417002852,1.7426820160225014,1.137880733064435,0.4822827882384213,0.738623580906253,0.03739610092476765,10171,10234,normal,fill,threshold_wait5s,time_threshold,71,True
seconds,60.0,0.9260480102004325,1.9201348934364861,1.2537482340656108,0.4822827882384213,0.738623580906253,0.048906860640760025,10171,10234,normal,fill,threshold_wait5s,time_threshold,71,True
seconds,180.0,0.974799114736473,2.0212189580660946,1.3197508716692266,0.4822827882384213,0.738623580906253,0.08036342572644621,10171,10234,normal,fill,threshold_wait5s,time_threshold,71,True
seconds,600.0,0.8513858118161595,1.7653248935669428,1.1526653546202155,0.4822827882384213,0.738623580906253,0.1386392992100499,10171,10234,normal,fill,threshold_wait5s,time_threshold,71,True
z,1.0,0.48371218635513963,1.0,0.6548905661593547,0.48371218635513963,0.7386152913942539,0.019273574584722685,10229,10234,normal,fill,threshold_wait5s,time_threshold,71,True
z,1.0833333333333333,0.8191615691752953,1.6934896252001184,1.109050379432299,0.48371218635513963,0.7386152913942539,0.021995460503128724,10229,10234,normal,fill,threshold_wait5s,time_threshold,71,True
z,1.1666666666666667,0.8371474751228275,1.7306726990504164,1.1334012237176656,0.48371218635513963,0.7386152913942539,0.022923139163900916,10229,10234,normal,fill,threshold_wait5s,time_threshold,71,True
z,1.25,0.8439389318767966,1.744712983636058,1.1425960736389948,0.48371218635513963,0.7386152913942539,0.023404429019227974,10229,10234,normal,fill,threshold_wait5s,time_threshold,71,True
z,1.3333333333333333,0.8401198570157348,1.7368176380797693,1.1374254863176132,0.48371218635513963,0.7386152913942539,0.023883298033574186,10229,10234,normal,fill,threshold_wait5s,time_threshold,71,True
z,1.4166666666666665,0.8388515521740799,1.7341956143279762,1.1357083476983183,0.48371218635513963,0.7386152913942539,0.02448351904931139,10229,10234,normal,fill,threshold_wait5s,time_threshold,71,True
z,1.5,0.8354364288630084,1.7271353760139385,1.1310846642316181,0.48371218635513963,0.7386152913942539,0.024870711139945174,10229,10234,normal,fill,threshold_wait5s,time_threshold,71,True
z,1.5833333333333333,0.839749066175672,1.7360510854674467,1.1369234782433384,0.48371218635513963,0.7386152913942539,0.025244011827076186,10229,10234,normal,fill,threshold_wait5s,time_threshold,71,True
z,1.6666666666666665,0.8413817295187473,1.7394263639680314,1.1391339162915317,0.48371218635513963,0.7386152913942539,0.025807585859759664,10229,10234,normal,fill,threshold_wait5s,time_threshold,71,True
z,1.75,0.8401540213376353,1.7368882675219546,1.1374717408729935,0.48371218635513963,0.7386152913942539,0.026217427008990185,10229,10234,normal,fill,threshold_wait5s,time_threshold,71,True
z,1.8333333333333333,0.8439953563870236,1.7448296325686645,1.1426724659245113,0.48371218635513963,0.7386152913942539,0.026739588570139243,10229,10234,normal,fill,threshold_wait5s,time_threshold,71,True
z,1.9166666666666665,0.8466161307102372,1.7502476774249696,1.146220692387934,0.48371218635513963,0.7386152913942539,0.027345975143929505,10229,10234,normal,fill,threshold_wait5s,time_threshold,71,True
z,2.0,0.8455896117929408,1.748125508610015,1.1448309040512226,0.48371218635513963,0.7386152913942539,0.027642523666474055,10229,10234,normal,fill,threshold_wait5s,time_threshold,71,True
z,2.083333333333333,0.8506050770117729,1.7584942058649353,1.1516212660668323,0.48371218635513963,0.7386152913942539,0.02798822212730675,10229,10234,normal,fill,threshold_wait5s,time_threshold,71,True
z,2.1666666666666665,0.8506232745773821,1.758531826512342,1.1516459034739117,0.48371218635513963,0.7386152913942539,0.028353696002214598,10229,10234,normal,fill,threshold_wait5s,time_threshold,71,True
z,2.25,0.8428427864399131,1.742446872779635,1.1411120190172521,0.48371218635513963,0.7386152913942539,0.02876393858902219,10229,10234,normal,fill,threshold_wait5s,time_threshold,71,True
z,2.333333333333333,0.8441027662835364,1.7450516858878544,1.1428178865484333,0.48371218635513963,0.7386152913942539,0.029051089705870194,10229,10234,normal,fill,threshold_wait5s,time_threshold,71,True
z,2.4166666666666665,0.8432566188087501,1.7433024070839398,1.1416723003621672,0.48371218635513963,0.7386152913942539,0.02958771391767513,10229,10234,normal,fill,threshold_wait5s,time_threshold,71,True
z,2.5,0.8448409104691104,1.7465776846251118,1.1438172487254343,0.48371218635513963,0.7386152913942539,0.03008794789368123,10229,10234,normal,fill,threshold_wait5s,time_threshold,71,True
z,2.583333333333333,0.850615743334331,1.7585162568342079,1.1516357070385836,0.48371218635513963,0.7386152913942539,0.03048252966900835,10229,10234,normal,fill,threshold_wait5s,time_threshold,71,True
z,2.6666666666666665,0.8533494823002502,1.7641678385868167,1.1553368746122454,0.48371218635513963,0.7386152913942539,0.030832975775219137,10229,10234,normal,fill,threshold_wait5s,time_threshold,71,True
z,2.75,0.8537657324809187,1.7650283713424726,1.1559004293957955,0.48371218635513963,0.7386152913942539,0.03114198126784395,10229,10234,normal,fill,threshold_wait5s,time_threshold,71,True
z,2.833333333333333,0.8548559290544371,1.7672821838455919,1.1573764299419804,0.48371218635513963,0.7386152913942539,0.03164362760276622,10229,10234,normal,fill,threshold_wait5s,time_threshold,71,True
z,2.9166666666666665,0.8523197250421463,1.7620389750039838,1.153942701935208,0.48371218635513963,0.7386152913942539,0.03197792470580985,10229,10234,normal,fill,threshold_wait5s,time_threshold,71,True
z,3.0,0.851426588905358,1.7601925544216988,1.152733498514707,0.48371218635513963,0.7386152913942539,0.03224926813107444,10229,10234,normal,fill,threshold_wait5s,time_threshold,71,True
seconds,0.1,1.9633884643417503,1.209307955152717,1.0399718156477467,1.6235636720787174,1.8879246868039914,0.018754407556282406,42688,43003,stress,aggressive,random_n6,random_traders,7,True
seconds,1.0,2.0558169937808985,1.266237369766194,1.0889295574926385,1.6235636720787174,1.8879246868039914,0.01967446211088733,42688,43003,stress,aggressive,random_n6,random_traders,7,True
seconds,5.0,2.0177302755880193,1.242778654319503,1.0687557028579204,1.6235636720787174,1.8879246868039914,0.02108142625506047,42688,43003,stress,aggressive,random_n6,random_traders,7,True
seconds,15.0,1.8244378646529231,1.1237242468704771,0.9663721637866057,1.6235636720787174,1.8879246868039914,0.023377932409441762,42688,43003,stress,aggressive,random_n6,random_traders,7,True
seconds,30.0,1.6322627223912074,1.0053579976332878,0.8645804219841067,1.6235636720787174,1.8879246868039914,0.026492380353474457,42688,43003,stress,aggressive,random_n6,random_traders,7,True
seconds,60.0,1.5238263473904465,0.9385688862078486,0.8071436101458499,1.6235636720787174,1.8879246868039914,0.03191139647161503,42688,43003,stress,aggressive,random_n6,random_traders,7,True
seconds,180.0,1.3834407416031222,0.8521013160092726,0.7327838611746244,1.6235636720787174,1.8879246868039914,0.047332788248023304,42688,43003,stress,aggressive,random_n6,random_traders,7,True
seconds,600.0,1.3513931300733932,0.8323622616802872,0.7158088135184695,1.6235636720787174,1.8879246868039914,0.0797262153310773,42688,43003,stress,aggressive,random_n6,random_traders,7,True
z,1.0,1.6232496977684954,1.0,0.8598352067310926,1.6232496977684954,1.8878614007208887,0.018010709599595907,42934,43003,stress,aggressive,random_n6,random_traders,7,True
z,1.0833333333333333,2.0002504692288436,1.2322506340081976,1.0595324786369587,1.6232496977684954,1.8878614007208887,0.019841611945054974,42934,43003,stress,aggressive,random_n6,random_traders,7,True
z,1.1666666666666667,1.9659035254379256,1.2110912622626582,1.0413389058578326,1.6232496977684954,1.8878614007208887,0.020587737847895214,42934,43003,stress,aggressive,random_n6,random_traders,7,True
z,1.25,1.9232798820578247,1.1848330449109494,1.0187611661128362,1.6232496977684954,1.8878614007208887,0.021118467374299402,42934,43003,stress,aggressive,random_n6,random_traders,7,True
z,1.3333333333333333,1.8867515557705128,1.1623298364781816,0.9994121152379343,1.6232496977684954,1.8878614007208887,0.021744459960900093,42934,43003,stress,aggressive,random_n6,random_traders,7,True
z,1.4166666666666665,1.8457487819857188,1.1370701528687153,0.9776929499596267,1.6232496977684954,1.8878614007208887,0.022382059073095074,42934,43003,stress,aggressive,random_n6,random_traders,7,True
z,1.5,1.8212333612150584,1.1219674728532116,0.9647071339663028,1.6232496977684954,1.8878614007208887,0.022982012443299542,42934,43003,stress,aggressive,random_n6,random_traders,7,True
z,1.5833333333333333,1.7959445913741787,1.1063883725609742,0.9513116750458422,1.6232496977684954,1.8878614007208887,0.023575403913997855,42934,43003,stress,aggressive,random_n6,random_traders,7,True
z,1.6666666666666665,1.7691272848453456,1.0898676200447721,0.9371065503907204,1.6232496977684954,1.8878614007208887,0.024101969541246167,42934,43003,stress,aggressive,random_n6,random_traders,7,True
z,1.75,1.7553877939442735,1.0814034318672168,0.9298287433992615,1.6232496977684954,1.8878614007208887,0.024758546662160538,42934,43003,stress,aggressive,random_n6,random_traders,7,True
z,1.8333333333333333,1.7354161313453635,1.0690999257422102,0.919249755666749,1.6232496977684954,1.8878614007208887,0.02532455243874886,42934,43003,stress,aggressive,random_n6,random_traders,7,True
z,1.9166666666666665,1.7219516408501654,1.0608051510604666,0.9121176163634842,1.6232496977684954,1.8878614007208887,0.025887767712802386,42934,43003,stress,aggressive,random_n6,random_traders,7,True
z,2.0,1.7065067001195016,1.0512903236424198,0.9039364327634772,1.6232496977684954,1.8878614007208887,0.026419713857277167,42934,43003,stress,aggressive,random_n6,random_traders,7,True
z,2.083333333333333,1.6942807123302737,1.0437585262818319,0.8974603282228795,1.6232496977684954,1.8878614007208887,0.02695274038706126,42934,43003,stress,aggressive,random_n6,random_traders,7,True
z,2.1666666666666665,1.6816623912260775,1.0359850327019207,0.8907764047635737,1.6232496977684954,1.8878614007208887,0.027383408495526056,42934,43003,stress,aggressive,random_n6,random_traders,7,True
z,2.25,1.6660785345506992,1.0263846263708418,0.882521637401188,1.6232496977684954,1.8878614007208887,0.027815742974759448,42934,43003,stress,aggressive,random_n6,random_traders,7,True
z,2.333333333333333,1.652921978556357,1.018279554173737,0.8755526109730201,1.6232496977684954,1.8878614007208887,0.02825736102964744,42934,43003,stress,aggressive,random_n6,random_traders,7,True
z,2.4166666666666665,1.6471245845074263,1.0147080801997082,0.872481731910226,1.6232496977684954,1.8878614007208887,0.028767583444534162,42934,43003,stress,aggressive,random_n6,random_traders,7,True
z,2.5,1.642759688571861,1.01201909406186,0.8701696469584925,1.6232496977684954,1.8878614007208887,0.029275561689442234,42934,43003,stress,aggressive,random_n6,random_traders,7,True
z,2.583333333333333,1.626868794664485,1.0022295380069777,0.861752242004237,1.6232496977684954,1.8878614007208887,0.029702903811369787,42934,43003,stress,aggressive,random_n6,random_traders,7,True
z,2.6666666666666665,1.6140215981730097,0.9943150461643876,0.8549470832745921,1.6232496977684954,1.8878614007208887,0.030225291692329553,42934,43003,stress,aggressive,random_n6,random_traders,7,True
z,2.75,1.608089526992208,0.9906606045902068,0.8518048657481696,1.6232496977684954,1.8878614007208887,0.030661259030415142,42934,43003,stress,aggressive,random_n6,random_traders,7,True
z,2.833333333333333,1.5970551142007592,0.9838628748221877,0.8459599383677828,1.6232496977684954,1.8878614007208887,0.03106909774958411,42934,43003,stress,aggressive,random_n6,random_traders,7,True
z,2.9166666666666665,1.5969291365601568,0.983785266527681,0.8458932080238316,1.6232496977684954,1.8878614007208887,0.03148502149766523,42934,43003,stress,aggressive,random_n6,random_traders,7,True
z,3.0,1.5960759658895465,0.983259672300383,0.8454412836027462,1.6232496977684954,1.8878614007208887,0.031879054331246943,42934,43003,stress,aggressive,random_n6,random_traders,7,True
seconds,0.1,1.9440169012633208,1.2138779923767617,1.0419982745907825,1.6014928299811695,1.8656623035453515,0.018698430884045106,42738,43047,stress,aggressive,random_n6,random_traders,23,True
seconds,1.0,2.037210100355614,1.272069448090859,1.0919500793280044,1.6014928299811695,1.8656623035453515,0.019622318844839927,42738,43047,stress,aggressive,random_n6,random_traders,23,True
seconds,5.0,2.000686044045856,1.2492631915619503,1.0723730871572612,1.6014928299811695,1.8656623035453515,0.02110261334230224,42738,43047,stress,aggressive,random_n6,random_traders,23,True
seconds,15.0,1.8085275089020891,1.1292760573416705,0.9693755967868954,1.6014928299811695,1.8656623035453515,0.023519689593248693,42738,43047,stress,aggressive,random_n6,random_traders,23,True
seconds,30.0,1.6279368056938452,1.0165120787415494,0.8725784953687749,1.6014928299811695,1.8656623035453515,0.02658305555400993,42738,43047,stress,aggressive,random_n6,random_traders,23,True
seconds,60.0,1.4842490058556472,0.9267909153693178,0.795561449162103,1.6014928299811695,1.8656623035453515,0.031982917956639045,42738,43047,stress,aggressive,random_n6,random_traders,23,True
seconds,180.0,1.3552788888081115,0.8462597293202038,0.7264331204166213,1.6014928299811695,1.8656623035453515,0.047680612960639385,42738,43047,stress,aggressive,random_n6,random_traders,23,True
seconds,600.0,1.3342205071994873,0.8331105092835009,0.7151457713778341,1.6014928299811695,1.8656623035453515,0.07975522316880562,42738,43047,stress,aggressive,random_n6,random_traders,23,True
z,1.0,1.602043298558105,1.0,0.8582492843535272,1.602043298558105,1.8666409955294487,0.017928868183697245,42987,43047,stress,aggressive,random_n6,random_traders,23,True
z,1.0833333333333333,1.9884025293277228,1.2411665347106127,1.0652302901789308,1.602043298558105,1.8666409955294487,0.019826975053354744,42987,43047,stress,aggressive,random_n6,random_traders,23,True
z,1.1666666666666667,1.9523238302411057,1.2186461077539323,1.0459021498600238,1.602043298558105,1.8666409955294487,0.020444876254154906,42987,43047,stress,aggressive,random_n6,random_traders,23,True
z,1.25,1.906636467384831,1.1901279254442565,1.021426440301681,1.602043298558105,1.8666409955294487,0.02110057114908385,42987,43047,stress,aggressive,random_n6,random_traders,23,True
z,1.3333333333333333,1.863747534794531,1.163356531294734,0.9984499104317073,1.602043298558105,1.8666409955294487,0.021710148541664774,42987,43047,stress,aggressive,random_n6,random_traders,23,True
z,1.4166666666666665,1.8284599311864005,1.1413299083939106,0.9795455770903506,1.602043298558105,1.8666409955294487,0.022275949790611548,42987,43047,stress,aggressive,random_n6,random_traders,23,True
z,1.5,1.7975277307948856,1.1220219406134175,0.9629745275604215,1.602043298558105,1.8666409955294487,0.02291931324605109,42987,43047,stress,aggressive,random_n6,random_traders,23,True
z,1.5833333333333333,1.7738193489584488,1.1072231009954276,0.950273434049019,1.602043298558105,1.8666409955294487,0.023538134299243854,42987,43047,stress,aggressive,random_n6,random_traders,23,True
z,1.6666666666666665,1.753798892647559,1.0947262750176847,0.9395480420969307,1.602043298558105,1.8666409955294487,0.02414842506312868,42987,43047,stress,aggressive,random_n6,random_traders,23,True
z,1.75,1.7297986928852072,1.0797452818173432,0.9266906154038324,1.602043298558105,1.8666409955294487,0.02470041261608644,42987,43047,stress,aggressive,random_n6,random_traders,23,True
z,1.8333333333333333,1.710400781311443,1.067637050041571,0.9162987341474893,1.602043298558105,1.8666409955294487,0.02528598897141501,42987,43047,stress,aggressive,random_n6,random_traders,23,True
z,1.9166666666666665,1.6930438584065926,1.0568028092189463,0.9070002547149579,1.602043298558105,1.8666409955294487,0.025933139174332553,42987,43047,stress,aggressive,random_n6,random_traders,23,True
z,2.0,1.6800207236345088,1.048673731319613,0.900023479425401,1.602043298558105,1.8666409955294487,0.026432476446980598,42987,43047,stress,aggressive,random_n6,random_traders,23,True
z,2.083333333333333,1.6668839091112757,1.040473694195113,0.8929858034316264,1.602043298558105,1.8666409955294487,0.026931007814551804,42987,43047,stress,aggressive,random_n6,random_traders,23,True
z,2.1666666666666665,1.6533861493696462,1.0320483540349699,0.8857547612687486,1.602043298558105,1.8666409955294487,0.027532663401085195,42987,43047,stress,aggressive,random_n6,random_traders,23,True
z,2.25,1.6422491019351089,1.0250965772355782,0.8797884038056852,1.602043298558105,1.8666409955294487,0.028107748117897454,42987,43047,stress,aggressive,random_n6,random_traders,23,True
z,2.333333333333333,1.6358092682768821,1.021076814683578,0.8763384454721599,1.602043298558105,1.8666409955294487,0.02857831293152232,42987,43047,stress,aggressive,random_n6,random_traders,23,True
z,2.4166666666666665,1.6255283510862035,1.0146594368262305,0.8708307355186653,1.602043298558105,1.8666409955294487,0.029041884388460094,42987,43047,stress,aggressive,random_n6,random_traders,23,True
z,2.5,1.6206258933696904,1.0115993087254946,0.8682043827661787,1.602043298558105,1.8666409955294487,0.029427614797954072,42987,43047,stress,aggressive,random_n6,random_traders,23,True
z,2.583333333333333,1.6068155782617954,1.002978870613538,0.8608058979257781,1.602043298558105,1.8666409955294487,0.029879944997255183,42987,43047,stress,aggressive,random_n6,random_traders,23,True
z,2.6666666666666665,1.601935724217028,0.9999328517892283,0.8581916544496868,1.602043298558105,1.8666409955294487,0.030231380306497288,42987,43047,stress,aggressive,random_n6,random_traders,23,True
z,2.75,1.5884236408091328,0.9914985707557152,0.8509529387886378,1.602043298558105,1.8666409955294487,0.030607139153846098,42987,43047,stress,aggressive,random_n6,random_traders,23,True
z,2.833333333333333,1.5889695039000413,0.9918393000552291,0.8512453694661037,1.602043298558105,1.8666409955294487,0.03113209123552115,42987,43047,stress,aggressive,random_n6,random_traders,23,True
z,2.9166666666666665,1.5807531665452954,0.9867106388248236,0.8468436996354165,1.602043298558105,1.8666409955294487,0.03157444733559604,42987,43047,stress,aggressive,random_n6,random_traders,23,True
z,3.0,1.5781942366226334,0.9851133474626206,0.8454728254669017,1.602043298558105,1.8666409955294487,0.03201897760800349,42987,43047,stress,aggressive,random_n6,random_traders,23,True
seconds,0.1,1.949432100116301,1.2159519111897585,1.0401163632672306,1.6032148000070683,1.8742442374358126,0.01866748440109651,42841,43140,stress,aggressive,random_n6,random_traders,71,True
seconds,1.0,2.0470365950126386,1.2768323963848223,1.0921930846180572,1.6032148000070683,1.8742442374358126,0.019559956982563534,42841,43140,stress,aggressive,random_n6,random_traders,71,True
seconds,5.0,2.0119507872144817,1.2549477382604075,1.0734731082684656,1.6032148000070683,1.8742442374358126,0.021025302344736433,42841,43140,stress,aggressive,random_n6,random_traders,71,True
seconds,15.0,1.820744783222716,1.1356836172013187,0.9714554522060102,1.6032148000070683,1.8742442374358126,0.0233757308377314,42841,43140,stress,aggressive,random_n6,random_traders,71,True
seconds,30.0,1.6401334069556326,1.0230278606138126,0.87509054273499,1.6032148000070683,1.8742442374358126,0.02655994837616455,42841,43140,stress,aggressive,random_n6,random_traders,71,True
seconds,60.0,1.5237959773035854,0.9504627684929475,0.8130188941588095,1.6032148000070683,1.8742442374358126,0.03183343572018257,42841,43140,stress,aggressive,random_n6,random_traders,71,True
seconds,180.0,1.4020463373922287,0.8745218278836044,0.7480595694990071,1.6032148000070683,1.8742442374358126,0.04710991285346503,42841,43140,stress,aggressive,random_n6,random_traders,71,True
seconds,600.0,1.3985642795734652,0.8723499056815713,0.7462017231472811,1.6032148000070683,1.8742442374358126,0.07951956549275387,42841,43140,stress,aggressive,random_n6,random_traders,71,True
z,1.0,1.6049479091315892,1.0,0.8554983422982824,1.6049479091315892,1.8760385961940298,0.01789743438017948,43068,43140,stress,aggressive,random_n6,random_traders,71,True
z,1.0833333333333333,1.9899124133400985,1.2398610584294958,1.0606990801666274,1.6049479091315892,1.8760385961940298,0.01968222865251887,43068,43140,stress,aggressive,random_n6,random_traders,71,True
z,1.1666666666666667,1.9546032773476498,1.2178608827281212,1.0418779663238307,1.6049479091315892,1.8760385961940298,0.02045353134093402,43068,43140,stress,aggressive,random_n6,random_traders,71,True
z,1.25,1.9106276314741315,1.190460837142023,1.0184372727460262,1.6049479091315892,1.8760385961940298,0.02115053871209845,43068,43140,stress,aggressive,random_n6,random_traders,71,True
z,1.3333333333333333,1.8719779348670296,1.1663792477102424,0.99783551290723,1.6049479091315892,1.8760385961940298,0.02176932776444713,43068,43140,stress,aggressive,random_n6,random_traders,71,True
z,1.4166666666666665,1.839136884149622,1.1459168697535789,0.9803299824858235,1.6049479091315892,1.8760385961940298,0.02250586524804644,43068,43140,stress,aggressive,random_n6,random_traders,71,True
z,1.5,1.8126955825185893,1.1294420038214255,0.9662357619912798,1.6049479091315892,1.8760385961940298,0.02309754563302468,43068,43140,stress,aggressive,random_n6,random_traders,71,True
z,1.5833333333333333,1.7869097246080858,1.1133755272935637,0.9524909179551199,1.6049479091315892,1.8760385961940298,0.02365833832432164,43068,43140,stress,aggressive,random_n6,random_traders,71,True
z,1.6666666666666665,1.7644091829218542,1.0993560431980294,0.9404972725515129,1.6049479091315892,1.8760385961940298,0.024199233907452256,43068,43140,stress,aggressive,random_n6,random_traders,71,True
z,1.75,1.7437213361638484,1.086466000698644,0.9294698625611344,1.6049479091315892,1.8760385961940298,0.024601823596758013,43068,43140,stress,aggressive,random_n6,random_traders,71,True
z,1.8333333333333333,1.7293505143407466,1.0775119270235192,0.9218096673752484,1.6049479091315892,1.8760385961940298,0.025145418489171012,43068,43140,stress,aggressive,random_n6,random_traders,71,True
z,1.9166666666666665,1.7111002108550581,1.0661406523660362,0.9120815607559533,1.6049479091315892,1.8760385961940298,0.025721718555615825,43068,43140,stress,aggressive,random_n6,random_traders,71,True
z,2.0,1.694627773562976,1.0558771184542126,0.903301124508266,1.6049479091315892,1.8760385961940298,0.026181775720408664,43068,43140,stress,aggressive,random_n6,random_traders,71,True
z,2.083333333333333,1.684107181971012,1.0493220199789877,0.8976932486291092,1.6049479091315892,1.8760385961940298,0.02672902813846871,43068,43140,stress,aggressive,random_n6,random_traders,71,True
z,2.1666666666666665,1.6659844545659281,1.0380302345559393,0.8880331449181034,1.6049479091315892,1.8760385961940298,0.027213394211247414,43068,43140,stress,aggressive,random_n6,random_traders,71,True
z,2.25,1.655176521220477,1.0312961011401707,0.8822721049440978,1.6049479091315892,1.8760385961940298,0.02775306508869427,43068,43140,stress,aggressive,random_n6,random_traders,71,True
z,2.333333333333333,1.6435499660744586,1.0240519064346183,0.8760747083822118,1.6049479091315892,1.8760385961940298,0.028189548836229976,43068,43140,stress,aggressive,random_n6,random_traders,71,True
z,2.4166666666666665,1.6312018019594556,1.0163580965329098,0.8694926667653421,1.6049479091315892,1.8760385961940298,0.028716638739662858,43068,43140,stress,aggressive,random_n6,random_traders,71,True
z,2.5,1.6244311662383089,1.0121394949928697,0.8658836601410207,1.6049479091315892,1.8760385961940298,0.029186858436182975,43068,43140,stress,aggressive,random_n6,random_traders,71,True
z,2.583333333333333,1.612480563969939,1.0046933952158146,0.8595135341251625,1.6049479091315892,1.8760385961940298,0.0296202502420199,43068,43140,stress,aggressive,random_n6,random_traders,71,True
z,2.6666666666666665,1.6037167371608294,0.9992328897631163,0.8548420807622684,1.6049479091315892,1.8760385961940298,0.030059264014127368,43068,43140,stress,aggressive,random_n6,random_traders,71,True
z,2.75,1.5940453602379792,0.9932069141736137,0.849686868634719,1.6049479091315892,1.8760385961940298,0.030565876141751908,43068,43140,stress,aggressive,random_n6,random_traders,71,True
z,2.833333333333333,1.5895800992533096,0.9904247298053461,0.8473067145196979,1.6049479091315892,1.8760385961940298,0.031070309637639064,43068,43140,stress,aggressive,random_n6,random_traders,71,True
z,2.9166666666666665,1.5903890368880773,0.9909287571511343,0.8477379090784926,1.6049479091315892,1.8760385961940298,0.03165548117837822,43068,43140,stress,aggressive,random_n6,random_traders,71,True
z,3.0,1.5907422527548702,0.9911488364850387,0.8479261865838219,1.6049479091315892,1.8760385961940298,0.03215500935813214,43068,43140,stress,aggressive,random_n6,random_traders,71,True
seconds,0.1,2.507784458662513,1.162690935951012,1.0397603421020427,2.156879684119404,2.411887006185121,0.032059145109093,44613,44963,stress,aggressive,random_n20,random_traders,7,False
seconds,1.0,2.649880150311867,1.2285711483224167,1.0986750803484693,2.156879684119404,2.411887006185121,0.03296307533328133,44613,44963,stress,aggressive,random_n20,random_traders,7,False
seconds,5.0,2.7021014289352143,1.2527826419017016,1.1203267076798615,2.156879684119404,2.411887006185121,0.033983212281261006,44613,44963,stress,aggressive,random_n20,random_traders,7,False
seconds,15.0,2.5863227794440795,1.1991038714336102,1.0723233604275946,2.156879684119404,2.411887006185121,0.03524664110899487,44613,44963,stress,aggressive,random_n20,random_traders,7,False
seconds,30.0,2.4074240603033665,1.116160571231053,0.9981496040775089,2.156879684119404,2.411887006185121,0.03718472626459552,44613,44963,stress,aggressive,random_n20,random_traders,7,False
seconds,60.0,2.1939283682835344,1.0171769823031445,0.9096314888124334,2.156879684119404,2.411887006185121,0.04096484785070592,44613,44963,stress,aggressive,random_n20,random_traders,7,False
seconds,180.0,1.8484859401745921,0.8570185689005084,0.7664065254442994,2.156879684119404,2.411887006185121,0.05384253977840803,44613,44963,stress,aggressive,random_n20,random_traders,7,False
seconds,600.0,1.7258643806662124,0.8001672014314681,0.7155660179106028,2.156879684119404,2.411887006185121,0.08371728363659149,44613,44963,stress,aggressive,random_n20,random_traders,7,False
z,1.0,2.153736445112998,1.0,0.894015118986452,2.153736445112998,2.4090604279206107,0.031433193148930075,44732,44963,stress,aggressive,random_n20,random_traders,7,False
z,1.0833333333333333,2.6019100388795517,1.2080911964801895,1.080051794767722,2.153736445112998,2.4090604279206107,0.03398833217984378,44732,44963,stress,aggressive,random_n20,random_traders,7,False
z,1.1666666666666667,2.537039946050465,1.177971404907603,1.053124245721109,2.153736445112998,2.4090604279206107,0.035094875358546246,44732,44963,stress,aggressive,random_n20,random_traders,7,False
z,1.25,2.4602609327225116,1.1423221900270306,1.0212533086378803,2.153736445112998,2.4090604279206107,0.03631157288185745,44732,44963,stress,aggressive,random_n20,random_traders,7,False
z,1.3333333333333333,2.4019118274628064,1.1152301540482998,0.99703261886877,2.153736445112998,2.4090604279206107,0.03749701256450989,44732,44963,stress,aggressive,random_n20,random_traders,7,False
z,1.4166666666666665,2.347747147168452,1.0900809857657747,0.9745488821942581,2.153736445112998,2.4090604279206107,0.03841138039429887,44732,44963,stress,aggressive,random_n20,random_traders,7,False
z,1.5,2.2984764739603465,1.0672041508030268,0.9540966458630035,2.153736445112998,2.4090604279206107,0.03924673588764745,44732,44963,stress,aggressive,random_n20,random_traders,7,False
z,1.5833333333333333,2.263615851758167,1.051018037464377,0.9396260158206223,2.153736445112998,2.4090604279206107,0.04020804976688319,44732,44963,stress,aggressive,random_n20,random_traders,7,False
z,1.6666666666666665,2.2390131434304386,1.0395947695972458,0.929413441639175,2.153736445112998,2.4090604279206107,0.04120931426524123,44732,44963,stress,aggressive,random_n20,random_traders,7,False
z,1.75,2.206282152696855,1.0243974640922697,0.9158268207498703,2.153736445112998,2.4090604279206107,0.04214161061418847,44732,44963,stress,aggressive,random_n20,random_traders,7,False
z,1.8333333333333333,2.179357669118859,1.0118961742343162,0.9046504786100279,2.153736445112998,2.4090604279206107,0.04319508488652773,44732,44963,stress,aggressive,random_n20,random_traders,7,False
z,1.9166666666666665,2.162073353629089,1.0038709046944942,0.8974757663074855,2.153736445112998,2.4090604279206107,0.044139606733128396,44732,44963,stress,aggressive,random_n20,random_traders,7,False
z,2.0,2.1589086062071594,1.0024014828304073,0.8961620809448226,2.153736445112998,2.4090604279206107,0.045158484188726984,44732,44963,stress,aggressive,random_n20,random_traders,7,False
z,2.083333333333333,2.1562519250597396,1.0011679608953312,0.8950592936852632,2.153736445112998,2.4090604279206107,0.04627888567598611,44732,44963,stress,aggressive,random_n20,random_traders,7,False
z,2.1666666666666665,2.148182268510927,0.9974211437919093,0.8917095825467269,2.153736445112998,2.4090604279206107,0.04703832762087001,44732,44963,stress,aggressive,random_n20,random_traders,7,False
z,2.25,2.1355780330795424,0.9915688792495209,0.8864775695655233,2.153736445112998,2.4090604279206107,0.04779564647513423,44732,44963,stress,aggressive,random_n20,random_traders,7,False
z,2.333333333333333,2.1113601565928732,0.9803242924099279,0.8764247389241712,2.153736445112998,2.4090604279206107,0.04891849715051944,44732,44963,stress,aggressive,random_n20,random_traders,7,False
z,2.4166666666666665,2.104380951540711,0.9770837821478675,0.8735276737566584,2.153736445112998,2.4090604279206107,0.049834334752401475,44732,44963,stress,aggressive,random_n20,random_traders,7,False
z,2.5,2.0950819821224202,0.9727661835673211,0.8696676753479355,2.153736445112998,2.4090604279206107,0.05053973072982131,44732,44963,stress,aggressive,random_n20,random_traders,7,False
z,2.583333333333333,2.0790904559799883,0.9653411682277154,0.8630295993756216,2.153736445112998,2.4090604279206107,0.05146466181436697,44732,44963,stress,aggressive,random_n20,random_traders,7,False
z,2.6666666666666665,2.067649598109667,0.9600290707813071,0.8582805039450032,2.153736445112998,2.4090604279206107,0.052317997109559485,44732,44963,stress,aggressive,random_n20,random_traders,7,False
z,2.75,2.0425079256489567,0.9483555568201356,0.8478442059720166,2.153736445112998,2.4090604279206107,0.05316322120009181,44732,44963,stress,aggressive,random_n20,random_traders,7,False
z,2.833333333333333,2.030618525725287,0.9428351970980129,0.8429089209181949,2.153736445112998,2.4090604279206107,0.054039678816499945,44732,44963,stress,aggressive,random_n20,random_traders,7,False
z,2.9166666666666665,2.014105812975616,0.9351681899360458,0.8360545005980189,2.153736445112998,2.4090604279206107,0.05474412921753916,44732,44963,stress,aggressive,random_n20,random_traders,7,False
z,3.0,2.0052917514677673,0.9310757386392083,0.8323957872649306,2.153736445112998,2.4090604279206107,0.05555004857970713,44732,44963,stress,aggressive,random_n20,random_traders,7,False
seconds,0.1,2.5031117071150573,1.1651650121385644,1.0416436375620066,2.1482894534575854,2.4030403651038026,0.03198260079657614,44716,45061,stress,aggressive,random_n20,random_traders,23,False
seconds,1.0,2.6517163926455627,1.2343385051663927,1.103483916106011,2.1482894534575854,2.4030403651038026,0.03287020741131813,44716,45061,stress,aggressive,random_n20,random_traders,23,False
seconds,5.0,2.7036105646708477,1.2584945479853729,1.125079130559699,2.1482894534575854,2.4030403651038026,0.03402984767077086,44716,45061,stress,aggressive,random_n20,random_traders,23,False
seconds,15.0,2.6152848283526313,1.2173800993825277,1.0883233033997166,2.1482894534575854,2.4030403651038026,0.03528377722335181,44716,45061,stress,aggressive,random_n20,random_traders,23,False
seconds,30.0,2.436841922051366,1.134317313772298,1.0140661627821235,2.1482894534575854,2.4030403651038026,0.037357683016300804,44716,45061,stress,aggressive,random_n20,random_traders,23,False
seconds,60.0,2.191819947419256,1.0202628625726435,0.9121028424025568,2.1482894534575854,2.4030403651038026,0.04095719943626806,44716,45061,stress,aggressive,random_n20,random_traders,23,False
seconds,180.0,1.8042753544788983,0.8398660392690518,0.7508302318512907,2.1482894534575854,2.4030403651038026,0.05388252027207757,44716,45061,stress,aggressive,random_n20,random_traders,23,False
seconds,600.0,1.7387267375707829,0.8093540350311603,0.7235528636222789,2.1482894534575854,2.4030403651038026,0.08384359312178295,44716,45061,stress,aggressive,random_n20,random_traders,23,False
z,1.0,2.142182204630392,1.0,0.8936415866092485,2.142182204630392,2.397137998868754,0.03131571288494716,44830,45061,stress,aggressive,random_n20,random_traders,23,False
z,1.0833333333333333,2.628585618852187,1.2270597772544365,1.0965516462100457,2.142182204630392,2.397137998868754,0.03401171593512995,44830,45061,stress,aggressive,random_n20,random_traders,23,False
z,1.1666666666666667,2.5599410171865045,1.1950155367984636,1.067915580327282,2.142182204630392,2.397137998868754,0.035107798731745465,44830,45061,stress,aggressive,random_n20,random_traders,23,False
z,1.25,2.4728490737318185,1.154359824475565,1.0315839450623177,2.142182204630392,2.397137998868754,0.03619244610128689,44830,45061,stress,aggressive,random_n20,random_traders,23,False
z,1.3333333333333333,2.4114484275597587,1.1256971616827642,1.005969797607713,2.142182204630392,2.397137998868754,0.03729114377062701,44830,45061,stress,aggressive,random_n20,random_traders,23,False
z,1.4166666666666665,2.358019878961371,1.1007559832513027,0.9836813233423176,2.142182204630392,2.397137998868754,0.03830472625259864,44830,45061,stress,aggressive,random_n20,random_traders,23,False
z,1.5,2.321255086450552,1.0835936744470607,0.9683443704726169,2.142182204630392,2.397137998868754,0.039276892974253824,44830,45061,stress,aggressive,random_n20,random_traders,23,False
z,1.5833333333333333,2.2883227843109144,1.0682204246513836,0.9546061951338676,2.142182204630392,2.397137998868754,0.04028957480503775,44830,45061,stress,aggressive,random_n20,random_traders,23,False
z,1.6666666666666665,2.247323817060394,1.0490815450724664,0.9375028964210408,2.142182204630392,2.397137998868754,0.041318041471201064,44830,45061,stress,aggressive,random_n20,random_traders,23,False
z,1.75,2.232277181278778,1.0420575693578458,0.9312259796191225,2.142182204630392,2.397137998868754,0.042283370917679336,44830,45061,stress,aggressive,random_n20,random_traders,23,False
z,1.8333333333333333,2.2075969511867153,1.0305364998434434,0.9209302727788363,2.142182204630392,2.397137998868754,0.043319879730216164,44830,45061,stress,aggressive,random_n20,random_traders,23,False
z,1.9166666666666665,2.1802215098980766,1.0177572688193661,0.9095102204908339,2.142182204630392,2.397137998868754,0.04438413086001647,44830,45061,stress,aggressive,random_n20,random_traders,23,False
z,2.0,2.1631922254064277,1.0098077655255568,0.9024062137545987,2.142182204630392,2.397137998868754,0.04529379878146446,44830,45061,stress,aggressive,random_n20,random_traders,23,False
z,2.083333333333333,2.140197958124133,0.9990737265476437,0.8928138301316508,2.142182204630392,2.397137998868754,0.04617612469749607,44830,45061,stress,aggressive,random_n20,random_traders,23,False
z,2.1666666666666665,2.1193413145741484,0.9893375596124024,0.8841131864641494,2.142182204630392,2.397137998868754,0.04701008971755116,44830,45061,stress,aggressive,random_n20,random_traders,23,False
z,2.25,2.094435257871949,0.9777110711426709,0.8737232728613643,2.142182204630392,2.397137998868754,0.04776422708806189,44830,45061,stress,aggressive,random_n20,random_traders,23,False
z,2.333333333333333,2.0819094655361714,0.9718638596829254,0.8684979615352376,2.142182204630392,2.397137998868754,0.048595305302273774,44830,45061,stress,aggressive,random_n20,random_traders,23,False
z,2.4166666666666665,2.0656285837821358,0.9642637210397961,0.8617061615797412,2.142182204630392,2.397137998868754,0.04948994568492241,44830,45061,stress,aggressive,random_n20,random_traders,23,False
z,2.5,2.0527039191425245,0.9582303105242599,0.8563144550339726,2.142182204630392,2.397137998868754,0.0502990405002355,44830,45061,stress,aggressive,random_n20,random_traders,23,False
z,2.583333333333333,2.0453331394895287,0.9547895296060618,0.8532396301150592,2.142182204630392,2.397137998868754,0.05117101628152587,44830,45061,stress,aggressive,random_n20,random_traders,23,False
z,2.6666666666666665,2.0521689541860857,0.9579805815538286,0.856091286840614,2.142182204630392,2.397137998868754,0.052050421219075355,44830,45061,stress,aggressive,random_n20,random_traders,23,False
z,2.75,2.038920506355815,0.9517960246092169,0.850564509560156,2.142182204630392,2.397137998868754,0.052788410206700456,44830,45061,stress,aggressive,random_n20,random_traders,23,False
z,2.833333333333333,2.0173783133068826,0.9417398337761642,0.8415778792288614,2.142182204630392,2.397137998868754,0.053634342226597596,44830,45061,stress,aggressive,random_n20,random_traders,23,False
z,2.9166666666666665,2.0075587034006506,0.9371559053479444,0.8374814901553638,2.142182204630392,2.397137998868754,0.05463248044251796,44830,45061,stress,aggressive,random_n20,random_traders,23,False
z,3.0,2.002448570905064,0.9347704254926169,0.8353497261526246,2.142182204630392,2.397137998868754,0.05542609300058338,44830,45061,stress,aggressive,random_n20,random_traders,23,False
seconds,0.1,2.520970857397469,1.1607449590931036,1.0402671973175421,2.17185595995792,2.4233878218001155,0.031827328355433775,44854,45208,stress,aggressive,random_n20,random_traders,71,False
seconds,1.0,2.6645390038556593,1.2268488578346075,1.0995099421917596,2.17185595995792,2.4233878218001155,0.03274541238627863,44854,45208,stress,aggressive,random_n20,random_traders,71,False
seconds,5.0,2.713680186080367,1.2494752120361357,1.119787828290983,2.17185595995792,2.4233878218001155,0.0338213125190845,44854,45208,stress,aggressive,random_n20,random_traders,71,False
seconds,15.0,2.617804143207608,1.2053304599713548,1.0802250137838352,2.17185595995792,2.4233878218001155,0.03510531343214276,44854,45208,stress,aggressive,random_n20,random_traders,71,False
seconds,30.0,2.427199527749038,1.1175692921164373,1.0015728831822268,2.17185595995792,2.4233878218001155,0.03717495394886196,44854,45208,stress,aggressive,random_n20,random_traders,71,False
seconds,60.0,2.1899278555925292,1.0083209457568996,0.9036638031653679,2.17185595995792,2.4233878218001155,0.04099404359791328,44854,45208,stress,aggressive,random_n20,random_traders,71,False
seconds,180.0,1.8393849125192543,0.8469184634854388,0.759013846637614,2.17185595995792,2.4233878218001155,0.05353317843534533,44854,45208,stress,aggressive,random_n20,random_traders,71,False
seconds,600.0,1.7664157530186133,0.813320858098176,0.7289034537222783,2.17185595995792,2.4233878218001155,0.08345871492970343,44854,45208,stress,aggressive,random_n20,random_traders,71,False
z,1.0,2.167921067987302,1.0,0.8960373028667543,2.167921067987302,2.4194540350622926,0.031206477994923373,44963,45208,stress,aggressive,random_n20,random_traders,71,False
z,1.0833333333333333,2.6148969358868026,1.2061771872139573,1.0807797536106025,2.167921067987302,2.4194540350622926,0.0337976180077521,44963,45208,stress,aggressive,random_n20,random_traders,71,False
z,1.1666666666666667,2.5403972127362846,1.171812595139725,1.049987797214291,2.167921067987302,2.4194540350622926,0.03499525879976094,44963,45208,stress,aggressive,random_n20,random_traders,71,False
z,1.25,2.478328981747699,1.143182294938708,1.0243339802419063,2.167921067987302,2.4194540350622926,0.03614941744707942,44963,45208,stress,aggressive,random_n20,random_traders,71,False
z,1.3333333333333333,2.421192351400672,1.1168268011014382,1.0007184746282376,2.167921067987302,2.4194540350622926,0.037293269374607925,44963,45208,stress,aggressive,random_n20,random_traders,71,False
z,1.4166666666666665,2.361294528191484,1.0891976479492906,0.975961722757295,2.167921067987302,2.4194540350622926,0.038292854329488785,44963,45208,stress,aggressive,random_n20,random_traders,71,False
z,1.5,2.317036872440169,1.0687828568368063,0.9576693083902762,2.167921067987302,2.4194540350622926,0.03928675002299527,44963,45208,stress,aggressive,random_n20,random_traders,71,False
z,1.5833333333333333,2.2691094112289463,1.0466752893986069,0.9378601032900071,2.167921067987302,2.4194540350622926,0.040108003901217146,44963,45208,stress,aggressive,random_n20,random_traders,71,False
z,1.6666666666666665,2.2343990045399895,1.0306643712883907,0.9235137234101087,2.167921067987302,2.4194540350622926,0.0409943863263797,44963,45208,stress,aggressive,random_n20,random_traders,71,False
z,1.75,2.2009116353422455,1.0152176054018294,0.9096728449671,2.167921067987302,2.4194540350622926,0.04186805257834281,44963,45208,stress,aggressive,random_n20,random_traders,71,False
z,1.8333333333333333,2.1617838229400532,0.997169064345619,0.8935006789184134,2.167921067987302,2.4194540350622926,0.04269162128940756,44963,45208,stress,aggressive,random_n20,random_traders,71,False
z,1.9166666666666665,2.1226988260721686,0.9791402728711346,0.8773462092316693,2.167921067987302,2.4194540350622926,0.04359789568077657,44963,45208,stress,aggressive,random_n20,random_traders,71,False
z,2.0,2.097538801105351,0.96753467276957,0.8669471586185131,2.167921067987302,2.4194540350622926,0.04438417140973543,44963,45208,stress,aggressive,random_n20,random_traders,71,False
z,2.083333333333333,2.071986176249649,0.9557479775651061,0.8563858400377928,2.167921067987302,2.4194540350622926,0.045388884823032404,44963,45208,stress,aggressive,random_n20,random_traders,71,False
z,2.1666666666666665,2.0495924367888705,0.9454183858694228,0.847130140555078,2.167921067987302,2.4194540350622926,0.04634953924296608,44963,45208,stress,aggressive,random_n20,random_traders,71,False
z,2.25,2.0301844795737534,0.9364660501494072,0.8391085138021575,2.167921067987302,2.4194540350622926,0.04701160712348917,44963,45208,stress,aggressive,random_n20,random_traders,71,False
z,2.333333333333333,2.0149120501736477,0.9294213151608384,0.8327961684635892,2.167921067987302,2.4194540350622926,0.04794133942901456,44963,45208,stress,aggressive,random_n20,random_traders,71,False
z,2.4166666666666665,2.0114104473092196,0.9278061258829008,0.8313488986193667,2.167921067987302,2.4194540350622926,0.048773373710691445,44963,45208,stress,aggressive,random_n20,random_traders,71,False
z,2.5,2.0045705345853513,0.924651069721092,0.8285218506057465,2.167921067987302,2.4194540350622926,0.04975849619213444,44963,45208,stress,aggressive,random_n20,random_traders,71,False
z,2.583333333333333,2.0030763263754054,0.9239618341986322,0.8279042698671616,2.167921067987302,2.4194540350622926,0.05054763077881806,44963,45208,stress,aggressive,random_n20,random_traders,71,False
z,2.6666666666666665,2.0028895852315656,0.92387569584858,0.8278270866923074,2.167921067987302,2.4194540350622926,0.051360340698098673,44963,45208,stress,aggressive,random_n20,random_traders,71,False
z,2.75,1.9922083671681257,0.9189487553703658,0.8234123642348234,2.167921067987302,2.4194540350622926,0.05229914988014877,44963,45208,stress,aggressive,random_n20,random_traders,71,False
z,2.833333333333333,1.9776703115698513,0.9122427660181929,0.8174035476226491,2.167921067987302,2.4194540350622926,0.053143486979866296,44963,45208,stress,aggressive,random_n20,random_traders,71,False
z,2.9166666666666665,1.971403622699217,0.9093521216293489,0.8148134224209225,2.167921067987302,2.4194540350622926,0.05417760792043632,44963,45208,stress,aggressive,random_n20,random_traders,71,False
z,3.0,1.960102743437566,0.9041393491587427,0.8101425838359025,2.167921067987302,2.4194540350622926,0.055143307894146315,44963,45208,stress,aggressive,random_n20,random_traders,71,False
seconds,0.1,0.8147832941983846,1.6054585119532525,1.0641610422152312,0.5075081592778707,0.7656578862371012,0.023690043261263602,9918,9981,stress,aggressive,threshold_wait5s,time_threshold,7,True
seconds,1.0,0.8891340295099915,1.7519600685339387,1.1612680356232281,0.5075081592778707,0.7656578862371012,0.024906689794730246,9918,9981,stress,aggressive,threshold_wait5s,time_threshold,7,True
seconds,5.0,0.8999870151604442,1.7733449181211756,1.175442754966603,0.5075081592778707,0.7656578862371012,0.028244437043692554,9918,9981,stress,aggressive,threshold_wait5s,time_threshold,7,True
seconds,15.0,0.8676944777788403,1.709715325589003,1.1332665585712278,0.5075081592778707,0.7656578862371012,0.034958109084026766,9918,9981,stress,aggressive,threshold_wait5s,time_threshold,7,True
seconds,30.0,0.8700364102502668,1.7143298966626164,1.1363252777636026,0.5075081592778707,0.7656578862371012,0.04365089120801194,9918,9981,stress,aggressive,threshold_wait5s,time_threshold,7,True
seconds,60.0,0.8867561534558331,1.7472746738054248,1.1581623717269875,0.5075081592778707,0.7656578862371012,0.05690520886833151,9918,9981,stress,aggressive,threshold_wait5s,time_threshold,7,True
seconds,180.0,0.8449814771554964,1.6649613640848921,1.1036018727740644,0.5075081592778707,0.7656578862371012,0.08889677703930594,9918,9981,stress,aggressive,threshold_wait5s,time_threshold,7,True
seconds,600.0,0.6913850122865307,1.3623130971338409,0.9029946986955341,0.5075081592778707,0.7656578862371012,0.1592621104227455,9918,9981,stress,aggressive,threshold_wait5s,time_threshold,7,True
z,1.0,0.5083869433810076,1.0,0.6621340459960906,0.5083869433810076,0.7678006386398825,0.022045585552935457,9979,9981,stress,aggressive,threshold_wait5s,time_threshold,7,True
z,1.0833333333333333,0.8618491640323025,1.6952621920236741,1.1224908142288368,0.5083869433810076,0.7678006386398825,0.02446008550746402,9979,9981,stress,aggressive,threshold_wait5s,time_threshold,7,True
z,1.1666666666666667,0.8830404907106857,1.736945651747189,1.1500908520666828,0.5083869433810076,0.7678006386398825,0.025239927375961698,9979,9981,stress,aggressive,threshold_wait5s,time_threshold,7,True
z,1.25,0.8897555649957837,1.7501542409380122,1.1588367086695028,0.5083869433810076,0.7678006386398825,0.02572333937473484,9979,9981,stress,aggressive,threshold_wait5s,time_threshold,7,True
z,1.3333333333333333,0.8839301780925796,1.7386956718715791,1.1512495999722199,0.5083869433810076,0.7678006386398825,0.026588339388302924,9979,9981,stress,aggressive,threshold_wait5s,time_threshold,7,True
z,1.4166666666666665,0.88757771232861,1.745870392394047,1.1560002267006526,0.5083869433810076,0.7678006386398825,0.027266607366180994,9979,9981,stress,aggressive,threshold_wait5s,time_threshold,7,True
z,1.5,0.8873459598226056,1.7454145339007836,1.1556983872721065,0.5083869433810076,0.7678006386398825,0.027852650944613287,9979,9981,stress,aggressive,threshold_wait5s,time_threshold,7,True
z,1.5833333333333333,0.8931216578820594,1.7567753647298423,1.1632207801548282,0.5083869433810076,0.7678006386398825,0.02855805128319918,9979,9981,stress,aggressive,threshold_wait5s,time_threshold,7,True
z,1.6666666666666665,0.8940862749263132,1.7586727719249182,1.164477118057806,0.5083869433810076,0.7678006386398825,0.029181452132299796,9979,9981,stress,aggressive,threshold_wait5s,time_threshold,7,True
z,1.75,0.898896491260873,1.768134494727179,1.1707420468589604,0.5083869433810076,0.7678006386398825,0.029926341390338257,9979,9981,stress,aggressive,threshold_wait5s,time_threshold,7,True
z,1.8333333333333333,0.8969191537747871,1.764245060681262,1.1681667201575023,0.5083869433810076,0.7678006386398825,0.03084234373182314,9979,9981,stress,aggressive,threshold_wait5s,time_threshold,7,True
z,1.9166666666666665,0.9020300827585505,1.774298286969438,1.1748233035550064,0.5083869433810076,0.7678006386398825,0.03133667859349489,9979,9981,stress,aggressive,threshold_wait5s,time_threshold,7,True
z,2.0,0.9032828223792474,1.776762432905928,1.1764548984738594,0.5083869433810076,0.7678006386398825,0.031715877720739784,9979,9981,stress,aggressive,threshold_wait5s,time_threshold,7,True
z,2.083333333333333,0.8923536691343629,1.7552647265089056,1.162220535157563,0.5083869433810076,0.7678006386398825,0.03235016737992954,9979,9981,stress,aggressive,threshold_wait5s,time_threshold,7,True
z,2.1666666666666665,0.8903232488618685,1.7512708783211628,1.1595760722979187,0.5083869433810076,0.7678006386398825,0.032822430056532834,9979,9981,stress,aggressive,threshold_wait5s,time_threshold,7,True
z,2.25,0.8848239839547153,1.740453793069955,1.152413711874652,0.5083869433810076,0.7678006386398825,0.03303721986656828,9979,9981,stress,aggressive,threshold_wait5s,time_threshold,7,True
z,2.333333333333333,0.8870927999612835,1.7449165670182387,1.1553686664453948,0.5083869433810076,0.7678006386398825,0.033516696990437946,9979,9981,stress,aggressive,threshold_wait5s,time_threshold,7,True
z,2.4166666666666665,0.8936803244991463,1.7578742651330892,1.1639483995249769,0.5083869433810076,0.7678006386398825,0.03417645297559732,9979,9981,stress,aggressive,threshold_wait5s,time_threshold,7,True
z,2.5,0.8942734465372975,1.7590409395449194,1.164720894373642,0.5083869433810076,0.7678006386398825,0.034709992530812035,9979,9981,stress,aggressive,threshold_wait5s,time_threshold,7,True
z,2.583333333333333,0.8933733919413809,1.7572705270517686,1.16354864398647,0.5083869433810076,0.7678006386398825,0.035471579984540785,9979,9981,stress,aggressive,threshold_wait5s,time_threshold,7,True
z,2.6666666666666665,0.8928174570279308,1.756176999925063,1.162824582445658,0.5083869433810076,0.7678006386398825,0.03596915631952583,9979,9981,stress,aggressive,threshold_wait5s,time_threshold,7,True
z,2.75,0.8968355899914919,1.764080690245744,1.1680578848959906,0.5083869433810076,0.7678006386398825,0.03640150392607138,9979,9981,stress,aggressive,threshold_wait5s,time_threshold,7,True
z,2.833333333333333,0.8885257951759526,1.7477352767300558,1.157235030111369,0.5083869433810076,0.7678006386398825,0.03695548917950521,9979,9981,stress,aggressive,threshold_wait5s,time_threshold,7,True
z,2.9166666666666665,0.8855906533171248,1.741961836052552,1.1534122384762548,0.5083869433810076,0.7678006386398825,0.03741671665856335,9979,9981,stress,aggressive,threshold_wait5s,time_threshold,7,True
z,3.0,0.8803893188416798,1.7317307816496719,1.1466379090296697,0.5083869433810076,0.7678006386398825,0.03792213911294749,9979,9981,stress,aggressive,threshold_wait5s,time_threshold,7,True
seconds,0.1,0.7631580632881951,1.6401021439163421,1.0767429940882904,0.4653113015667895,0.7087652926261974,0.023003194632535084,10138,10204,stress,aggressive,threshold_wait5s,time_threshold,23,True
seconds,1.0,0.8428124363552563,1.8112872683671133,1.1891276916683833,0.4653113015667895,0.7087652926261974,0.024366887319379558,10138,10204,stress,aggressive,threshold_wait5s,time_threshold,23,True
seconds,5.0,0.8732745792555874,1.8767534257498362,1.2321068601142018,0.4653113015667895,0.7087652926261974,0.02729454961116437,10138,10204,stress,aggressive,threshold_wait5s,time_threshold,23,True
seconds,15.0,0.8418244578720915,1.809164004909213,1.1877337485768642,0.4653113015667895,0.7087652926261974,0.03367753694871015,10138,10204,stress,aggressive,threshold_wait5s,time_threshold,23,True
seconds,30.0,0.8482442836300521,1.8229608452961623,1.1967915083525624,0.4653113015667895,0.7087652926261974,0.04212443083959265,10138,10204,stress,aggressive,threshold_wait5s,time_threshold,23,True
seconds,60.0,0.8995053562256752,1.9331259593241636,1.2691159761685369,0.4653113015667895,0.7087652926261974,0.05530997616467352,10138,10204,stress,aggressive,threshold_wait5s,time_threshold,23,True
seconds,180.0,0.816469622894919,1.754673957296361,1.151960502848049,0.4653113015667895,0.7087652926261974,0.08903784301055698,10138,10204,stress,aggressive,threshold_wait5s,time_threshold,23,True
seconds,600.0,0.7673795842675654,1.6491746099517803,1.0826991561962405,0.4653113015667895,0.7087652926261974,0.15417908483409382,10138,10204,stress,aggressive,threshold_wait5s,time_threshold,23,True
z,1.0,0.4664134055622361,1.0,0.6572384796908981,0.4664134055622361,0.7096562662940736,0.02153699656744737,10203,10204,stress,aggressive,threshold_wait5s,time_threshold,23,True
z,1.0833333333333333,0.8159960286263466,1.7495123829957409,1.1498468588005208,0.4664134055622361,0.7096562662940736,0.023982846142489384,10203,10204,stress,aggressive,threshold_wait5s,time_threshold,23,True
z,1.1666666666666667,0.8387169457336863,1.7982264997779351,1.181863650853935,0.4664134055622361,0.7096562662940736,0.024568307818695272,10203,10204,stress,aggressive,threshold_wait5s,time_threshold,23,True
z,1.25,0.8551166118426353,1.833387723519307,1.204972960089786,0.4664134055622361,0.7096562662940736,0.025194349400187468,10203,10204,stress,aggressive,threshold_wait5s,time_threshold,23,True
z,1.3333333333333333,0.8597546058417721,1.8433316786968945,1.211508510072818,0.4664134055622361,0.7096562662940736,0.026118061099498203,10203,10204,stress,aggressive,threshold_wait5s,time_threshold,23,True
z,1.4166666666666665,0.8683166777653977,1.8616889382042716,1.223573607402738,0.4664134055622361,0.7096562662940736,0.02649201627980448,10203,10204,stress,aggressive,threshold_wait5s,time_threshold,23,True
z,1.5,0.8717510671456845,1.8690523401548371,1.2284131185060805,0.4664134055622361,0.7096562662940736,0.02673250617373914,10203,10204,stress,aggressive,threshold_wait5s,time_threshold,23,True
z,1.5833333333333333,0.8745468934973988,1.8750466497487992,1.2323528094304128,0.4664134055622361,0.7096562662940736,0.027303205313862582,10203,10204,stress,aggressive,threshold_wait5s,time_threshold,23,True
z,1.6666666666666665,0.8785513547414877,1.8836322975803872,1.237995627558407,0.4664134055622361,0.7096562662940736,0.028272373783145947,10203,10204,stress,aggressive,threshold_wait5s,time_threshold,23,True
z,1.75,0.8776769484376271,1.881757552357731,1.2367634728584607,0.4664134055622361,0.7096562662940736,0.029002238100903896,10203,10204,stress,aggressive,threshold_wait5s,time_threshold,23,True
z,1.8333333333333333,0.8769557879009927,1.8802113692334164,1.2357472618125125,0.4664134055622361,0.7096562662940736,0.02947412840900639,10203,10204,stress,aggressive,threshold_wait5s,time_threshold,23,True
z,1.9166666666666665,0.8808712233070444,1.8886061438247082,1.2412646307022408,0.4664134055622361,0.7096562662940736,0.030057162919383658,10203,10204,stress,aggressive,threshold_wait5s,time_threshold,23,True
z,2.0,0.8900956190467436,1.9083834393091288,1.2542630303188191,0.4664134055622361,0.7096562662940736,0.030848886160173224,10203,10204,stress,aggressive,threshold_wait5s,time_threshold,23,True
z,2.083333333333333,0.8873977057154291,1.9025990572584834,1.2504613118539016,0.4664134055622361,0.7096562662940736,0.031199978009706454,10203,10204,stress,aggressive,threshold_wait5s,time_threshold,23,True
z,2.1666666666666665,0.8801322752514056,1.8870218238913048,1.2402233546778667,0.4664134055622361,0.7096562662940736,0.031600722301518926,10203,10204,stress,aggressive,threshold_wait5s,time_threshold,23,True
z,2.25,0.8798857194826452,1.886493203217413,1.239875924829825,0.4664134055622361,0.7096562662940736,0.03242540503181221,10203,10204,stress,aggressive,threshold_wait5s,time_threshold,23,True
z,2.333333333333333,0.8788559832192901,1.884285427345033,1.2384248895719636,0.4664134055622361,0.7096562662940736,0.03289320829741895,10203,10204,stress,aggressive,threshold_wait5s,time_threshold,23,True
z,2.4166666666666665,0.8840755487407144,1.8954762839095698,1.2457799511268788,0.4664134055622361,0.7096562662940736,0.0334576974869176,10203,10204,stress,aggressive,threshold_wait5s,time_threshold,23,True
z,2.5,0.888232259335152,1.9043883575010803,1.2516373088250565,0.4664134055622361,0.7096562662940736,0.033787979938801435,10203,10204,stress,aggressive,threshold_wait5s,time_threshold,23,True
z,2.583333333333333,0.8906511790961317,1.9095745715595371,1.2550458882681883,0.4664134055622361,0.7096562662940736,0.03423878180285814,10203,10204,stress,aggressive,threshold_wait5s,time_threshold,23,True
z,2.6666666666666665,0.8852214908453884,1.8979332075121251,1.247394735860139,0.4664134055622361,0.7096562662940736,0.034306807690758355,10203,10204,stress,aggressive,threshold_wait5s,time_threshold,23,True
z,2.75,0.878955380315464,1.8844985367775418,1.2385649532913936,0.4664134055622361,0.7096562662940736,0.03457357387703682,10203,10204,stress,aggressive,threshold_wait5s,time_threshold,23,True
z,2.833333333333333,0.8802583053664822,1.8872920350678568,1.2404009478607394,0.4664134055622361,0.7096562662940736,0.03497097064395577,10203,10204,stress,aggressive,threshold_wait5s,time_threshold,23,True
z,2.9166666666666665,0.8810627779010246,1.8890168408409085,1.241534556584782,0.4664134055622361,0.7096562662940736,0.03527623262573159,10203,10204,stress,aggressive,threshold_wait5s,time_threshold,23,True
z,3.0,0.8861417367916824,1.8999062338774044,1.248691484708845,0.4664134055622361,0.7096562662940736,0.0357484625171652,10203,10204,stress,aggressive,threshold_wait5s,time_threshold,23,True
seconds,0.1,0.7941784735653905,1.6610800249095483,1.0573800841583638,0.4781097007103173,0.7510813618146854,0.02433261640146535,10122,10183,stress,aggressive,threshold_wait5s,time_threshold,71,True
seconds,1.0,0.8685905600963647,1.8167181272538884,1.1564533541316557,0.4781097007103173,0.7510813618146854,0.02541630318716002,10122,10183,stress,aggressive,threshold_wait5s,time_threshold,71,True
seconds,5.0,0.8950175575754326,1.8719920475274279,1.1916386200996698,0.4781097007103173,0.7510813618146854,0.028123240365142646,10122,10183,stress,aggressive,threshold_wait5s,time_threshold,71,True
seconds,15.0,0.89550351482457,1.8730084612258229,1.1922856302291227,0.4781097007103173,0.7510813618146854,0.033525927720294245,10122,10183,stress,aggressive,threshold_wait5s,time_threshold,71,True
seconds,30.0,0.9029096364809736,1.8884988845437358,1.2021462419190596,0.4781097007103173,0.7510813618146854,0.04083790746253916,10122,10183,stress,aggressive,threshold_wait5s,time_threshold,71,True
seconds,60.0,0.9405090120349977,1.9671406178073856,1.252206564895495,0.4781097007103173,0.7510813618146854,0.053413845223258406,10122,10183,stress,aggressive,threshold_wait5s,time_threshold,71,True
seconds,180.0,0.9619234444789592,2.0119304064524317,1.2807180332032988,0.4781097007103173,0.7510813618146854,0.0869516253629314,10122,10183,stress,aggressive,threshold_wait5s,time_threshold,71,True
seconds,600.0,1.1166269426535236,2.335503632314038,1.4866923870346678,0.4781097007103173,0.7510813618146854,0.154303297308018,10122,10183,stress,aggressive,threshold_wait5s,time_threshold,71,True
z,1.0,0.4783001525474292,1.0,0.6364918452809089,0.4783001525474292,0.7514631272869435,0.022977401524245402,10180,10183,stress,aggressive,threshold_wait5s,time_threshold,71,True
z,1.0833333333333333,0.8382662402237955,1.752594549174164,1.1155121386331261,0.4783001525474292,0.7514631272869435,0.02463244207520474,10180,10183,stress,aggressive,threshold_wait5s,time_threshold,71,True
z,1.1666666666666667,0.8562707753334473,1.7902373034441752,1.1394714447599015,0.4783001525474292,0.7514631272869435,0.025146208193852992,10180,10183,stress,aggressive,threshold_wait5s,time_threshold,71,True
z,1.25,0.867428275692021,1.8135647063294738,1.1543191464679765,0.4783001525474292,0.7514631272869435,0.025924860851804944,10180,10183,stress,aggressive,threshold_wait5s,time_threshold,71,True
z,1.3333333333333333,0.8699460502478956,1.818828711666844,1.1576696429387276,0.4783001525474292,0.7514631272869435,0.026309901204973663,10180,10183,stress,aggressive,threshold_wait5s,time_threshold,71,True
z,1.4166666666666665,0.8730224597348815,1.825260675927363,1.1617635357396863,0.4783001525474292,0.7514631272869435,0.02663533480762037,10180,10183,stress,aggressive,threshold_wait5s,time_threshold,71,True
z,1.5,0.8734172910876169,1.826086164588892,1.1622889525411213,0.4783001525474292,0.7514631272869435,0.027363207619415734,10180,10183,stress,aggressive,threshold_wait5s,time_threshold,71,True
z,1.5833333333333333,0.8759692596263686,1.8314216605638773,1.1656849522197286,0.4783001525474292,0.7514631272869435,0.028055737808895267,10180,10183,stress,aggressive,threshold_wait5s,time_threshold,71,True
z,1.6666666666666665,0.8767878572310203,1.8331331331617675,1.1667742905717076,0.4783001525474292,0.7514631272869435,0.028575583492140576,10180,10183,stress,aggressive,threshold_wait5s,time_threshold,71,True
z,1.75,0.8832515204493476,1.8466469553587748,1.1753757281986787,0.4783001525474292,0.7514631272869435,0.02885013173655059,10180,10183,stress,aggressive,threshold_wait5s,time_threshold,71,True
z,1.8333333333333333,0.8829054409490441,1.8459233940166755,1.174915187304872,0.4783001525474292,0.7514631272869435,0.02946378411638064,10180,10183,stress,aggressive,threshold_wait5s,time_threshold,71,True
z,1.9166666666666665,0.8945821283784638,1.8703362807097481,1.1904537906047794,0.4783001525474292,0.7514631272869435,0.029894586649165705,10180,10183,stress,aggressive,threshold_wait5s,time_threshold,71,True
z,2.0,0.8915324881162144,1.863960283867583,1.1863955206092047,0.4783001525474292,0.7514631272869435,0.03049148624038496,10180,10183,stress,aggressive,threshold_wait5s,time_threshold,71,True
z,2.083333333333333,0.8851708140017851,1.8506596941007871,1.1779298036852124,0.4783001525474292,0.7514631272869435,0.03140486054891344,10180,10183,stress,aggressive,threshold_wait5s,time_threshold,71,True
z,2.1666666666666665,0.8865657742165713,1.8535761895427323,1.1797861292508094,0.4783001525474292,0.7514631272869435,0.03184380078762665,10180,10183,stress,aggressive,threshold_wait5s,time_threshold,71,True
z,2.25,0.8798101559726181,1.8394519660651256,1.1707961761863876,0.4783001525474292,0.7514631272869435,0.03257694376977575,10180,10183,stress,aggressive,threshold_wait5s,time_threshold,71,True
z,2.333333333333333,0.890895419949473,1.8626283416481453,1.1855477502481473,0.4783001525474292,0.7514631272869435,0.03330654459316429,10180,10183,stress,aggressive,threshold_wait5s,time_threshold,71,True
z,2.4166666666666665,0.8973900288502573,1.8762068631397109,1.1941903684485002,0.4783001525474292,0.7514631272869435,0.03420053206278766,10180,10183,stress,aggressive,threshold_wait5s,time_threshold,71,True
z,2.5,0.9020873845162519,1.8860278001412494,1.200441314762997,0.4783001525474292,0.7514631272869435,0.03467010102440323,10180,10183,stress,aggressive,threshold_wait5s,time_threshold,71,True
z,2.583333333333333,0.9149558162168563,1.9129323111100773,1.2175658165959269,0.4783001525474292,0.7514631272869435,0.03504891952816578,10180,10183,stress,aggressive,threshold_wait5s,time_threshold,71,True
z,2.6666666666666665,0.9203508829315468,1.924211978670199,1.2247452330154238,0.4783001525474292,0.7514631272869435,0.03515159933859552,10180,10183,stress,aggressive,threshold_wait5s,time_threshold,71,True
z,2.75,0.9252056217759826,1.9343619625633246,1.2312056149931307,0.4783001525474292,0.7514631272869435,0.03566115849448317,10180,10183,stress,aggressive,threshold_wait5s,time_threshold,71,True
z,2.833333333333333,0.9272718708539363,1.9386819467133374,1.2339552496763568,0.4783001525474292,0.7514631272869435,0.035933652443193485,10180,10183,stress,aggressive,threshold_wait5s,time_threshold,71,True
z,2.9166666666666665,0.9279399682049602,1.94007876280772,1.2348443117297885,0.4783001525474292,0.7514631272869435,0.03648583234659671,10180,10183,stress,aggressive,threshold_wait5s,time_threshold,71,True
z,3.0,0.9340112686668668,1.9527722575297493,1.2429236176084764,0.4783001525474292,0.7514631272869435,0.03692557751088808,10180,10183,stress,aggressive,threshold_wait5s,time_threshold,71,True
seconds,0.1,0.714562506145309,1.6290738403392977,1.050800352406532,0.4386311341151255,0.6800173834247633,0.045979238272711075,6218,6260,stress,aggressive,threshold_wait20s,time_threshold,7,False
seconds,1.0,0.7928140566375489,1.807473284441917,1.1658732202472666,0.4386311341151255,0.6800173834247633,0.04711362333586415,6218,6260,stress,aggressive,threshold_wait20s,time_threshold,7,False
seconds,5.0,0.8618603352214143,1.9648863662176925,1.2674092695701948,0.4386311341151255,0.6800173834247633,0.04975375068899389,6218,6260,stress,aggressive,threshold_wait20s,time_threshold,7,False
seconds,15.0,0.8187658567477998,1.8666387154654236,1.2040366565693648,0.4386311341151255,0.6800173834247633,0.055085733348705236,6218,6260,stress,aggressive,threshold_wait20s,time_threshold,7,False
seconds,30.0,0.7734665341794994,1.763364417210957,1.1374217086688274,0.4386311341151255,0.6800173834247633,0.06116853985053704,6218,6260,stress,aggressive,threshold_wait20s,time_threshold,7,False
seconds,60.0,0.7799711832719147,1.778193845827641,1.1469871245698975,0.4386311341151255,0.6800173834247633,0.07152088848077244,6218,6260,stress,aggressive,threshold_wait20s,time_threshold,7,False
seconds,180.0,0.8680804699273927,1.979067153266762,1.2765562926575342,0.4386311341151255,0.6800173834247633,0.10993544727039138,6218,6260,stress,aggressive,threshold_wait20s,time_threshold,7,False
seconds,600.0,1.0908308004086986,2.486897795363503,1.6041219342290352,0.4386311341151255,0.6800173834247633,0.19452821944756796,6218,6260,stress,aggressive,threshold_wait20s,time_threshold,7,False
z,1.0,0.4412573990919017,1.0,0.646864449156352,0.4412573990919017,0.6821481682404941,0.04483243660465362,6256,6260,stress,aggressive,threshold_wait20s,time_threshold,7,False
z,1.0833333333333333,0.8078875582832401,1.8308759466602835,1.184328560710019,0.4412573990919017,0.6821481682404941,0.0472145182921043,6256,6260,stress,aggressive,threshold_wait20s,time_threshold,7,False
z,1.1666666666666667,0.8259572715024562,1.8718264514142056,1.210817986410339,0.4412573990919017,0.6821481682404941,0.048862180542309765,6256,6260,stress,aggressive,threshold_wait20s,time_threshold,7,False
z,1.25,0.8324461245880848,1.88653182088559,1.2203303671330867,0.4412573990919017,0.6821481682404941,0.0510743619300533,6256,6260,stress,aggressive,threshold_wait20s,time_threshold,7,False
z,1.3333333333333333,0.8288095059039825,1.8782903303370204,1.2149992398891591,0.4412573990919017,0.6821481682404941,0.052295489081643436,6256,6260,stress,aggressive,threshold_wait20s,time_threshold,7,False
z,1.4166666666666665,0.8063608785789059,1.827416107329598,1.1820905136472055,0.4412573990919017,0.6821481682404941,0.05334830747374619,6256,6260,stress,aggressive,threshold_wait20s,time_threshold,7,False
z,1.5,0.7747611142915407,1.7558031114854562,1.1357666125380483,0.4412573990919017,0.6821481682404941,0.05387110449246085,6256,6260,stress,aggressive,threshold_wait20s,time_threshold,7,False
z,1.5833333333333333,0.7665744080296807,1.73724998064004,1.1237652517736028,0.4412573990919017,0.6821481682404941,0.05503465228650138,6256,6260,stress,aggressive,threshold_wait20s,time_threshold,7,False
z,1.6666666666666665,0.7635401508521883,1.7303735924282235,1.1193171607007808,0.4412573990919017,0.6821481682404941,0.05594296670017453,6256,6260,stress,aggressive,threshold_wait20s,time_threshold,7,False
z,1.75,0.7700964403368707,1.7452317897030458,1.128928400296415,0.4412573990919017,0.6821481682404941,0.056651912141978816,6256,6260,stress,aggressive,threshold_wait20s,time_threshold,7,False
z,1.8333333333333333,0.7865714717923699,1.7825683453945864,1.1530800908272187,0.4412573990919017,0.6821481682404941,0.05822249410683891,6256,6260,stress,aggressive,threshold_wait20s,time_threshold,7,False
z,1.9166666666666665,0.7782885012258637,1.7637970554772902,1.1409376107149127,0.4412573990919017,0.6821481682404941,0.058992919905196985,6256,6260,stress,aggressive,threshold_wait20s,time_threshold,7,False
z,2.0,0.7827023882072388,1.773800031043159,1.147408179994253,0.4412573990919017,0.6821481682404941,0.05990944052166391,6256,6260,stress,aggressive,threshold_wait20s,time_threshold,7,False
z,2.083333333333333,0.7938779744283961,1.799126713936537,1.1637911107730357,0.4412573990919017,0.6821481682404941,0.06049625747324979,6256,6260,stress,aggressive,threshold_wait20s,time_threshold,7,False
z,2.1666666666666665,0.7969714019398998,1.8061371969740336,1.1683259430214057,0.4412573990919017,0.6821481682404941,0.061378281896299486,6256,6260,stress,aggressive,threshold_wait20s,time_threshold,7,False
z,2.25,0.7906464196518076,1.7918031998532853,1.1590537898696842,0.4412573990919017,0.6821481682404941,0.06249585722364029,6256,6260,stress,aggressive,threshold_wait20s,time_threshold,7,False
z,2.333333333333333,0.784277877914477,1.7773704860893078,1.1497177804309175,0.4412573990919017,0.6821481682404941,0.06413347083888572,6256,6260,stress,aggressive,threshold_wait20s,time_threshold,7,False
z,2.4166666666666665,0.7853195147019274,1.77973109644869,1.1512447753507122,0.4412573990919017,0.6821481682404941,0.06567669351804631,6256,6260,stress,aggressive,threshold_wait20s,time_threshold,7,False
z,2.5,0.7722003905417739,1.7499998688542013,1.1320127011900611,0.4412573990919017,0.6821481682404941,0.06736389755930922,6256,6260,stress,aggressive,threshold_wait20s,time_threshold,7,False
z,2.583333333333333,0.7565241332588217,1.714473535890236,1.1090319793867804,0.4412573990919017,0.6821481682404941,0.06815445357591955,6256,6260,stress,aggressive,threshold_wait20s,time_threshold,7,False
z,2.6666666666666665,0.7668337633127745,1.7378377447968056,1.1241454555111028,0.4412573990919017,0.6821481682404941,0.06997089233275525,6256,6260,stress,aggressive,threshold_wait20s,time_threshold,7,False
z,2.75,0.7726760786832851,1.751077897556927,1.1327100396330245,0.4412573990919017,0.6821481682404941,0.0712334699934708,6256,6260,stress,aggressive,threshold_wait20s,time_threshold,7,False
z,2.833333333333333,0.7794783001570883,1.7664934384357929,1.1426818049920793,0.4412573990919017,0.6821481682404941,0.07245661952695795,6256,6260,stress,aggressive,threshold_wait20s,time_threshold,7,False
z,2.9166666666666665,0.7804376815838214,1.7686676375057857,1.1440882170758464,0.4412573990919017,0.6821481682404941,0.07355863028203007,6256,6260,stress,aggressive,threshold_wait20s,time_threshold,7,False
z,3.0,0.7928833027369808,1.7968725382706732,1.162332964672635,0.4412573990919017,0.6821481682404941,0.07492575341822391,6256,6260,stress,aggressive,threshold_wait20s,time_threshold,7,False
seconds,0.1,0.6713413660468661,1.719803957678533,1.0535941260648998,0.39035924010378037,0.6371916371195795,0.04383140484399329,6289,6325,stress,aggressive,threshold_wait20s,time_threshold,23,False
seconds,1.0,0.7366702411147632,1.8871597375763747,1.1561203854540152,0.39035924010378037,0.6371916371195795,0.045102629553933016,6289,6325,stress,aggressive,threshold_wait20s,time_threshold,23,False
seconds,5.0,0.7738385832652489,1.9823754730630105,1.2144518825817945,0.39035924010378037,0.6371916371195795,0.04794994406323506,6289,6325,stress,aggressive,threshold_wait20s,time_threshold,23,False
seconds,15.0,0.7332609331574642,1.8784259672257801,1.1507698633211279,0.39035924010378037,0.6371916371195795,0.05361694405964065,6289,6325,stress,aggressive,threshold_wait20s,time_threshold,23,False
seconds,30.0,0.7224281279024538,1.8506751056037256,1.1337690042012876,0.39035924010378037,0.6371916371195795,0.05993987005608935,6289,6325,stress,aggressive,threshold_wait20s,time_threshold,23,False
seconds,60.0,0.7555125421863033,1.935428867997191,1.1856912397682942,0.39035924010378037,0.6371916371195795,0.07342671861162355,6289,6325,stress,aggressive,threshold_wait20s,time_threshold,23,False
seconds,180.0,0.6551849382734626,1.6784153440284288,1.0282384452426616,0.39035924010378037,0.6371916371195795,0.10864695819020027,6289,6325,stress,aggressive,threshold_wait20s,time_threshold,23,False
seconds,600.0,0.7411119330186631,1.8985382101410795,1.1630911170913267,0.39035924010378037,0.6371916371195795,0.18880943689439805,6289,6325,stress,aggressive,threshold_wait20s,time_threshold,23,False
z,1.0,0.3909282708373227,1.0,0.6126067917809163,0.3909282708373227,0.6381389760646476,0.04252894386326932,6322,6325,stress,aggressive,threshold_wait20s,time_threshold,23,False
z,1.0833333333333333,0.7416980676364406,1.8972740601435911,1.1622829751137185,0.3909282708373227,0.6381389760646476,0.046125990429162114,6322,6325,stress,aggressive,threshold_wait20s,time_threshold,23,False
z,1.1666666666666667,0.7472097259035497,1.9113729592979136,1.1709200564922906,0.3909282708373227,0.6381389760646476,0.04715899596249847,6322,6325,stress,aggressive,threshold_wait20s,time_threshold,23,False
z,1.25,0.7495349051689817,1.9173208004720803,1.1745637443920192,0.3909282708373227,0.6381389760646476,0.04875134833724636,6322,6325,stress,aggressive,threshold_wait20s,time_threshold,23,False
z,1.3333333333333333,0.7565821379377079,1.9353477207396574,1.18560715818283,0.3909282708373227,0.6381389760646476,0.0500975431649695,6322,6325,stress,aggressive,threshold_wait20s,time_threshold,23,False
z,1.4166666666666665,0.762128847914105,1.9495362826579772,1.1942991675795969,0.3909282708373227,0.6381389760646476,0.051784202122754114,6322,6325,stress,aggressive,threshold_wait20s,time_threshold,23,False
z,1.5,0.7631857024893648,1.9522397314850373,1.195955318692286,0.3909282708373227,0.6381389760646476,0.05331228557493596,6322,6325,stress,aggressive,threshold_wait20s,time_threshold,23,False
z,1.5833333333333333,0.7414928976558526,1.8967492324555126,1.161961462107487,0.3909282708373227,0.6381389760646476,0.05432529485184281,6322,6325,stress,aggressive,threshold_wait20s,time_threshold,23,False
z,1.6666666666666665,0.73662723117198,1.8843027893434532,1.1543366865235245,0.3909282708373227,0.6381389760646476,0.05487728497265336,6322,6325,stress,aggressive,threshold_wait20s,time_threshold,23,False
z,1.75,0.7314925595961096,1.8711682274329713,1.1462903646900964,0.3909282708373227,0.6381389760646476,0.05588494988304257,6322,6325,stress,aggressive,threshold_wait20s,time_threshold,23,False
z,1.8333333333333333,0.7227643503999759,1.8488413458865463,1.1326127654154683,0.3909282708373227,0.6381389760646476,0.05763760709460645,6322,6325,stress,aggressive,threshold_wait20s,time_threshold,23,False
z,1.9166666666666665,0.720926953909042,1.8441412598912346,1.129733460812786,0.3909282708373227,0.6381389760646476,0.059062926710952764,6322,6325,stress,aggressive,threshold_wait20s,time_threshold,23,False
z,2.0,0.734886718161086,1.8798505326489805,1.1516092038337384,0.3909282708373227,0.6381389760646476,0.060001123043209946,6322,6325,stress,aggressive,threshold_wait20s,time_threshold,23,False
z,2.083333333333333,0.7539800345045329,1.9286915036602386,1.18152951439241,0.3909282708373227,0.6381389760646476,0.060994226872316606,6322,6325,stress,aggressive,threshold_wait20s,time_threshold,23,False
z,2.1666666666666665,0.7444364442649243,1.9042788659679906,1.166574166736852,0.3909282708373227,0.6381389760646476,0.06254783103395764,6322,6325,stress,aggressive,threshold_wait20s,time_threshold,23,False
z,2.25,0.7438163354913926,1.9026926190275901,1.1656024210877212,0.3909282708373227,0.6381389760646476,0.06406067204438123,6322,6325,stress,aggressive,threshold_wait20s,time_threshold,23,False
z,2.333333333333333,0.7329164967653079,1.8748106786840624,1.1485217550652456,0.3909282708373227,0.6381389760646476,0.06477695533350664,6322,6325,stress,aggressive,threshold_wait20s,time_threshold,23,False
z,2.4166666666666665,0.7376719438061773,1.8869751789149711,1.155973810525321,0.3909282708373227,0.6381389760646476,0.06510124265040063,6322,6325,stress,aggressive,threshold_wait20s,time_threshold,23,False
z,2.5,0.7262507386394168,1.8577595759034582,1.138076133694493,0.3909282708373227,0.6381389760646476,0.06613674469629609,6322,6325,stress,aggressive,threshold_wait20s,time_threshold,23,False
z,2.583333333333333,0.7159270816060315,1.831351516411436,1.1218983770919257,0.3909282708373227,0.6381389760646476,0.0670313082133587,6322,6325,stress,aggressive,threshold_wait20s,time_threshold,23,False
z,2.6666666666666665,0.718578632667379,1.8381342212172773,1.1260535081226293,0.3909282708373227,0.6381389760646476,0.06771308929199203,6322,6325,stress,aggressive,threshold_wait20s,time_threshold,23,False
z,2.75,0.7043825353919779,1.8018204052709537,1.1038074178384292,0.3909282708373227,0.6381389760646476,0.06934755212001455,6322,6325,stress,aggressive,threshold_wait20s,time_threshold,23,False
z,2.833333333333333,0.7013839555865181,1.7941499960702143,1.0991084730663174,0.3909282708373227,0.6381389760646476,0.07038554882757769,6322,6325,stress,aggressive,threshold_wait20s,time_threshold,23,False
z,2.9166666666666665,0.7079987697297457,1.81107078342862,1.1094742623243574,0.3909282708373227,0.6381389760646476,0.07123952549715827,6322,6325,stress,aggressive,threshold_wait20s,time_threshold,23,False
z,3.0,0.7083318877619736,1.8119229040274052,1.1099962771905896,0.3909282708373227,0.6381389760646476,0.0723194003781681,6322,6325,stress,aggressive,threshold_wait20s,time_threshold,23,False
seconds,0.1,0.6786624553578925,1.6585503828225627,1.043608062140729,0.40919013518475555,0.6503039598657065,0.0423814711012475,6262,6300,stress,aggressive,threshold_wait20s,time_threshold,71,False
seconds,1.0,0.7430190820619031,1.815828433220705,1.142571978518081,0.40919013518475555,0.6503039598657065,0.04361718718825776,6262,6300,stress,aggressive,threshold_wait20s,time_threshold,71,False
seconds,5.0,0.7801017126305542,1.9064528822971902,1.1995955134452079,0.40919013518475555,0.6503039598657065,0.04636604220963558,6262,6300,stress,aggressive,threshold_wait20s,time_threshold,71,False
seconds,15.0,0.7156938063415103,1.7490495121989285,1.100552742273486,0.40919013518475555,0.6503039598657065,0.051658996820404764,6262,6300,stress,aggressive,threshold_wait20s,time_threshold,71,False
seconds,30.0,0.6423848479540266,1.5698932909611325,0.9878224455017692,0.40919013518475555,0.6503039598657065,0.058323438352871786,6262,6300,stress,aggressive,threshold_wait20s,time_threshold,71,False
seconds,60.0,0.6216487843505428,1.5192174270522405,0.9559357203959188,0.40919013518475555,0.6503039598657065,0.07129311251655636,6262,6300,stress,aggressive,threshold_wait20s,time_threshold,71,False
seconds,180.0,0.5142287080016881,1.2566986928204074,0.7907513097534894,0.40919013518475555,0.6503039598657065,0.10897671074105197,6262,6300,stress,aggressive,threshold_wait20s,time_threshold,71,False
seconds,600.0,0.39906889009917373,0.9752651781768592,0.6136651700253908,0.40919013518475555,0.6503039598657065,0.19036284131789405,6262,6300,stress,aggressive,threshold_wait20s,time_threshold,71,False
z,1.0,0.41101165732751804,1.0,0.6303545184256472,0.41101165732751804,0.6520325393304823,0.041250360626940374,6294,6300,stress,aggressive,threshold_wait20s,time_threshold,71,False
z,1.0833333333333333,0.760469647488105,1.8502386341857902,1.1663062832247109,0.41101165732751804,0.6520325393304823,0.04502403502835122,6294,6300,stress,aggressive,threshold_wait20s,time_threshold,71,False
z,1.1666666666666667,0.769414511619429,1.8720016766004148,1.1800247153454586,0.41101165732751804,0.6520325393304823,0.04641764891729172,6294,6300,stress,aggressive,threshold_wait20s,time_threshold,71,False
z,1.25,0.7764262634298766,1.8890614161125239,1.190778399230081,0.41101165732751804,0.6520325393304823,0.04801169464670796,6294,6300,stress,aggressive,threshold_wait20s,time_threshold,71,False
z,1.3333333333333333,0.7951053355436057,1.9345079911201144,1.2194258531330857,0.41101165732751804,0.6520325393304823,0.04918362079339289,6294,6300,stress,aggressive,threshold_wait20s,time_threshold,71,False
z,1.4166666666666665,0.7788115628024178,1.8948648996147945,1.1944366512783462,0.41101165732751804,0.6520325393304823,0.05016778581521193,6294,6300,stress,aggressive,threshold_wait20s,time_threshold,71,False
z,1.5,0.7677183749305999,1.867874940390893,1.1774234085294357,0.41101165732751804,0.6520325393304823,0.05152250896356855,6294,6300,stress,aggressive,threshold_wait20s,time_threshold,71,False
z,1.5833333333333333,0.7590967146229808,1.846898259671716,1.1642006630565305,0.41101165732751804,0.6520325393304823,0.053064372448240756,6294,6300,stress,aggressive,threshold_wait20s,time_threshold,71,False
z,1.6666666666666665,0.75355701298054,1.8334200491546202,1.1557046121567869,0.41101165732751804,0.6520325393304823,0.05481847139227055,6294,6300,stress,aggressive,threshold_wait20s,time_threshold,71,False
z,1.75,0.7412905491579315,1.8035754848851597,1.136891956219088,0.41101165732751804,0.6520325393304823,0.05564203878454779,6294,6300,stress,aggressive,threshold_wait20s,time_threshold,71,False
z,1.8333333333333333,0.7240798839574025,1.761701574757072,1.1104965477656983,0.41101165732751804,0.6520325393304823,0.05732032752437139,6294,6300,stress,aggressive,threshold_wait20s,time_threshold,71,False
z,1.9166666666666665,0.7092015825790707,1.7255023548247868,1.0876782059178987,0.41101165732751804,0.6520325393304823,0.05854557554252356,6294,6300,stress,aggressive,threshold_wait20s,time_threshold,71,False
z,2.0,0.7036844913737506,1.7120791559763808,1.07921683187208,0.41101165732751804,0.6520325393304823,0.059381896109981076,6294,6300,stress,aggressive,threshold_wait20s,time_threshold,71,False
z,2.083333333333333,0.702983789527576,1.7103743336588566,1.0781421894211158,0.41101165732751804,0.6520325393304823,0.06009960386738821,6294,6300,stress,aggressive,threshold_wait20s,time_threshold,71,False
z,2.1666666666666665,0.7117338851754378,1.7316635002600103,1.0915619117816693,0.41101165732751804,0.6520325393304823,0.061642389424065816,6294,6300,stress,aggressive,threshold_wait20s,time_threshold,71,False
z,2.25,0.7117327643766604,1.7316607733330305,1.0915601928509262,0.41101165732751804,0.6520325393304823,0.06359421248115983,6294,6300,stress,aggressive,threshold_wait20s,time_threshold,71,False
z,2.333333333333333,0.7224896171378957,1.7578324221645467,1.1080576099465218,0.41101165732751804,0.6520325393304823,0.06509891767872239,6294,6300,stress,aggressive,threshold_wait20s,time_threshold,71,False
z,2.4166666666666665,0.7085475988628552,1.72391119869927,1.0866752134646585,0.41101165732751804,0.6520325393304823,0.06559405614774165,6294,6300,stress,aggressive,threshold_wait20s,time_threshold,71,False
z,2.5,0.693453587450068,1.6871871517198447,1.063526044516302,0.41101165732751804,0.6520325393304823,0.06593186557793046,6294,6300,stress,aggressive,threshold_wait20s,time_threshold,71,False
z,2.583333333333333,0.67347916266669,1.6385889564441782,1.0328919525369538,0.41101165732751804,0.6520325393304823,0.06675463581955506,6294,6300,stress,aggressive,threshold_wait20s,time_threshold,71,False
z,2.6666666666666665,0.6691961337053927,1.6281682569702352,1.026323217538398,0.41101165732751804,0.6520325393304823,0.0675500399354123,6294,6300,stress,aggressive,threshold_wait20s,time_threshold,71,False
z,2.75,0.6761271680522921,1.6450316091971926,1.0369531078104637,0.41101165732751804,0.6520325393304823,0.06884728444123187,6294,6300,stress,aggressive,threshold_wait20s,time_threshold,71,False
z,2.833333333333333,0.6688326855550328,1.627283979982271,1.0257658095434947,0.41101165732751804,0.6520325393304823,0.06943677657461497,6294,6300,stress,aggressive,threshold_wait20s,time_threshold,71,False
z,2.9166666666666665,0.6635168319815867,1.6143503965213761,1.0176130667694847,0.41101165732751804,0.6520325393304823,0.0702302636042787,6294,6300,stress,aggressive,threshold_wait20s,time_threshold,71,False
z,3.0,0.6658584697479718,1.6200476504182872,1.0212043565060207,0.41101165732751804,0.6520325393304823,0.07099285385921916,6294,6300,stress,aggressive,threshold_wait20s,time_threshold,71,False
seconds,0.1,0.9721868391264661,1.6563553524635974,0.9816957843855414,0.5869433981545529,0.9903137556355841,0.008766716821469839,27948,28138,stress,aggressive,local_run_1s,local_runs,7,True
seconds,1.0,0.9815742877069953,1.6723491409788869,0.9911750514633821,0.5869433981545529,0.9903137556355841,0.009275479785158573,27948,28138,stress,aggressive,local_run_1s,local_runs,7,True
seconds,5.0,1.1408081167299096,1.9436424710062317,1.1519663442397992,0.5869433981545529,0.9903137556355841,0.012581016068945534,27948,28138,stress,aggressive,local_run_1s,local_runs,7,True
seconds,15.0,1.268966798988676,2.1619917746387767,1.2813785446959203,0.5869433981545529,0.9903137556355841,0.018629644389833916,27948,28138,stress,aggressive,local_run_1s,local_runs,7,True
seconds,30.0,1.3148864056470528,2.2402269278115625,1.3277472903556284,0.5869433981545529,0.9903137556355841,0.024936649643416384,27948,28138,stress,aggressive,local_run_1s,local_runs,7,True
seconds,60.0,1.3579866662269608,2.3136586432298167,1.3712691139540962,0.5869433981545529,0.9903137556355841,0.03415581075500749,27948,28138,stress,aggressive,local_run_1s,local_runs,7,True
seconds,180.0,1.2926790487999498,2.2023913257468206,1.3053227236758995,0.5869433981545529,0.9903137556355841,0.05663326490588787,27948,28138,stress,aggressive,local_run_1s,local_runs,7,True
seconds,600.0,1.2795659622173396,2.1800500120463178,1.2920813781851523,0.5869433981545529,0.9903137556355841,0.10062220829343847,27948,28138,stress,aggressive,local_run_1s,local_runs,7,True
z,1.0,0.5864764939277476,1.0,0.5924030438776201,0.5864764939277476,0.9899957469646344,0.007442230756706314,28137,28138,stress,aggressive,local_run_1s,local_runs,7,True
z,1.0833333333333333,0.8906897882632022,1.5187135332536157,0.8996905198775771,0.5864764939277476,0.9899957469646344,0.008528367110009125,28137,28138,stress,aggressive,local_run_1s,local_runs,7,True
z,1.1666666666666667,0.9092278186430537,1.5503226950389393,0.9184158835336229,0.5864764939277476,0.9899957469646344,0.008601524117380457,28137,28138,stress,aggressive,local_run_1s,local_runs,7,True
z,1.25,0.9208269748972858,1.570100395209922,0.930132253315812,0.5864764939277476,0.9899957469646344,0.008696293470940173,28137,28138,stress,aggressive,local_run_1s,local_runs,7,True
z,1.3333333333333333,0.927688183518778,1.5817994295148456,0.9370627968484776,0.5864764939277476,0.9899957469646344,0.008713811150047065,28137,28138,stress,aggressive,local_run_1s,local_runs,7,True
z,1.4166666666666665,0.9319203873528925,1.5890157525523994,0.9413377685815285,0.5864764939277476,0.9899957469646344,0.008769847041473365,28137,28138,stress,aggressive,local_run_1s,local_runs,7,True
z,1.5,0.9355321925336499,1.5951742349777878,0.9449860723159954,0.5864764939277476,0.9899957469646344,0.008770635918772633,28137,28138,stress,aggressive,local_run_1s,local_runs,7,True
z,1.5833333333333333,0.9388316904724535,1.6008002028946027,0.9483189128346744,0.5864764939277476,0.9899957469646344,0.008827759048000792,28137,28138,stress,aggressive,local_run_1s,local_runs,7,True
z,1.6666666666666665,0.9419381273472494,1.606096982743342,0.9514567413398173,0.5864764939277476,0.9899957469646344,0.008854227794463543,28137,28138,stress,aggressive,local_run_1s,local_runs,7,True
z,1.75,0.9445914414997015,1.6106211438647577,0.9541368681591368,0.5864764939277476,0.9899957469646344,0.008880044729256704,28137,28138,stress,aggressive,local_run_1s,local_runs,7,True
z,1.8333333333333333,0.9479123499030063,1.6162836187255387,0.9574913355025438,0.5864764939277476,0.9899957469646344,0.008942615036227352,28137,28138,stress,aggressive,local_run_1s,local_runs,7,True
z,1.9166666666666665,0.950718160398821,1.6210678010838522,0.9603254996940743,0.5864764939277476,0.9899957469646344,0.009032529503042288,28137,28138,stress,aggressive,local_run_1s,local_runs,7,True
z,2.0,0.9524825471068272,1.6240762536412425,0.9621077161464339,0.5864764939277476,0.9899957469646344,0.00908703953862498,28137,28138,stress,aggressive,local_run_1s,local_runs,7,True
z,2.083333333333333,0.9552342332110588,1.6287681485981964,0.9648872090004874,0.5864764939277476,0.9899957469646344,0.009173671976963291,28137,28138,stress,aggressive,local_run_1s,local_runs,7,True
z,2.1666666666666665,0.9573216204297111,1.6323273487371017,0.9669956899965445,0.5864764939277476,0.9899957469646344,0.009155052633041387,28137,28138,stress,aggressive,local_run_1s,local_runs,7,True
z,2.25,0.9597651957535076,1.6364938845643628,0.9694639585030391,0.5864764939277476,0.9899957469646344,0.009187791742285782,28137,28138,stress,aggressive,local_run_1s,local_runs,7,True
z,2.333333333333333,0.960977396895307,1.6385608065200599,0.9706884093610515,0.5864764939277476,0.9899957469646344,0.009211204491945395,28137,28138,stress,aggressive,local_run_1s,local_runs,7,True
z,2.4166666666666665,0.9620383763556745,1.6403698806625917,0.9717601103896877,0.5864764939277476,0.9899957469646344,0.009253366059220842,28137,28138,stress,aggressive,local_run_1s,local_runs,7,True
z,2.5,0.9646498371335823,1.644822677671417,0.974397960891485,0.5864764939277476,0.9899957469646344,0.009303703150924035,28137,28138,stress,aggressive,local_run_1s,local_runs,7,True
z,2.583333333333333,0.9662152035796853,1.6474917811432703,0.9759791459126352,0.5864764939277476,0.9899957469646344,0.009283457521298645,28137,28138,stress,aggressive,local_run_1s,local_runs,7,True
z,2.6666666666666665,0.9670633485688317,1.6489379516171563,0.9768358617033311,0.5864764939277476,0.9899957469646344,0.009315965278518093,28137,28138,stress,aggressive,local_run_1s,local_runs,7,True
z,2.75,0.9699209298075314,1.6538104081747276,0.9797223197991979,0.5864764939277476,0.9899957469646344,0.009350388680314634,28137,28138,stress,aggressive,local_run_1s,local_runs,7,True
z,2.833333333333333,0.9709352749859184,1.6555399662881205,0.9807469152901351,0.5864764939277476,0.9899957469646344,0.00937307545138132,28137,28138,stress,aggressive,local_run_1s,local_runs,7,True
z,2.9166666666666665,0.9720045440035775,1.6573631749396693,0.9818269896449366,0.5864764939277476,0.9899957469646344,0.009378135529003677,28137,28138,stress,aggressive,local_run_1s,local_runs,7,True
z,3.0,0.9741047775856677,1.6609442793894396,0.9839484468214241,0.5864764939277476,0.9899957469646344,0.009443193732555756,28137,28138,stress,aggressive,local_run_1s,local_runs,7,True
seconds,0.1,2.134646059934313,1.258299808264398,1.0320506235132392,1.6964526624848493,2.068354023824617,0.01206592577327463,69211,69698,stress,fill,random_n6,random_traders,7,True
seconds,1.0,2.1911570313229003,1.2916110657125213,1.0593723347568935,1.6964526624848493,2.068354023824617,0.01263031078832567,69211,69698,stress,fill,random_n6,random_traders,7,True
seconds,5.0,2.085100602360086,1.2290944795983705,1.0080965726092201,1.6964526624848493,2.068354023824617,0.013736665705726625,69211,69698,stress,fill,random_n6,random_traders,7,True
seconds,15.0,1.830709490457602,1.0791397431485665,0.8851045175875724,1.6964526624848493,2.068354023824617,0.01585439130521505,69211,69698,stress,fill,random_n6,random_traders,7,True
seconds,30.0,1.6807543871732757,0.9907464112269542,0.8126047899988482,1.6964526624848493,2.068354023824617,0.018717593285826475,69211,69698,stress,fill,random_n6,random_traders,7,True
seconds,60.0,1.593912361341227,0.9395560492719979,0.7706187349851769,1.6964526624848493,2.068354023824617,0.023459939150311245,69211,69698,stress,fill,random_n6,random_traders,7,True
seconds,180.0,1.5057713856866197,0.8876000014530718,0.7280046686119432,1.6964526624848493,2.068354023824617,0.03596174661026532,69211,69698,stress,fill,random_n6,random_traders,7,True
seconds,600.0,1.513583830520112,0.892205166693609,0.7317817999654269,1.6964526624848493,2.068354023824617,0.06171800159782234,69211,69698,stress,fill,random_n6,random_traders,7,True
z,1.0,1.6955209460963212,1.0,0.819975794245948,1.6955209460963212,2.067769509776233,0.01134585067029106,69625,69698,stress,fill,random_n6,random_traders,7,True
z,1.0833333333333333,2.1372893068738255,1.2605502231008168,1.0336206703739992,1.6955209460963212,2.067769509776233,0.012493595871328953,69625,69698,stress,fill,random_n6,random_traders,7,True
z,1.1666666666666667,2.0957185044535924,1.2360322113853357,1.013516494244266,1.6955209460963212,2.067769509776233,0.012815999439353784,69625,69698,stress,fill,random_n6,random_traders,7,True
z,1.25,2.0517262677519543,1.210086063799885,0.9922412812702637,1.6955209460963212,2.067769509776233,0.01314501002179576,69625,69698,stress,fill,random_n6,random_traders,7,True
z,1.3333333333333333,2.0158283197862903,1.1889138405676605,0.9748805707094678,1.6955209460963212,2.067769509776233,0.013518142787150222,69625,69698,stress,fill,random_n6,random_traders,7,True
z,1.4166666666666665,1.984716752752819,1.1705645732789836,0.9598346156906038,1.6955209460963212,2.067769509776233,0.013868459867837989,69625,69698,stress,fill,random_n6,random_traders,7,True
z,1.5,1.9564620671792674,1.1539002639181328,0.9461702853868801,1.6955209460963212,2.067769509776233,0.014234901374692688,69625,69698,stress,fill,random_n6,random_traders,7,True
z,1.5833333333333333,1.9294756338179004,1.1379839560580034,0.9331192982078074,1.6955209460963212,2.067769509776233,0.014602032109879976,69625,69698,stress,fill,random_n6,random_traders,7,True
z,1.6666666666666665,1.907637320764917,1.125103954131007,0.9225580083978292,1.6955209460963212,2.067769509776233,0.014944509544856925,69625,69698,stress,fill,random_n6,random_traders,7,True
z,1.75,1.8838638230773672,1.1110826011407744,0.9110608383432603,1.6955209460963212,2.067769509776233,0.0152245753061496,69625,69698,stress,fill,random_n6,random_traders,7,True
z,1.8333333333333333,1.8689158197900317,1.1022664297323639,0.9038317911904405,1.6955209460963212,2.067769509776233,0.015608318419392383,69625,69698,stress,fill,random_n6,random_traders,7,True
z,1.9166666666666665,1.853153513687195,1.092969991290169,0.8962089366951431,1.6955209460963212,2.067769509776233,0.01595717828534068,69625,69698,stress,fill,random_n6,random_traders,7,True
z,2.0,1.8450529298218121,1.088192354137391,0.8922913898761751,1.6955209460963212,2.067769509776233,0.016321469833925142,69625,69698,stress,fill,random_n6,random_traders,7,True
z,2.083333333333333,1.829311971073594,1.078908506135124,0.8846788592368575,1.6955209460963212,2.067769509776233,0.016569829338643087,69625,69698,stress,fill,random_n6,random_traders,7,True
z,2.1666666666666665,1.8178541732251534,1.072150820318962,0.8791377204424856,1.6955209460963212,2.067769509776233,0.016873611704169764,69625,69698,stress,fill,random_n6,random_traders,7,True
z,2.25,1.8074530389951453,1.066016343328893,0.8741075978002701,1.6955209460963212,2.067769509776233,0.01716185122575627,69625,69698,stress,fill,random_n6,random_traders,7,True
z,2.333333333333333,1.8027211503644154,1.0632255263580825,0.871819195438035,1.6955209460963212,2.067769509776233,0.017495181399745905,69625,69698,stress,fill,random_n6,random_traders,7,True
z,2.4166666666666665,1.7990677478891526,1.0610707889107664,0.8700523628882804,1.6955209460963212,2.067769509776233,0.017762231336600705,69625,69698,stress,fill,random_n6,random_traders,7,True
z,2.5,1.7929581061087987,1.0574673879652219,0.8670976613359709,1.6955209460963212,2.067769509776233,0.018094191756812268,69625,69698,stress,fill,random_n6,random_traders,7,True
z,2.583333333333333,1.7799354657875865,1.0497867749057403,0.8607997445422266,1.6955209460963212,2.067769509776233,0.018350696551020954,69625,69698,stress,fill,random_n6,random_traders,7,True
z,2.6666666666666665,1.771284104430898,1.0446842951182702,0.856615834625872,1.6955209460963212,2.067769509776233,0.018651743170655637,69625,69698,stress,fill,random_n6,random_traders,7,True
z,2.75,1.7626025244068981,1.0395639926861546,0.8524173105723186,1.6955209460963212,2.067769509776233,0.018930692635480754,69625,69698,stress,fill,random_n6,random_traders,7,True
z,2.833333333333333,1.7547329025444223,1.0349225744361505,0.8486114599563438,1.6955209460963212,2.067769509776233,0.019186845416953088,69625,69698,stress,fill,random_n6,random_traders,7,True
z,2.9166666666666665,1.7474183730505461,1.0306085436890124,0.8450740591680578,1.6955209460963212,2.067769509776233,0.01947425602263458,69625,69698,stress,fill,random_n6,random_traders,7,True
z,3.0,1.7419565315089396,1.0273872083500526,0.8424326421649617,1.6955209460963212,2.067769509776233,0.019726238519104558,69625,69698,stress,fill,random_n6,random_traders,7,True
seconds,0.1,2.140147413057635,1.257173486819751,1.0317917982013307,1.702348510762446,2.074204715319935,0.01206197755512327,69145,69639,stress,fill,random_n6,random_traders,23,True
seconds,1.0,2.1984174274404076,1.2914026790294442,1.0598844999257044,1.702348510762446,2.074204715319935,0.012612995064853036,69145,69639,stress,fill,random_n6,random_traders,23,True
seconds,5.0,2.091462056895929,1.2285745507887846,1.0083199799173785,1.702348510762446,2.074204715319935,0.013730623055409303,69145,69639,stress,fill,random_n6,random_traders,23,True
seconds,15.0,1.8385480413558253,1.0800068433298529,0.886386974138297,1.702348510762446,2.074204715319935,0.01583902458311084,69145,69639,stress,fill,random_n6,random_traders,23,True
seconds,30.0,1.6842883407632105,0.9893910266405163,0.8120164457843391,1.702348510762446,2.074204715319935,0.018697030172290123,69145,69639,stress,fill,random_n6,random_traders,23,True
seconds,60.0,1.6084960985186998,0.9448688610760956,0.7754760591558089,1.702348510762446,2.074204715319935,0.023501098747089413,69145,69639,stress,fill,random_n6,random_traders,23,True
seconds,180.0,1.5130261648214496,0.8887875515829582,0.7294488117042358,1.702348510762446,2.074204715319935,0.03601743759403325,69145,69639,stress,fill,random_n6,random_traders,23,True
seconds,600.0,1.4987012887159707,0.8803727786883861,0.7225426100165836,1.702348510762446,2.074204715319935,0.06199884887883837,69145,69639,stress,fill,random_n6,random_traders,23,True
z,1.0,1.7015234203913256,1.0,0.8204568113557954,1.7015234203913256,2.0738732335948042,0.011341098806506297,69574,69639,stress,fill,random_n6,random_traders,23,True
z,1.0833333333333333,2.1451339511077387,1.2607137377012354,1.0343611732668023,1.7015234203913256,2.0738732335948042,0.012471803533145557,69574,69639,stress,fill,random_n6,random_traders,23,True
z,1.1666666666666667,2.107731044943116,1.2387317269240812,1.0163258827973896,1.7015234203913256,2.0738732335948042,0.012823336922552586,69574,69639,stress,fill,random_n6,random_traders,23,True
z,1.25,2.0644054649985795,1.213268909647918,0.9954347409268532,1.7015234203913256,2.0738732335948042,0.013197847439561823,69574,69639,stress,fill,random_n6,random_traders,23,True
z,1.3333333333333333,2.0250383133766108,1.1901324948620933,0.9764523118254705,1.7015234203913256,2.0738732335948042,0.013570980659947057,69574,69639,stress,fill,random_n6,random_traders,23,True
z,1.4166666666666665,1.9970342774758059,1.173674281260564,0.9629490583733474,1.7015234203913256,2.0738732335948042,0.013931445738812933,69574,69639,stress,fill,random_n6,random_traders,23,True
z,1.5,1.9681117395896934,1.156676256114686,0.9490029128628146,1.7015234203913256,2.0738732335948042,0.014285614567309096,69574,69639,stress,fill,random_n6,random_traders,23,True
z,1.5833333333333333,1.9430286041540412,1.1419346809267974,0.9369080870897977,1.7015234203913256,2.0738732335948042,0.014668844443756579,69574,69639,stress,fill,random_n6,random_traders,23,True
z,1.6666666666666665,1.921213353808072,1.1291136700112072,0.9263890013556348,1.7015234203913256,2.0738732335948042,0.014986118252149532,69574,69639,stress,fill,random_n6,random_traders,23,True
z,1.75,1.8948105230557017,1.113596498495403,0.9136578322925171,1.7015234203913256,2.0738732335948042,0.015257035569680765,69574,69639,stress,fill,random_n6,random_traders,23,True
z,1.8333333333333333,1.874346939161302,1.1015698736196233,0.9037905059955627,1.7015234203913256,2.0738732335948042,0.01558752274601428,69574,69639,stress,fill,random_n6,random_traders,23,True
z,1.9166666666666665,1.8614424932319327,1.093985819368756,0.8975681170277466,1.7015234203913256,2.0738732335948042,0.015913979367277183,69574,69639,stress,fill,random_n6,random_traders,23,True
z,2.0,1.8490030030582498,1.0866750236285352,0.8915699248662515,1.7015234203913256,2.0738732335948042,0.016232211042447323,69574,69639,stress,fill,random_n6,random_traders,23,True
z,2.083333333333333,1.834507039685972,1.078155620840095,0.8845801228197924,1.7015234203913256,2.0738732335948042,0.01653927702220071,69574,69639,stress,fill,random_n6,random_traders,23,True
z,2.1666666666666665,1.8208157723980627,1.0701091448857645,0.8779783368156512,1.7015234203913256,2.0738732335948042,0.01685071404889746,69574,69639,stress,fill,random_n6,random_traders,23,True
z,2.25,1.8123651822837181,1.0651426601385836,0.873903550576332,1.7015234203913256,2.0738732335948042,0.017159305705513654,69574,69639,stress,fill,random_n6,random_traders,23,True
z,2.333333333333333,1.8040166012817138,1.060236127027165,0.8698779520649258,1.7015234203913256,2.0738732335948042,0.017409745222816513,69574,69639,stress,fill,random_n6,random_traders,23,True
z,2.4166666666666665,1.7975570416126636,1.0564397880572527,0.8667632198988457,1.7015234203913256,2.0738732335948042,0.017692276962680324,69574,69639,stress,fill,random_n6,random_traders,23,True
z,2.5,1.789286627661203,1.0515791943960977,0.8627753127223184,1.7015234203913256,2.0738732335948042,0.01801255291394313,69574,69639,stress,fill,random_n6,random_traders,23,True
z,2.583333333333333,1.7812982530896357,1.046884357712786,0.8589234019872922,1.7015234203913256,2.0738732335948042,0.018255218400408498,69574,69639,stress,fill,random_n6,random_traders,23,True
z,2.6666666666666665,1.7715341633587667,1.0411459179041682,0.8542152599597566,1.7015234203913256,2.0738732335948042,0.018551174174351835,69574,69639,stress,fill,random_n6,random_traders,23,True
z,2.75,1.7668354202731298,1.0383844260379227,0.8519495751485918,1.7015234203913256,2.0738732335948042,0.0188170365548178,69574,69639,stress,fill,random_n6,random_traders,23,True
z,2.833333333333333,1.7608599572490395,1.034872594844488,0.8490682693256064,1.7015234203913256,2.0738732335948042,0.01903903512660693,69574,69639,stress,fill,random_n6,random_traders,23,True
z,2.9166666666666665,1.757483945936162,1.0328884838575811,0.8474403919519129,1.7015234203913256,2.0738732335948042,0.01931648045118444,69574,69639,stress,fill,random_n6,random_traders,23,True
z,3.0,1.7493761182243266,1.0281234435327347,0.8435308821610076,1.7015234203913256,2.0738732335948042,0.019585845901629973,69574,69639,stress,fill,random_n6,random_traders,23,True
seconds,0.1,2.13386298478295,1.2566952165076304,1.032185477986416,1.697995629133513,2.0673251370923014,0.012071102863926389,69351,69863,stress,fill,random_n6,random_traders,71,True
seconds,1.0,2.192362005209659,1.2911470251124386,1.060482439783624,1.697995629133513,2.0673251370923014,0.012624869336259533,69351,69863,stress,fill,random_n6,random_traders,71,True
seconds,5.0,2.0823870745927784,1.226379525873939,1.0072857129390211,1.697995629133513,2.0673251370923014,0.01376093375716162,69351,69863,stress,fill,random_n6,random_traders,71,True
seconds,15.0,1.8317992761110076,1.0788009372237162,0.8860721728017289,1.697995629133513,2.0673251370923014,0.015834617334069392,69351,69863,stress,fill,random_n6,random_traders,71,True
seconds,30.0,1.681541057039411,0.9903094143401895,0.8133897406213051,1.697995629133513,2.0673251370923014,0.018688783843393023,69351,69863,stress,fill,random_n6,random_traders,71,True
seconds,60.0,1.5963990163997521,0.9401667407202894,0.7722051010539599,1.697995629133513,2.0673251370923014,0.02342486846342113,69351,69863,stress,fill,random_n6,random_traders,71,True
seconds,180.0,1.5102679876726095,0.8894416226756127,0.7305420712857996,1.697995629133513,2.0673251370923014,0.0360928163665576,69351,69863,stress,fill,random_n6,random_traders,71,True
seconds,600.0,1.5269399537140895,0.8992602380804048,0.7386065821565614,1.697995629133513,2.0673251370923014,0.06205720467428933,69351,69863,stress,fill,random_n6,random_traders,71,True
z,1.0,1.697074732246465,1.0,0.8212136629855369,1.697074732246465,2.066544687136256,0.01133369065677501,69794,69863,stress,fill,random_n6,random_traders,71,True
z,1.0833333333333333,2.1359604880056318,1.258613099010791,1.03359027332023,1.697074732246465,2.066544687136256,0.012542532844569573,69794,69863,stress,fill,random_n6,random_traders,71,True
z,1.1666666666666667,2.0955174745028313,1.2347820839503847,1.0140199181498102,1.697074732246465,2.066544687136256,0.012840706101858052,69794,69863,stress,fill,random_n6,random_traders,71,True
z,1.25,2.0543955964462586,1.2105510484660849,0.9941210607418158,1.697074732246465,2.066544687136256,0.013120260474751472,69794,69863,stress,fill,random_n6,random_traders,71,True
z,1.3333333333333333,2.016883830850414,1.1884472690136683,0.9759691350518723,1.697074732246465,2.066544687136256,0.013488742041747452,69794,69863,stress,fill,random_n6,random_traders,71,True
z,1.4166666666666665,1.9845455084710222,1.1693919370563157,0.9603206360957695,1.697074732246465,2.066544687136256,0.013892611552765532,69794,69863,stress,fill,random_n6,random_traders,71,True
z,1.5,1.956532010572408,1.15288500464708,0.9467649176673264,1.697074732246465,2.066544687136256,0.01426762819579467,69794,69863,stress,fill,random_n6,random_traders,71,True
z,1.5833333333333333,1.9326489643282203,1.138811937745322,0.9352079228474931,1.697074732246465,2.066544687136256,0.014603569824219934,69794,69863,stress,fill,random_n6,random_traders,71,True
z,1.6666666666666665,1.9074707901427652,1.123975717685569,0.9230242162273637,1.697074732246465,2.066544687136256,0.014866455650024552,69794,69863,stress,fill,random_n6,random_traders,71,True
z,1.75,1.8882354182416243,1.112641289368627,0.9137162288313609,1.697074732246465,2.066544687136256,0.01519604298326079,69794,69863,stress,fill,random_n6,random_traders,71,True
z,1.8333333333333333,1.8730285377032256,1.1036806465345492,0.9063576265068829,1.697074732246465,2.066544687136256,0.015580789800327321,69794,69863,stress,fill,random_n6,random_traders,71,True
z,1.9166666666666665,1.8602139860286586,1.096129681670672,0.9001566709919431,1.697074732246465,2.066544687136256,0.015908283592035506,69794,69863,stress,fill,random_n6,random_traders,71,True
z,2.0,1.8486422843728423,1.089311065238561,0.8945571300152357,1.697074732246465,2.066544687136256,0.01625022871202776,69794,69863,stress,fill,random_n6,random_traders,71,True
z,2.083333333333333,1.8287510009815144,1.0775901415730502,0.8849317473583078,1.697074732246465,2.066544687136256,0.016534281902378305,69794,69863,stress,fill,random_n6,random_traders,71,True
z,2.1666666666666665,1.8181903000983253,1.0713672565801131,0.8798214291789203,1.697074732246465,2.066544687136256,0.016834847707262318,69794,69863,stress,fill,random_n6,random_traders,71,True
z,2.25,1.8084165320751688,1.0656080711786438,0.8750919074395668,1.697074732246465,2.066544687136256,0.01718724117856242,69794,69863,stress,fill,random_n6,random_traders,71,True
z,2.333333333333333,1.798918000235836,1.0600110684899293,0.8704955723598277,1.697074732246465,2.066544687136256,0.01749315544240803,69794,69863,stress,fill,random_n6,random_traders,71,True
z,2.4166666666666665,1.7887701816455808,1.0540314740752377,0.8655850477273709,1.697074732246465,2.066544687136256,0.017778396518248172,69794,69863,stress,fill,random_n6,random_traders,71,True
z,2.5,1.7800401619404183,1.048887316579235,0.861360595307104,1.697074732246465,2.066544687136256,0.01808013395581576,69794,69863,stress,fill,random_n6,random_traders,71,True
z,2.583333333333333,1.7684067784860074,1.042032354194042,0.8557312065371316,1.697074732246465,2.066544687136256,0.01831704124051729,69794,69863,stress,fill,random_n6,random_traders,71,True
z,2.6666666666666665,1.7587339389367966,1.0363326408193654,0.8510505240387458,1.697074732246465,2.066544687136256,0.01859354858872975,69794,69863,stress,fill,random_n6,random_traders,71,True
z,2.75,1.7492227572394297,1.03072818421139,0.8464480676986668,1.697074732246465,2.066544687136256,0.018832406488044604,69794,69863,stress,fill,random_n6,random_traders,71,True
z,2.833333333333333,1.7446758165669558,1.0280489028656268,0.8442478052505439,1.697074732246465,2.066544687136256,0.019117911685107875,69794,69863,stress,fill,random_n6,random_traders,71,True
z,2.9166666666666665,1.7383344804180112,1.0243122753450755,0.8411792356771792,1.697074732246465,2.066544687136256,0.01937956152958839,69794,69863,stress,fill,random_n6,random_traders,71,True
z,3.0,1.7279216767316723,1.0181765386633117,0.8361404848816334,1.697074732246465,2.066544687136256,0.01964304225447934,69794,69863,stress,fill,random_n6,random_traders,71,True
seconds,0.1,0.8007261961902015,1.6396302373953724,1.0535268660135533,0.4883577881938745,0.7600434521618553,0.020372954644335556,12130,12213,stress,fill,threshold_wait5s,time_threshold,7,True
seconds,1.0,0.8713340926942769,1.7842125461268645,1.1464266815480986,0.4883577881938745,0.7600434521618553,0.02161852311196013,12130,12213,stress,fill,threshold_wait5s,time_threshold,7,True
seconds,5.0,0.880588562211528,1.803162729252801,1.1586029189604834,0.4883577881938745,0.7600434521618553,0.02485300606482941,12130,12213,stress,fill,threshold_wait5s,time_threshold,7,True
seconds,15.0,0.825430894028692,1.6902175289994594,1.086031188981169,0.4883577881938745,0.7600434521618553,0.03052839500120588,12130,12213,stress,fill,threshold_wait5s,time_threshold,7,True
seconds,30.0,0.8616150231613733,1.7643110112934626,1.133639163274954,0.4883577881938745,0.7600434521618553,0.038171526193807315,12130,12213,stress,fill,threshold_wait5s,time_threshold,7,True
seconds,60.0,0.8912424961566072,1.824978566335038,1.172620451661772,0.4883577881938745,0.7600434521618553,0.05036396565926132,12130,12213,stress,fill,threshold_wait5s,time_threshold,7,True
seconds,180.0,0.8528068583791584,1.746274717012602,1.12205013536193,0.4883577881938745,0.7600434521618553,0.08070311416823633,12130,12213,stress,fill,threshold_wait5s,time_threshold,7,True
seconds,600.0,0.9687460923216002,1.9836810546308214,1.2745930374982042,0.4883577881938745,0.7600434521618553,0.14623376054663637,12130,12213,stress,fill,threshold_wait5s,time_threshold,7,True
z,1.0,0.4879512472177836,1.0,0.6428785052646331,0.4879512472177836,0.7590100512334355,0.018958462564416988,12211,12213,stress,fill,threshold_wait5s,time_threshold,7,True
z,1.0833333333333333,0.8498069190331956,1.7415816106192012,1.1196253826312443,0.4879512472177836,0.7590100512334355,0.021260019887411132,12211,12213,stress,fill,threshold_wait5s,time_threshold,7,True
z,1.1666666666666667,0.8564530886036387,1.7552021712968067,1.1283817483205296,0.4879512472177836,0.7590100512334355,0.02214371674747826,12211,12213,stress,fill,threshold_wait5s,time_threshold,7,True
z,1.25,0.8665912949326782,1.7759792599646722,1.141738892027078,0.4879512472177836,0.7590100512334355,0.02305188258534807,12211,12213,stress,fill,threshold_wait5s,time_threshold,7,True
z,1.3333333333333333,0.8667399801595633,1.776283973248495,1.1419347856475162,0.4879512472177836,0.7590100512334355,0.02338366338367712,12211,12213,stress,fill,threshold_wait5s,time_threshold,7,True
z,1.4166666666666665,0.8680288551698193,1.7789253744491373,1.1436328857031892,0.4879512472177836,0.7590100512334355,0.02380248283640721,12211,12213,stress,fill,threshold_wait5s,time_threshold,7,True
z,1.5,0.864935776184333,1.7725864645618843,1.1395577367898648,0.4879512472177836,0.7590100512334355,0.02449096134804195,12211,12213,stress,fill,threshold_wait5s,time_threshold,7,True
z,1.5833333333333333,0.8664641080910391,1.7757186051505607,1.1415713226497917,0.4879512472177836,0.7590100512334355,0.024990344349391413,12211,12213,stress,fill,threshold_wait5s,time_threshold,7,True
z,1.6666666666666665,0.8628354497966907,1.768282087024952,1.136790544992827,0.4879512472177836,0.7590100512334355,0.025516340776884642,12211,12213,stress,fill,threshold_wait5s,time_threshold,7,True
z,1.75,0.8615061999234328,1.7655579421829477,1.135039250828675,0.4879512472177836,0.7590100512334355,0.025965095492276092,12211,12213,stress,fill,threshold_wait5s,time_threshold,7,True
z,1.8333333333333333,0.8613346774853728,1.7652064266595466,1.1348132690544137,0.4879512472177836,0.7590100512334355,0.026564675091893253,12211,12213,stress,fill,threshold_wait5s,time_threshold,7,True
z,1.9166666666666665,0.8602745252626098,1.7630337665243225,1.1334165125542326,0.4879512472177836,0.7590100512334355,0.027198063171295667,12211,12213,stress,fill,threshold_wait5s,time_threshold,7,True
z,2.0,0.8558553159843054,1.753977105016637,1.127594179541484,0.4879512472177836,0.7590100512334355,0.02791739028200645,12211,12213,stress,fill,threshold_wait5s,time_threshold,7,True
z,2.083333333333333,0.8578882629799516,1.7581433962337158,1.1302725986116169,0.4879512472177836,0.7590100512334355,0.028307259437372664,12211,12213,stress,fill,threshold_wait5s,time_threshold,7,True
z,2.1666666666666665,0.8569851890674588,1.756292650042079,1.1290827936663133,0.4879512472177836,0.7590100512334355,0.028572542767499397,12211,12213,stress,fill,threshold_wait5s,time_threshold,7,True
z,2.25,0.8517143965872862,1.7454907666362556,1.1221384950083346,0.4879512472177836,0.7590100512334355,0.02890116564456614,12211,12213,stress,fill,threshold_wait5s,time_threshold,7,True
z,2.333333333333333,0.8558756567708339,1.7540187911208214,1.1276209786418325,0.4879512472177836,0.7590100512334355,0.02957389627076352,12211,12213,stress,fill,threshold_wait5s,time_threshold,7,True
z,2.4166666666666665,0.8569454640599514,1.756211238204864,1.1290304557460935,0.4879512472177836,0.7590100512334355,0.030069820809303323,12211,12213,stress,fill,threshold_wait5s,time_threshold,7,True
z,2.5,0.8560015833982897,1.7542768632708032,1.1277868876798631,0.4879512472177836,0.7590100512334355,0.030476703767478068,12211,12213,stress,fill,threshold_wait5s,time_threshold,7,True
z,2.583333333333333,0.8622070509880179,1.7669942558896576,1.1359626260375357,0.4879512472177836,0.7590100512334355,0.030859331035799464,12211,12213,stress,fill,threshold_wait5s,time_threshold,7,True
z,2.6666666666666665,0.8698396769143847,1.7826364454934074,1.1460186535090604,0.4879512472177836,0.7590100512334355,0.03120135345136182,12211,12213,stress,fill,threshold_wait5s,time_threshold,7,True
z,2.75,0.8731260713882104,1.7893715332558924,1.150348496662633,0.4879512472177836,0.7590100512334355,0.0318102979785854,12211,12213,stress,fill,threshold_wait5s,time_threshold,7,True
z,2.833333333333333,0.8698321791307098,1.7826210796475004,1.1460087751370116,0.4879512472177836,0.7590100512334355,0.03216171108031115,12211,12213,stress,fill,threshold_wait5s,time_threshold,7,True
z,2.9166666666666665,0.8737738926393676,1.7906991684548,1.1512020047948432,0.4879512472177836,0.7590100512334355,0.03273123062027508,12211,12213,stress,fill,threshold_wait5s,time_threshold,7,True
z,3.0,0.8720760333527016,1.7872196009850025,1.1489650656608925,0.4879512472177836,0.7590100512334355,0.03324068842878327,12211,12213,stress,fill,threshold_wait5s,time_threshold,7,True
seconds,0.1,0.7893555072839501,1.6395171363765002,1.0619782341620323,0.48145608836300796,0.7432878395165992,0.021121227537713956,11993,12085,stress,fill,threshold_wait5s,time_threshold,23,True
seconds,1.0,0.8726538691363278,1.8125305510278744,1.174045669445988,0.48145608836300796,0.7432878395165992,0.02242175522711377,11993,12085,stress,fill,threshold_wait5s,time_threshold,23,True
seconds,5.0,0.8705025760036763,1.8080622450189794,1.1711513759862018,0.48145608836300796,0.7432878395165992,0.024968315385121124,11993,12085,stress,fill,threshold_wait5s,time_threshold,23,True
seconds,15.0,0.8085613820119526,1.6794083646571605,1.0878173152110284,0.48145608836300796,0.7432878395165992,0.0309638773396008,11993,12085,stress,fill,threshold_wait5s,time_threshold,23,True
seconds,30.0,0.8008935639050557,1.663482056334904,1.0775012334735905,0.48145608836300796,0.7432878395165992,0.03864284411698241,11993,12085,stress,fill,threshold_wait5s,time_threshold,23,True
seconds,60.0,0.8030930321072991,1.6680504235347493,1.0804603404107815,0.48145608836300796,0.7432878395165992,0.04989908163901043,11993,12085,stress,fill,threshold_wait5s,time_threshold,23,True
seconds,180.0,0.7450937659030703,1.5475840557681035,1.0024296460811812,0.48145608836300796,0.7432878395165992,0.07995790276724571,11993,12085,stress,fill,threshold_wait5s,time_threshold,23,True
seconds,600.0,0.7779163475765034,1.6157576285336546,1.0465882881689885,0.48145608836300796,0.7432878395165992,0.1424676460192891,11993,12085,stress,fill,threshold_wait5s,time_threshold,23,True
z,1.0,0.4812581013475993,1.0,0.6475330743672354,0.4812581013475993,0.7432177913350313,0.01974050840811317,12082,12085,stress,fill,threshold_wait5s,time_threshold,23,True
z,1.0833333333333333,0.8453345717999957,1.756509800942414,1.137398191560422,0.4812581013475993,0.7432177913350313,0.021869861043412743,12082,12085,stress,fill,threshold_wait5s,time_threshold,23,True
z,1.1666666666666667,0.8556225376936394,1.7778870325460707,1.1512406560621982,0.4812581013475993,0.7432177913350313,0.02247231969544885,12082,12085,stress,fill,threshold_wait5s,time_threshold,23,True
z,1.25,0.8647116939158555,1.7967732729995092,1.1634701214062522,0.4812581013475993,0.7432177913350313,0.02303547269078439,12082,12085,stress,fill,threshold_wait5s,time_threshold,23,True
z,1.3333333333333333,0.8647708602969756,1.7968962140595235,1.163549729808809,0.4812581013475993,0.7432177913350313,0.0239235855595179,12082,12085,stress,fill,threshold_wait5s,time_threshold,23,True
z,1.4166666666666665,0.8626016042235906,1.7923887448505673,1.160630994414318,0.4812581013475993,0.7432177913350313,0.02454339126331492,12082,12085,stress,fill,threshold_wait5s,time_threshold,23,True
z,1.5,0.8556424477710362,1.7779284034390301,1.1512674450837057,0.4812581013475993,0.7432177913350313,0.025050888585856603,12082,12085,stress,fill,threshold_wait5s,time_threshold,23,True
z,1.5833333333333333,0.8498937202679437,1.7659831967256365,1.1435325286566298,0.4812581013475993,0.7432177913350313,0.025410422523327227,12082,12085,stress,fill,threshold_wait5s,time_threshold,23,True
z,1.6666666666666665,0.8431094817137467,1.7518863149584514,1.134404331466933,0.4812581013475993,0.7432177913350313,0.025779643105827626,12082,12085,stress,fill,threshold_wait5s,time_threshold,23,True
z,1.75,0.8369791800469714,1.7391482402130924,1.126156006765551,0.4812581013475993,0.7432177913350313,0.026224812364051456,12082,12085,stress,fill,threshold_wait5s,time_threshold,23,True
z,1.8333333333333333,0.8302894648156178,1.725247767238983,1.1171549907654672,0.4812581013475993,0.7432177913350313,0.026714969030183118,12082,12085,stress,fill,threshold_wait5s,time_threshold,23,True
z,1.9166666666666665,0.8278142839149182,1.7201046207781363,1.1138246333257542,0.4812581013475993,0.7432177913350313,0.027242746765952945,12082,12085,stress,fill,threshold_wait5s,time_threshold,23,True
z,2.0,0.8252693186349525,1.7148164702559126,1.110400380960382,0.4812581013475993,0.7432177913350313,0.02786567503350272,12082,12085,stress,fill,threshold_wait5s,time_threshold,23,True
z,2.083333333333333,0.8258843121671967,1.7160943573824299,1.11122785514011,0.4812581013475993,0.7432177913350313,0.028239225407912884,12082,12085,stress,fill,threshold_wait5s,time_threshold,23,True
z,2.1666666666666665,0.827989475830231,1.720468649798785,1.1140603541566538,0.4812581013475993,0.7432177913350313,0.028808667010687187,12082,12085,stress,fill,threshold_wait5s,time_threshold,23,True
z,2.25,0.826674165005579,1.7177355824052827,1.1122906026248864,0.4812581013475993,0.7432177913350313,0.02929072944734616,12082,12085,stress,fill,threshold_wait5s,time_threshold,23,True
z,2.333333333333333,0.8296326213287206,1.7238829206316055,1.1162712074457524,0.4812581013475993,0.7432177913350313,0.029602691128390382,12082,12085,stress,fill,threshold_wait5s,time_threshold,23,True
z,2.4166666666666665,0.8275974815594267,1.7196541299606636,1.1135329256217419,0.4812581013475993,0.7432177913350313,0.030147720952020635,12082,12085,stress,fill,threshold_wait5s,time_threshold,23,True
z,2.5,0.8291227830317931,1.7228235342119278,1.1155852197004756,0.4812581013475993,0.7432177913350313,0.03067771252199135,12082,12085,stress,fill,threshold_wait5s,time_threshold,23,True
z,2.583333333333333,0.8205540551841701,1.7050186851639237,1.104055991057777,0.4812581013475993,0.7432177913350313,0.031195157800400445,12082,12085,stress,fill,threshold_wait5s,time_threshold,23,True
z,2.6666666666666665,0.8255002130651695,1.7152962428136536,1.110711049559693,0.4812581013475993,0.7432177913350313,0.03190992186724443,12082,12085,stress,fill,threshold_wait5s,time_threshold,23,True
z,2.75,0.825683878791256,1.715677879456387,1.1109581719082533,0.4812581013475993,0.7432177913350313,0.03222658622145376,12082,12085,stress,fill,threshold_wait5s,time_threshold,23,True
z,2.833333333333333,0.8272917952221198,1.7190189482640834,1.1131216244649735,0.4812581013475993,0.7432177913350313,0.03264731259951079,12082,12085,stress,fill,threshold_wait5s,time_threshold,23,True
z,2.9166666666666665,0.8281428907936681,1.7207874287720792,1.1142667740852745,0.4812581013475993,0.7432177913350313,0.03323642713716918,12082,12085,stress,fill,threshold_wait5s,time_threshold,23,True
z,3.0,0.8283903997951677,1.7213017245331408,1.1145997976005688,0.4812581013475993,0.7432177913350313,0.033550397954924774,12082,12085,stress,fill,threshold_wait5s,time_threshold,23,True
seconds,0.1,0.7949622263416262,1.62079372431032,1.0587728805155419,0.490477112798483,0.7508335743871151,0.021744845371052927,12116,12204,stress,fill,threshold_wait5s,time_threshold,71,True
seconds,1.0,0.8659746695141209,1.7655761031808115,1.153351020858374,0.490477112798483,0.7508335743871151,0.022861411089567338,12116,12204,stress,fill,threshold_wait5s,time_threshold,71,True
seconds,5.0,0.8848473119003236,1.8040542337474395,1.1784866075316363,0.490477112798483,0.7508335743871151,0.0258245762487546,12116,12204,stress,fill,threshold_wait5s,time_threshold,71,True
seconds,15.0,0.8162959468176271,1.6642895774690505,1.0871862615945846,0.490477112798483,0.7508335743871151,0.03132063846525141,12116,12204,stress,fill,threshold_wait5s,time_threshold,71,True
seconds,30.0,0.8347520289880775,1.701918412105486,1.1117670512662714,0.490477112798483,0.7508335743871151,0.0386129755747561,12116,12204,stress,fill,threshold_wait5s,time_threshold,71,True
seconds,60.0,0.8155254683418001,1.6627187019771628,1.086160097472321,0.490477112798483,0.7508335743871151,0.05068657832790074,12116,12204,stress,fill,threshold_wait5s,time_threshold,71,True
seconds,180.0,0.762475227739123,1.5545582206450332,1.0155049717395905,0.490477112798483,0.7508335743871151,0.07972435628460225,12116,12204,stress,fill,threshold_wait5s,time_threshold,71,True
seconds,600.0,0.7697122464873619,1.569313279666946,1.0251436173664144,0.490477112798483,0.7508335743871151,0.1411242941937923,12116,12204,stress,fill,threshold_wait5s,time_threshold,71,True
z,1.0,0.49083198427978875,1.0,0.6532766575174146,0.49083198427978875,0.7513386229733832,0.020534391789965124,12203,12204,stress,fill,threshold_wait5s,time_threshold,71,True
z,1.0833333333333333,0.8411038117355715,1.7136287745586634,1.1194736780693468,0.49083198427978875,0.7513386229733832,0.022311629194124716,12203,12204,stress,fill,threshold_wait5s,time_threshold,71,True
z,1.1666666666666667,0.8587717559572035,1.7496246851502615,1.1429889662249217,0.49083198427978875,0.7513386229733832,0.023182337398494613,12203,12204,stress,fill,threshold_wait5s,time_threshold,71,True
z,1.25,0.8564640066984283,1.7449229759448979,1.139917449350623,0.49083198427978875,0.7513386229733832,0.02374840024046619,12203,12204,stress,fill,threshold_wait5s,time_threshold,71,True
z,1.3333333333333333,0.866111108243564,1.7645775662204095,1.1527573343906836,0.49083198427978875,0.7513386229733832,0.024190208293982777,12203,12204,stress,fill,threshold_wait5s,time_threshold,71,True
z,1.4166666666666665,0.872188629284597,1.7769596465160746,1.160846258419348,0.49083198427978875,0.7513386229733832,0.02467745282244982,12203,12204,stress,fill,threshold_wait5s,time_threshold,71,True
z,1.5,0.8699499620352061,1.7723986820290605,1.1578666867842156,0.49083198427978875,0.7513386229733832,0.025285495217398066,12203,12204,stress,fill,threshold_wait5s,time_threshold,71,True
z,1.5833333333333333,0.8704275651332796,1.7733717300645797,1.1585023563524635,0.49083198427978875,0.7513386229733832,0.025822122353038882,12203,12204,stress,fill,threshold_wait5s,time_threshold,71,True
z,1.6666666666666665,0.8723787968021106,1.7773470856471913,1.1610993633599154,0.49083198427978875,0.7513386229733832,0.02641551912115555,12203,12204,stress,fill,threshold_wait5s,time_threshold,71,True
z,1.75,0.8743576592946124,1.7813787350830068,1.1637331458276268,0.49083198427978875,0.7513386229733832,0.027179685021755665,12203,12204,stress,fill,threshold_wait5s,time_threshold,71,True
z,1.8333333333333333,0.8797485961055489,1.792361998162015,1.1709082552205157,0.49083198427978875,0.7513386229733832,0.027430821254102077,12203,12204,stress,fill,threshold_wait5s,time_threshold,71,True
z,1.9166666666666665,0.8808127145684972,1.7945299874068676,1.1723245519879266,0.49083198427978875,0.7513386229733832,0.027976026375885088,12203,12204,stress,fill,threshold_wait5s,time_threshold,71,True
z,2.0,0.8763195797459651,1.785375867531968,1.1663443791535384,0.49083198427978875,0.7513386229733832,0.02853427848976773,12203,12204,stress,fill,threshold_wait5s,time_threshold,71,True
z,2.083333333333333,0.8717210915126002,1.776007105143526,1.1602239853753422,0.49083198427978875,0.7513386229733832,0.028763412119454414,12203,12204,stress,fill,threshold_wait5s,time_threshold,71,True
z,2.1666666666666665,0.8671332716304871,1.7666600779956416,1.1541177907224478,0.49083198427978875,0.7513386229733832,0.02929389361874413,12203,12204,stress,fill,threshold_wait5s,time_threshold,71,True
z,2.25,0.867883075457011,1.7681876961023224,1.1551157479731433,0.49083198427978875,0.7513386229733832,0.029687162496432187,12203,12204,stress,fill,threshold_wait5s,time_threshold,71,True
z,2.333333333333333,0.8635981860210752,1.7594578464324335,1.1494127409601689,0.49083198427978875,0.7513386229733832,0.03015563779965731,12203,12204,stress,fill,threshold_wait5s,time_threshold,71,True
z,2.4166666666666665,0.8646243853149618,1.7615485807911415,1.1507785689137824,0.49083198427978875,0.7513386229733832,0.03043066150339408,12203,12204,stress,fill,threshold_wait5s,time_threshold,71,True
z,2.5,0.8640783887731871,1.7604361908914168,1.150051870558234,0.49083198427978875,0.7513386229733832,0.0308870810123218,12203,12204,stress,fill,threshold_wait5s,time_threshold,71,True
z,2.583333333333333,0.8639732815301555,1.760222049909578,1.149911977253381,0.49083198427978875,0.7513386229733832,0.03135882445811602,12203,12204,stress,fill,threshold_wait5s,time_threshold,71,True
z,2.6666666666666665,0.8636764629465471,1.759617324477832,1.149516924244614,0.49083198427978875,0.7513386229733832,0.03170524796756837,12203,12204,stress,fill,threshold_wait5s,time_threshold,71,True
z,2.75,0.862191863196505,1.7565926647213563,1.1475409846287763,0.49083198427978875,0.7513386229733832,0.03237412516357914,12203,12204,stress,fill,threshold_wait5s,time_threshold,71,True
z,2.833333333333333,0.8581933113621092,1.7484461869805812,1.1422190808797426,0.49083198427978875,0.7513386229733832,0.032671233122810985,12203,12204,stress,fill,threshold_wait5s,time_threshold,71,True
z,2.9166666666666665,0.8640534084672165,1.7603852970891165,1.150018622825179,0.49083198427978875,0.7513386229733832,0.0329806324822844,12203,12204,stress,fill,threshold_wait5s,time_threshold,71,True
z,3.0,0.8662147016566738,1.7647886229901957,1.152895212851796,0.49083198427978875,0.7513386229733832,0.033352822239086484,12203,12204,stress,fill,threshold_wait5s,time_threshold,71,True
