lag,acf,series
1,0.26293,aggressive orders
2,0.195835,aggressive orders
3,0.165562,aggressive orders
4,0.148749,aggressive orders
5,0.132237,aggressive orders
6,0.120265,aggressive orders
7,0.112181,aggressive orders
8,0.106977,aggressive orders
9,0.0997905,aggressive orders
10,0.095506,aggressive orders
11,0.0904579,aggressive orders
12,0.0836348,aggressive orders
13,0.0831894,aggressive orders
14,0.0824548,aggressive orders
15,0.0774395,aggressive orders
16,0.0748882,aggressive orders
17,0.0709259,aggressive orders
18,0.0683955,aggressive orders
19,0.0660201,aggressive orders
20,0.064847,aggressive orders
21,0.0644851,aggressive orders
22,0.0621933,aggressive orders
23,0.0643821,aggressive orders
24,0.0624155,aggressive orders
25,0.0580475,aggressive orders
26,0.0598364,aggressive orders
27,0.060635,aggressive orders
28,0.0597839,aggressive orders
29,0.0577725,aggressive orders
30,0.0567753,aggressive orders
31,0.0569385,aggressive orders
32,0.0566513,aggressive orders
33,0.0530977,aggressive orders
34,0.054481,aggressive orders
35,0.0517715,aggressive orders
36,0.0483939,aggressive orders
37,0.0442974,aggressive orders
38,0.0475302,aggressive orders
39,0.0485793,aggressive orders
40,0.0472183,aggressive orders
41,0.0438317,aggressive orders
42,0.0432224,aggressive orders
43,0.0447936,aggressive orders
44,0.0426688,aggressive orders
45,0.0417552,aggressive orders
46,0.041814,aggressive orders
47,0.0423532,aggressive orders
48,0.0419318,aggressive orders
49,0.0429512,aggressive orders
50,0.0435081,aggressive orders
51,0.0413624,aggressive orders
52,0.0402519,aggressive orders
53,0.0400064,aggressive orders
54,0.0414732,aggressive orders
55,0.0416574,aggressive orders
56,0.0410987,aggressive orders
57,0.0413455,aggressive orders
58,0.0403692,aggressive orders
59,0.0433065,aggressive orders
60,0.0380496,aggressive orders
61,0.0403098,aggressive orders
62,0.0392918,aggressive orders
63,0.0358008,aggressive orders
64,0.0380105,aggressive orders
65,0.034779,aggressive orders
66,0.0347423,aggressive orders
67,0.0337571,aggressive orders
68,0.0333864,aggressive orders
69,0.0383523,aggressive orders
70,0.0339635,aggressive orders
71,0.0371932,aggressive orders
72,0.0373236,aggressive orders
73,0.0360758,aggressive orders
74,0.036582,aggressive orders
75,0.032047,aggressive orders
76,0.0343073,aggressive orders
77,0.0326539,aggressive orders
78,0.0324622,aggressive orders
79,0.0291592,aggressive orders
80,0.0303545,aggressive orders
81,0.0322598,aggressive orders
82,0.0334761,aggressive orders
83,0.0295555,aggressive orders
84,0.0295099,aggressive orders
85,0.0298909,aggressive orders
86,0.0302808,aggressive orders
87,0.0338863,aggressive orders
88,0.0322,aggressive orders
89,0.0286433,aggressive orders
90,0.0284187,aggressive orders
91,0.0313561,aggressive orders
92,0.0283125,aggressive orders
93,0.0275868,aggressive orders
94,0.0286657,aggressive orders
95,0.030914,aggressive orders
96,0.0289234,aggressive orders
97,0.0259754,aggressive orders
98,0.0275346,aggressive orders
99,0.0276529,aggressive orders
100,0.0272911,aggressive orders
101,0.0284118,aggressive orders
102,0.0282081,aggressive orders
103,0.0274077,aggressive orders
104,0.0293636,aggressive orders
105,0.0287929,aggressive orders
106,0.0252989,aggressive orders
107,0.0227027,aggressive orders
108,0.022654,aggressive orders
109,0.0217075,aggressive orders
110,0.0241228,aggressive orders
111,0.0257358,aggressive orders
112,0.0237154,aggressive orders
113,0.0243678,aggressive orders
114,0.02505,aggressive orders
115,0.0231429,aggressive orders
116,0.0250273,aggressive orders
117,0.0197197,aggressive orders
118,0.0207271,aggressive orders
119,0.0224534,aggressive orders
120,0.0212056,aggressive orders
121,0.0215985,aggressive orders
122,0.0224598,aggressive orders
123,0.0226737,aggressive orders
124,0.0218942,aggressive orders
125,0.0229225,aggressive orders
126,0.0226979,aggressive orders
127,0.0250208,aggressive orders
128,0.0213091,aggressive orders
129,0.0224715,aggressive orders
130,0.0230493,aggressive orders
131,0.0205784,aggressive orders
132,0.0235069,aggressive orders
133,0.021582,aggressive orders
134,0.0225597,aggressive orders
135,0.0213239,aggressive orders
136,0.0229071,aggressive orders
137,0.0229331,aggressive orders
138,0.0204951,aggressive orders
139,0.0197813,aggressive orders
140,0.024431,aggressive orders
141,0.021638,aggressive orders
142,0.0185944,aggressive orders
143,0.0211679,aggressive orders
144,0.0201707,aggressive orders
145,0.0189647,aggressive orders
146,0.0214338,aggressive orders
147,0.0210124,aggressive orders
148,0.0195052,aggressive orders
149,0.0239162,aggressive orders
150,0.0212485,aggressive orders
151,0.018029,aggressive orders
152,0.0223268,aggressive orders
153,0.0213207,aggressive orders
154,0.0197926,aggressive orders
155,0.0170085,aggressive orders
156,0.02028,aggressive orders
157,0.0226029,aggressive orders
158,0.0224738,aggressive orders
159,0.0227624,aggressive orders
160,0.025148,aggressive orders
161,0.0198163,aggressive orders
162,0.0223361,aggressive orders
163,0.022538,aggressive orders
164,0.0244553,aggressive orders
165,0.0242636,aggressive orders
166,0.0246983,aggressive orders
167,0.0223558,aggressive orders
168,0.0216003,aggressive orders
169,0.0239441,aggressive orders
170,0.019406,aggressive orders
171,0.0218453,aggressive orders
172,0.0201919,aggressive orders
173,0.0227357,aggressive orders
174,0.0220846,aggressive orders
175,0.0225193,aggressive orders
176,0.0199769,aggressive orders
177,0.0287641,aggressive orders
178,0.0246347,aggressive orders
179,0.0231573,aggressive orders
180,0.0229118,aggressive orders
181,0.0212255,aggressive orders
182,0.0214603,aggressive orders
183,0.0174562,aggressive orders
184,0.0225355,aggressive orders
185,0.0234296,aggressive orders
186,0.0196552,aggressive orders
187,0.0192636,aggressive orders
188,0.0203007,aggressive orders
189,0.0228951,aggressive orders
190,0.0203616,aggressive orders
191,0.0233527,aggressive orders
192,0.0230983,aggressive orders
193,0.0192404,aggressive orders
194,0.0213963,aggressive orders
195,0.0201485,aggressive orders
196,0.0202371,aggressive orders
197,0.0187477,aggressive orders
198,0.015546,aggressive orders
199,0.0169292,aggressive orders
200,0.0185839,aggressive orders
201,0.0181625,aggressive orders
202,0.0155037,aggressive orders
203,0.0175134,aggressive orders
204,0.019022,aggressive orders
205,0.017995,aggressive orders
206,0.0209564,aggressive orders
207,0.0188436,aggressive orders
208,0.0192663,aggressive orders
209,0.0214551,aggressive orders
210,0.0203952,aggressive orders
211,0.02063,aggressive orders
212,0.0212287,aggressive orders
213,0.0238977,aggressive orders
214,0.0216059,aggressive orders
215,0.0192634,aggressive orders
216,0.0189344,aggressive orders
217,0.0192527,aggressive orders
218,0.0175962,aggressive orders
219,0.018896,aggressive orders
220,0.0194231,aggressive orders
221,0.0189271,aggressive orders
222,0.0195497,aggressive orders
223,0.0181051,aggressive orders
224,0.0179849,aggressive orders
225,0.0179483,aggressive orders
226,0.017339,aggressive orders
227,0.0183046,aggressive orders
228,0.0164424,aggressive orders
229,0.0196334,aggressive orders
230,0.0195759,aggressive orders
231,0.0183281,aggressive orders
232,0.0216116,aggressive orders
233,0.0197671,aggressive orders
234,0.0202019,aggressive orders
235,0.019142,aggressive orders
236,0.016892,aggressive orders
237,0.0170641,aggressive orders
238,0.019575,aggressive orders
239,0.02029,aggressive orders
240,0.0188126,aggressive orders
241,0.0168428,aggressive orders
242,0.0153863,aggressive orders
243,0.0173453,aggressive orders
244,0.0196056,aggressive orders
245,0.0153927,aggressive orders
246,0.0180915,aggressive orders
247,0.018568,aggressive orders
248,0.0174455,aggressive orders
249,0.0156966,aggressive orders
250,0.0162863,aggressive orders
251,0.0179411,aggressive orders
252,0.0223103,aggressive orders
253,0.0204988,aggressive orders
254,0.0180608,aggressive orders
255,0.0197693,aggressive orders
256,0.0187721,aggressive orders
257,0.0181299,aggressive orders
258,0.0173535,aggressive orders
259,0.0162101,aggressive orders
260,0.0196188,aggressive orders
261,0.0203428,aggressive orders
262,0.0202106,aggressive orders
263,0.0207377,aggressive orders
264,0.0259005,aggressive orders
265,0.0248109,aggressive orders
266,0.0210454,aggressive orders
267,0.0232759,aggressive orders
268,0.0229558,aggressive orders
269,0.0222092,aggressive orders
270,0.0194371,aggressive orders
271,0.0200806,aggressive orders
272,0.0189075,aggressive orders
273,0.0173674,aggressive orders
274,0.0189803,aggressive orders
275,0.0197998,aggressive orders
276,0.0197214,aggressive orders
277,0.0144435,aggressive orders
278,0.0188546,aggressive orders
279,0.0189135,aggressive orders
280,0.0199329,aggressive orders
281,0.0184465,aggressive orders
282,0.0166976,aggressive orders
283,0.0195723,aggressive orders
284,0.0166749,aggressive orders
285,0.0206386,aggressive orders
286,0.0201336,aggressive orders
287,0.0186055,aggressive orders
288,0.0217548,aggressive orders
289,0.0172407,aggressive orders
290,0.0174457,aggressive orders
291,0.0198851,aggressive orders
292,0.0189625,aggressive orders
293,0.0162442,aggressive orders
294,0.017368,aggressive orders
295,0.0166214,aggressive orders
296,0.0187475,aggressive orders
297,0.0176996,aggressive orders
298,0.0160462,aggressive orders
299,0.0198846,aggressive orders
300,0.0170916,aggressive orders
301,0.0163153,aggressive orders
302,0.0162488,aggressive orders
303,0.0182674,aggressive orders
304,0.0173835,aggressive orders
305,0.0200614,aggressive orders
306,0.0186675,aggressive orders
307,0.0164592,aggressive orders
308,0.020214,aggressive orders
309,0.0208247,aggressive orders
310,0.0170623,aggressive orders
311,0.0129031,aggressive orders
312,0.0171471,aggressive orders
313,0.0116902,aggressive orders
314,0.0133538,aggressive orders
315,0.0137468,aggressive orders
316,0.0160488,aggressive orders
317,0.00970604,aggressive orders
318,0.012029,aggressive orders
319,0.0142475,aggressive orders
320,0.0160275,aggressive orders
321,0.0153555,aggressive orders
322,0.0153726,aggressive orders
323,0.0158909,aggressive orders
324,0.0150905,aggressive orders
325,0.0157967,aggressive orders
326,0.0152082,aggressive orders
327,0.0141484,aggressive orders
328,0.0178615,aggressive orders
329,0.0174072,aggressive orders
330,0.0122337,aggressive orders
331,0.0150458,aggressive orders
332,0.0141232,aggressive orders
333,0.00960912,aggressive orders
334,0.0106583,aggressive orders
335,0.0107052,aggressive orders
336,0.0110564,aggressive orders
337,0.0113956,aggressive orders
338,0.012415,aggressive orders
339,0.0115013,aggressive orders
340,0.0143134,aggressive orders
341,0.0167527,aggressive orders
342,0.0150367,aggressive orders
343,0.0166407,aggressive orders
344,0.0165832,aggressive orders
345,0.016985,aggressive orders
346,0.0151228,aggressive orders
347,0.0166643,aggressive orders
348,0.0141636,aggressive orders
349,0.0136258,aggressive orders
350,0.0142991,aggressive orders
351,0.0180837,aggressive orders
352,0.0162722,aggressive orders
353,0.0179895,aggressive orders
354,0.0167506,aggressive orders
355,0.0167886,aggressive orders
356,0.015153,aggressive orders
357,0.0195969,aggressive orders
358,0.0160433,aggressive orders
359,0.0171134,aggressive orders
360,0.0164832,aggressive orders
361,0.0184005,aggressive orders
362,0.0167053,aggressive orders
363,0.0176083,aggressive orders
364,0.0148242,aggressive orders
365,0.0148711,aggressive orders
366,0.012621,aggressive orders
367,0.0154659,aggressive orders
368,0.0175921,aggressive orders
369,0.0176509,aggressive orders
370,0.0182945,aggressive orders
371,0.021023,aggressive orders
372,0.0158913,aggressive orders
373,0.0178175,aggressive orders
374,0.0162774,aggressive orders
375,0.0174519,aggressive orders
376,0.0207891,aggressive orders
377,0.0179752,aggressive orders
378,0.0160921,aggressive orders
379,0.018591,aggressive orders
380,0.0187334,aggressive orders
381,0.0193858,aggressive orders
382,0.0167301,aggressive orders
383,0.0132809,aggressive orders
384,0.0168776,aggressive orders
385,0.0153704,aggressive orders
386,0.0177679,aggressive orders
387,0.0168663,aggressive orders
388,0.0202124,aggressive orders
389,0.0194569,aggressive orders
390,0.018042,aggressive orders
391,0.0188735,aggressive orders
392,0.0139298,aggressive orders
393,0.0157098,aggressive orders
394,0.0190141,aggressive orders
395,0.0157617,aggressive orders
396,0.0178252,aggressive orders
397,0.0197216,aggressive orders
398,0.0199147,aggressive orders
399,0.0160479,aggressive orders
400,0.0193851,aggressive orders
401,0.0150678,aggressive orders
402,0.0191238,aggressive orders
403,0.0155076,aggressive orders
404,0.0158588,aggressive orders
405,0.0148616,aggressive orders
406,0.0133753,aggressive orders
407,0.0184545,aggressive orders
408,0.0187222,aggressive orders
409,0.0170359,aggressive orders
410,0.0171663,aggressive orders
411,0.0167538,aggressive orders
412,0.0171019,aggressive orders
413,0.018151,aggressive orders
414,0.0159636,aggressive orders
415,0.0139641,aggressive orders
416,0.0154518,aggressive orders
417,0.0189352,aggressive orders
418,0.0186182,aggressive orders
419,0.0186562,aggressive orders
420,0.0184644,aggressive orders
421,0.0218643,aggressive orders
422,0.0165447,aggressive orders
423,0.0176983,aggressive orders
424,0.0212741,aggressive orders
425,0.0186481,aggressive orders
426,0.0167322,aggressive orders
427,0.0177187,aggressive orders
428,0.0165424,aggressive orders
429,0.0202435,aggressive orders
430,0.0207915,aggressive orders
431,0.0171424,aggressive orders
432,0.0186719,aggressive orders
433,0.0184353,aggressive orders
434,0.0178468,aggressive orders
435,0.0160473,aggressive orders
436,0.0154797,aggressive orders
437,0.0109029,aggressive orders
438,0.0138225,aggressive orders
439,0.0136814,aggressive orders
440,0.0134271,aggressive orders
441,0.0160126,aggressive orders
442,0.0121547,aggressive orders
443,0.0125565,aggressive orders
444,0.0164366,aggressive orders
445,0.016767,aggressive orders
446,0.0203219,aggressive orders
447,0.0154319,aggressive orders
448,0.0166064,aggressive orders
449,0.01634,aggressive orders
450,0.0157484,aggressive orders
451,0.0143634,aggressive orders
452,0.0158719,aggressive orders
453,0.0172045,aggressive orders
454,0.0168249,aggressive orders
455,0.0163915,aggressive orders
456,0.0167845,aggressive orders
457,0.0132935,aggressive orders
458,0.0176122,aggressive orders
459,0.0177546,aggressive orders
460,0.0178641,aggressive orders
461,0.0154798,aggressive orders
462,0.0149749,aggressive orders
463,0.0168087,aggressive orders
464,0.0172225,aggressive orders
465,0.0133646,aggressive orders
466,0.0175877,aggressive orders
467,0.0176048,aggressive orders
468,0.0168284,aggressive orders
469,0.0190469,aggressive orders
470,0.0178947,aggressive orders
471,0.0168886,aggressive orders
472,0.0155276,aggressive orders
473,0.0139577,aggressive orders
474,0.0135572,aggressive orders
475,0.0192957,aggressive orders
476,0.0207536,aggressive orders
477,0.0169286,aggressive orders
478,0.0171963,aggressive orders
479,0.0163781,aggressive orders
480,0.016959,aggressive orders
481,0.0166629,aggressive orders
482,0.0199166,aggressive orders
483,0.0146717,aggressive orders
484,0.014113,aggressive orders
485,0.0149862,aggressive orders
486,0.0157133,aggressive orders
487,0.0155007,aggressive orders
488,0.0147869,aggressive orders
489,0.0132259,aggressive orders
490,0.0123123,aggressive orders
491,0.00894662,aggressive orders
492,0.0114695,aggressive orders
493,0.0117998,aggressive orders
494,0.00958261,aggressive orders
495,0.0114373,aggressive orders
496,0.0121523,aggressive orders
497,0.0128167,aggressive orders
498,0.0107964,aggressive orders
499,0.0128598,aggressive orders
500,0.0133154,aggressive orders
501,0.0131029,aggressive orders
502,0.0130364,aggressive orders
503,0.0140976,aggressive orders
504,0.0111078,aggressive orders
505,0.0126372,aggressive orders
506,0.010763,aggressive orders
507,0.014318,aggressive orders
508,0.0139383,aggressive orders
509,0.0155304,aggressive orders
510,0.0132594,aggressive orders
511,0.0165935,aggressive orders
512,0.0109398,aggressive orders
513,0.0129198,aggressive orders
514,0.00962564,aggressive orders
515,0.0131806,aggressive orders
516,0.01593,aggressive orders
517,0.0158724,aggressive orders
518,0.0144994,aggressive orders
519,0.0113723,aggressive orders
520,0.0136117,aggressive orders
521,0.0128442,aggressive orders
522,0.0153342,aggressive orders
523,0.0121444,aggressive orders
524,0.0104164,aggressive orders
525,0.0138998,aggressive orders
526,0.01335,aggressive orders
527,0.00970087,aggressive orders
528,0.0152604,aggressive orders
529,0.0151522,aggressive orders
530,0.0117625,aggressive orders
531,0.0159021,aggressive orders
532,0.0121366,aggressive orders
533,0.0181226,aggressive orders
534,0.0179278,aggressive orders
535,0.0189561,aggressive orders
536,0.0152323,aggressive orders
537,0.0194763,aggressive orders
538,0.0164328,aggressive orders
539,0.0150926,aggressive orders
540,0.0180628,aggressive orders
541,0.0168448,aggressive orders
542,0.017372,aggressive orders
543,0.0168221,aggressive orders
544,0.0127048,aggressive orders
545,0.0154244,aggressive orders
546,0.01307,aggressive orders
547,0.0141698,aggressive orders
548,0.0169312,aggressive orders
549,0.0123215,aggressive orders
550,0.0120552,aggressive orders
551,0.0146198,aggressive orders
552,0.0129455,aggressive orders
553,0.0116471,aggressive orders
554,0.0145129,aggressive orders
555,0.0128684,aggressive orders
556,0.0123515,aggressive orders
557,0.0133291,aggressive orders
558,0.0137221,aggressive orders
559,0.0179781,aggressive orders
560,0.013619,aggressive orders
561,0.01349,aggressive orders
562,0.0108969,aggressive orders
563,0.0146518,aggressive orders
564,0.0152118,aggressive orders
565,0.0152466,aggressive orders
566,0.0104073,aggressive orders
567,0.0126169,aggressive orders
568,0.0115571,aggressive orders
569,0.0129524,aggressive orders
570,0.0118179,aggressive orders
571,0.0123033,aggressive orders
572,0.011849,aggressive orders
573,0.00923504,aggressive orders
574,0.00866747,aggressive orders
575,0.0116168,aggressive orders
576,0.0116219,aggressive orders
577,0.0084442,aggressive orders
578,0.00862836,aggressive orders
579,0.00980281,aggressive orders
580,0.00959022,aggressive orders
581,0.00726863,aggressive orders
582,0.00768248,aggressive orders
583,0.00846019,aggressive orders
584,0.00593866,aggressive orders
585,0.00986056,aggressive orders
586,0.00855014,aggressive orders
587,0.0115621,aggressive orders
588,0.0105649,aggressive orders
589,0.00619387,aggressive orders
590,0.0108346,aggressive orders
591,0.0118091,aggressive orders
592,0.00757534,aggressive orders
593,0.0108259,aggressive orders
594,0.011174,aggressive orders
595,0.0109912,aggressive orders
596,0.0151188,aggressive orders
597,0.0130357,aggressive orders
598,0.0137926,aggressive orders
599,0.0118051,aggressive orders
600,0.0161655,aggressive orders
601,0.0121405,aggressive orders
602,0.010663,aggressive orders
603,0.0113066,aggressive orders
604,0.00972471,aggressive orders
605,0.0127696,aggressive orders
606,0.00942482,aggressive orders
607,0.0123862,aggressive orders
608,0.00982289,aggressive orders
609,0.00851248,aggressive orders
610,0.0111606,aggressive orders
611,0.00954899,aggressive orders
612,0.00992107,aggressive orders
613,0.0102394,aggressive orders
614,0.0127711,aggressive orders
615,0.0132147,aggressive orders
616,0.0113943,aggressive orders
617,0.014803,aggressive orders
618,0.00959983,aggressive orders
619,0.00956317,aggressive orders
620,0.0102485,aggressive orders
621,0.00767631,aggressive orders
622,0.00611532,aggressive orders
623,0.00935702,aggressive orders
624,0.00951717,aggressive orders
625,0.00911665,aggressive orders
626,0.0107505,aggressive orders
627,0.00932679,aggressive orders
628,0.0106056,aggressive orders
629,0.0121142,aggressive orders
630,0.00724509,aggressive orders
631,0.00885805,aggressive orders
632,0.0136778,aggressive orders
633,0.0119618,aggressive orders
634,0.0127515,aggressive orders
635,0.00869678,aggressive orders
636,0.010635,aggressive orders
637,0.0106401,aggressive orders
638,0.0112298,aggressive orders
639,0.0158706,aggressive orders
640,0.013904,aggressive orders
641,0.0106098,aggressive orders
642,0.0115039,aggressive orders
643,0.0123981,aggressive orders
644,0.0104523,aggressive orders
645,0.0121906,aggressive orders
646,0.00975258,aggressive orders
647,0.0112194,aggressive orders
648,0.0136169,aggressive orders
649,0.0131,aggressive orders
650,0.0155482,aggressive orders
651,0.0132266,aggressive orders
652,0.0130856,aggressive orders
653,0.0125686,aggressive orders
654,0.00979653,aggressive orders
655,0.013957,aggressive orders
656,0.0110805,aggressive orders
657,0.0150113,aggressive orders
658,0.0122898,aggressive orders
659,0.0111673,aggressive orders
660,0.0152114,aggressive orders
661,0.0129733,aggressive orders
662,0.0158183,aggressive orders
663,0.0146243,aggressive orders
664,0.0124995,aggressive orders
665,0.011022,aggressive orders
666,0.0101412,aggressive orders
667,0.0114947,aggressive orders
668,0.00613336,aggressive orders
669,0.00924977,aggressive orders
670,0.0053292,aggressive orders
671,0.00612779,aggressive orders
672,0.00911003,aggressive orders
673,0.0104844,aggressive orders
674,0.0113785,aggressive orders
675,0.0107572,aggressive orders
676,0.00956319,aggressive orders
677,0.015958,aggressive orders
678,0.0101492,aggressive orders
679,0.013215,aggressive orders
680,0.0124892,aggressive orders
681,0.0101019,aggressive orders
682,0.0112763,aggressive orders
683,0.0153026,aggressive orders
684,0.0125932,aggressive orders
685,0.014227,aggressive orders
686,0.0151509,aggressive orders
687,0.00973886,aggressive orders
688,0.0139411,aggressive orders
689,0.0116284,aggressive orders
690,0.0127939,aggressive orders
691,0.0181358,aggressive orders
692,0.0140184,aggressive orders
693,0.0149631,aggressive orders
694,0.0166716,aggressive orders
695,0.0137831,aggressive orders
696,0.0124727,aggressive orders
697,0.0144318,aggressive orders
698,0.0140939,aggressive orders
699,0.0132429,aggressive orders
700,0.0128841,aggressive orders
701,0.012576,aggressive orders
702,0.0151495,aggressive orders
703,0.0110619,aggressive orders
704,0.0158608,aggressive orders
705,0.0122743,aggressive orders
706,0.0138873,aggressive orders
707,0.0179433,aggressive orders
708,0.0147865,aggressive orders
709,0.0135298,aggressive orders
710,0.0150504,aggressive orders
711,0.0107451,aggressive orders
712,0.0126921,aggressive orders
713,0.0134818,aggressive orders
714,0.0178511,aggressive orders
715,0.0157263,aggressive orders
716,0.0153885,aggressive orders
717,0.013744,aggressive orders
718,0.013949,aggressive orders
719,0.018181,aggressive orders
720,0.0174552,aggressive orders
721,0.016136,aggressive orders
722,0.0147211,aggressive orders
723,0.0167428,aggressive orders
724,0.0166315,aggressive orders
725,0.0159267,aggressive orders
726,0.0124864,aggressive orders
727,0.0127212,aggressive orders
728,0.0115987,aggressive orders
729,0.0101301,aggressive orders
730,0.0105857,aggressive orders
731,0.00967204,aggressive orders
732,0.00920888,aggressive orders
733,0.0115647,aggressive orders
734,0.00969935,aggressive orders
735,0.0105277,aggressive orders
736,0.0122957,aggressive orders
737,0.00847955,aggressive orders
738,0.00911997,aggressive orders
739,0.011944,aggressive orders
740,0.0152693,aggressive orders
741,0.012718,aggressive orders
742,0.0097073,aggressive orders
743,0.0119347,aggressive orders
744,0.00978015,aggressive orders
745,0.00786418,aggressive orders
746,0.00992765,aggressive orders
747,0.00917215,aggressive orders
748,0.00976193,aggressive orders
749,0.0134541,aggressive orders
750,0.0124361,aggressive orders
751,0.0102486,aggressive orders
752,0.00797767,aggressive orders
753,0.0087225,aggressive orders
754,0.00716151,aggressive orders
755,0.00999758,aggressive orders
756,0.00881246,aggressive orders
757,0.0148105,aggressive orders
758,0.0154211,aggressive orders
759,0.00965414,aggressive orders
760,0.0115594,aggressive orders
761,0.00942265,aggressive orders
762,0.0114444,aggressive orders
763,0.0131528,aggressive orders
764,0.0090741,aggressive orders
765,0.0101353,aggressive orders
766,0.0100271,aggressive orders
767,0.00964744,aggressive orders
768,0.00862937,aggressive orders
769,0.0101082,aggressive orders
770,0.0123684,aggressive orders
771,0.0096501,aggressive orders
772,0.0107948,aggressive orders
773,0.0100064,aggressive orders
774,0.00895857,aggressive orders
775,0.0122211,aggressive orders
776,0.00933264,aggressive orders
777,0.00974336,aggressive orders
778,0.0119708,aggressive orders
779,0.00853046,aggressive orders
780,0.0113634,aggressive orders
781,0.0124752,aggressive orders
782,0.0128682,aggressive orders
783,0.0107643,aggressive orders
784,0.0119805,aggressive orders
785,0.0114129,aggressive orders
786,0.0169187,aggressive orders
787,0.013386,aggressive orders
788,0.0149274,aggressive orders
789,0.0102551,aggressive orders
790,0.0125869,aggressive orders
791,0.0124756,aggressive orders
792,0.0134204,aggressive orders
793,0.0136045,aggressive orders
794,0.0116588,aggressive orders
795,0.0107154,aggressive orders
796,0.0123372,aggressive orders
797,0.0141261,aggressive orders
798,0.0126189,aggressive orders
799,0.0118096,aggressive orders
800,0.0141116,aggressive orders
801,0.00888444,aggressive orders
802,0.0111536,aggressive orders
803,0.0108037,aggressive orders
804,0.00976476,aggressive orders
805,0.0116403,aggressive orders
806,0.0147358,aggressive orders
807,0.0104274,aggressive orders
808,0.0111633,aggressive orders
809,0.0132357,aggressive orders
810,0.0126144,aggressive orders
811,0.0154593,aggressive orders
812,0.0138654,aggressive orders
813,0.013787,aggressive orders
814,0.0139054,aggressive orders
815,0.0160195,aggressive orders
816,0.0158158,aggressive orders
817,0.0168978,aggressive orders
818,0.0128609,aggressive orders
819,0.0154464,aggressive orders
820,0.0158811,aggressive orders
821,0.0173479,aggressive orders
822,0.016655,aggressive orders
823,0.0183218,aggressive orders
824,0.0145474,aggressive orders
825,0.0113785,aggressive orders
826,0.0151125,aggressive orders
827,0.0143987,aggressive orders
828,0.0105408,aggressive orders
829,0.0146893,aggressive orders
830,0.00960824,aggressive orders
831,0.0136852,aggressive orders
832,0.00959757,aggressive orders
833,0.00880918,aggressive orders
834,0.0131905,aggressive orders
835,0.0103051,aggressive orders
836,0.0128995,aggressive orders
837,0.0139606,aggressive orders
838,0.0110841,aggressive orders
839,0.0140872,aggressive orders
840,0.0121833,aggressive orders
841,0.0122839,aggressive orders
842,0.0148365,aggressive orders
843,0.0147283,aggressive orders
844,0.0164995,aggressive orders
845,0.0149593,aggressive orders
846,0.0123752,aggressive orders
847,0.012434,aggressive orders
848,0.0134414,aggressive orders
849,0.0120386,aggressive orders
850,0.0137054,aggressive orders
851,0.0139521,aggressive orders
852,0.0128417,aggressive orders
853,0.010708,aggressive orders
854,0.0121242,aggressive orders
855,0.0111598,aggressive orders
856,0.0107384,aggressive orders
857,0.0110776,aggressive orders
858,0.00736588,aggressive orders
859,0.0101482,aggressive orders
860,0.0111467,aggressive orders
861,0.0101078,aggressive orders
862,0.0102173,aggressive orders
863,0.00756157,aggressive orders
864,0.00998002,aggressive orders
865,0.0104565,aggressive orders
866,0.00960548,aggressive orders
867,0.00630247,aggressive orders
868,0.00929359,aggressive orders
869,0.00441248,aggressive orders
870,0.0105896,aggressive orders
871,0.0104276,aggressive orders
872,0.01108,aggressive orders
873,0.0075562,aggressive orders
874,0.0088053,aggressive orders
875,0.0136637,aggressive orders
876,0.0123116,aggressive orders
877,0.0126388,aggressive orders
878,0.0104425,aggressive orders
879,0.0114916,aggressive orders
880,0.00919979,aggressive orders
881,0.0104786,aggressive orders
882,0.00612845,aggressive orders
883,0.008869,aggressive orders
884,0.00727513,aggressive orders
885,0.00748904,aggressive orders
886,0.0100745,aggressive orders
887,0.00629126,aggressive orders
888,0.0072569,aggressive orders
889,0.00774227,aggressive orders
890,0.0115598,aggressive orders
891,0.00755567,aggressive orders
892,0.00813656,aggressive orders
893,0.00696344,aggressive orders
894,0.0123053,aggressive orders
895,0.0126533,aggressive orders
896,0.00737549,aggressive orders
897,0.0109424,aggressive orders
898,0.00844176,aggressive orders
899,0.0101294,aggressive orders
900,0.01074,aggressive orders
901,0.00907463,aggressive orders
902,0.0113976,aggressive orders
903,0.0106927,aggressive orders
904,0.0123385,aggressive orders
905,0.0122721,aggressive orders
906,0.0148158,aggressive orders
907,0.0149582,aggressive orders
908,0.0141192,aggressive orders
909,0.0121317,aggressive orders
910,0.00860789,aggressive orders
911,0.0106922,aggressive orders
912,0.00968616,aggressive orders
913,0.0126684,aggressive orders
914,0.0134461,aggressive orders
915,0.0136929,aggressive orders
916,0.0121439,aggressive orders
917,0.0140283,aggressive orders
918,0.0135741,aggressive orders
919,0.0154585,aggressive orders
920,0.0151504,aggressive orders
921,0.0130882,aggressive orders
922,0.0129383,aggressive orders
923,0.0148853,aggressive orders
924,0.0118,aggressive orders
925,0.00810913,aggressive orders
926,0.00980562,aggressive orders
927,0.0102283,aggressive orders
928,0.0114237,aggressive orders
929,0.0118375,aggressive orders
930,0.0123349,aggressive orders
931,0.0108486,aggressive orders
932,0.0122945,aggressive orders
933,0.0102234,aggressive orders
934,0.00997798,aggressive orders
935,0.0109436,aggressive orders
936,0.0116707,aggressive orders
937,0.0112493,aggressive orders
938,0.0098047,aggressive orders
939,0.00827659,aggressive orders
940,0.00878284,aggressive orders
941,0.0145303,aggressive orders
942,0.0102845,aggressive orders
943,0.0102896,aggressive orders
944,0.00798889,aggressive orders
945,0.0133814,aggressive orders
946,0.010663,aggressive orders
947,0.00944813,aggressive orders
948,0.00975757,aggressive orders
949,0.0145654,aggressive orders
950,0.0097469,aggressive orders
951,0.0118192,aggressive orders
952,0.0115111,aggressive orders
953,0.0152242,aggressive orders
954,0.013717,aggressive orders
955,0.0152584,aggressive orders
956,0.0141359,aggressive orders
957,0.0173776,aggressive orders
958,0.0140417,aggressive orders
959,0.0152788,aggressive orders
960,0.014741,aggressive orders
961,0.0166166,aggressive orders
962,0.0142203,aggressive orders
963,0.0142045,aggressive orders
964,0.0174462,aggressive orders
965,0.016992,aggressive orders
966,0.0138231,aggressive orders
967,0.0150184,aggressive orders
968,0.0150444,aggressive orders
969,0.0121888,aggressive orders
970,0.0113378,aggressive orders
971,0.0143498,aggressive orders
972,0.0135823,aggressive orders
973,0.0124598,aggressive orders
974,0.00982186,aggressive orders
975,0.0159243,aggressive orders
976,0.0156579,aggressive orders
977,0.0174588,aggressive orders
978,0.0192806,aggressive orders
979,0.0158941,aggressive orders
980,0.0166927,aggressive orders
981,0.0132226,aggressive orders
982,0.0119868,aggressive orders
983,0.0157714,aggressive orders
984,0.0201736,aggressive orders
985,0.0173597,aggressive orders
986,0.0160911,aggressive orders
987,0.0183842,aggressive orders
988,0.0141833,aggressive orders
989,0.0134247,aggressive orders
990,0.0159684,aggressive orders
991,0.0141689,aggressive orders
992,0.0149884,aggressive orders
993,0.0131021,aggressive orders
994,0.0153713,aggressive orders
995,0.0183744,aggressive orders
996,0.014445,aggressive orders
997,0.0183549,aggressive orders
998,0.0202722,aggressive orders
999,0.0144096,aggressive orders
1000,0.0146862,aggressive orders
1001,0.0127493,aggressive orders
1002,0.0132258,aggressive orders
1003,0.0171984,aggressive orders
1004,0.0147724,aggressive orders
1005,0.0142048,aggressive orders
1006,0.0173123,aggressive orders
1007,0.017225,aggressive orders
1008,0.0212273,aggressive orders
1009,0.0175902,aggressive orders
1010,0.0194449,aggressive orders
1011,0.0198587,aggressive orders
1012,0.0183306,aggressive orders
1013,0.0206447,aggressive orders
1014,0.0146657,aggressive orders
1015,0.0156642,aggressive orders
1016,0.0171937,aggressive orders
1017,0.0201222,aggressive orders
1018,0.0211087,aggressive orders
1019,0.0197565,aggressive orders
1020,0.0194693,aggressive orders
1021,0.0162378,aggressive orders
1022,0.0192618,aggressive orders
1023,0.0210836,aggressive orders
1024,0.017873,aggressive orders
1025,0.0148174,aggressive orders
1026,0.0169404,aggressive orders
1027,0.0173333,aggressive orders
1028,0.0165361,aggressive orders
1029,0.0165741,aggressive orders
1030,0.0184167,aggressive orders
1031,0.0177954,aggressive orders
1032,0.0165685,aggressive orders
1033,0.0138173,aggressive orders
1034,0.016182,aggressive orders
1035,0.0159694,aggressive orders
1036,0.017457,aggressive orders
1037,0.0204273,aggressive orders
1038,0.0162979,aggressive orders
1039,0.0142238,aggressive orders
1040,0.013498,aggressive orders
1041,0.014234,aggressive orders
1042,0.0167955,aggressive orders
1043,0.014429,aggressive orders
1044,0.0175334,aggressive orders
1045,0.0130282,aggressive orders
1046,0.0176391,aggressive orders
1047,0.0137394,aggressive orders
1048,0.0122411,aggressive orders
1049,0.0117659,aggressive orders
1050,0.00896095,aggressive orders
1051,0.00806816,aggressive orders
1052,0.00923374,aggressive orders
1053,0.00971023,aggressive orders
1054,0.00873391,aggressive orders
1055,0.01631,aggressive orders
1056,0.0130577,aggressive orders
1057,0.0121231,aggressive orders
1058,0.011472,aggressive orders
1059,0.00911753,aggressive orders
1060,0.0117657,aggressive orders
1061,0.0108222,aggressive orders
1062,0.0123726,aggressive orders
1063,0.0121271,aggressive orders
1064,0.00771737,aggressive orders
1065,0.0092588,aggressive orders
1066,0.0117577,aggressive orders
1067,0.0119298,aggressive orders
1068,0.0133251,aggressive orders
1069,0.013017,aggressive orders
1070,0.0131682,aggressive orders
1071,0.0113269,aggressive orders
1072,0.0122419,aggressive orders
1073,0.0119875,aggressive orders
1074,0.0112738,aggressive orders
1075,0.0118516,aggressive orders
1076,0.00927942,aggressive orders
1077,0.00982744,aggressive orders
1078,0.0105545,aggressive orders
1079,0.0108519,aggressive orders
1080,0.0102217,aggressive orders
1081,0.01074,aggressive orders
1082,0.0102022,aggressive orders
1083,0.00911257,aggressive orders
1084,0.0104541,aggressive orders
1085,0.0119209,aggressive orders
1086,0.011049,aggressive orders
1087,0.0107111,aggressive orders
1088,0.0123152,aggressive orders
1089,0.0122785,aggressive orders
1090,0.0123374,aggressive orders
1091,0.0130227,aggressive orders
1092,0.0091021,aggressive orders
1093,0.01056,aggressive orders
1094,0.0123938,aggressive orders
1095,0.00816,aggressive orders
1096,0.0127799,aggressive orders
1097,0.0113322,aggressive orders
1098,0.00889415,aggressive orders
1099,0.0133172,aggressive orders
1100,0.0143872,aggressive orders
1101,0.0103623,aggressive orders
1102,0.011674,aggressive orders
1103,0.0084634,aggressive orders
1104,0.0101808,aggressive orders
1105,0.00897476,aggressive orders
1106,0.00777763,aggressive orders
1107,0.00777386,aggressive orders
1108,0.00830099,aggressive orders
1109,0.0108745,aggressive orders
1110,0.00986841,aggressive orders
1111,0.00746329,aggressive orders
1112,0.00680908,aggressive orders
1113,0.00960026,aggressive orders
1114,0.00927127,aggressive orders
1115,0.0101831,aggressive orders
1116,0.00903978,aggressive orders
1117,0.00868102,aggressive orders
1118,0.0104699,aggressive orders
1119,0.0125631,aggressive orders
1120,0.010158,aggressive orders
1121,0.00991255,aggressive orders
1122,0.00638873,aggressive orders
1123,0.00681145,aggressive orders
1124,0.0108764,aggressive orders
1125,0.00765691,aggressive orders
1126,0.00696405,aggressive orders
1127,0.00988053,aggressive orders
1128,0.0111176,aggressive orders
1129,0.00519246,aggressive orders
1130,0.00805829,aggressive orders
1131,0.00671812,aggressive orders
1132,0.0046231,aggressive orders
1133,0.00545145,aggressive orders
1134,0.00508069,aggressive orders
1135,0.00881154,aggressive orders
1136,0.00863759,aggressive orders
1137,0.00697219,aggressive orders
1138,0.00879396,aggressive orders
1139,0.00760884,aggressive orders
1140,0.00527524,aggressive orders
1141,0.0106348,aggressive orders
1142,0.0115587,aggressive orders
1143,0.0119606,aggressive orders
1144,0.0100326,aggressive orders
1145,0.00870128,aggressive orders
1146,0.00718206,aggressive orders
1147,0.0113843,aggressive orders
1148,0.00940568,aggressive orders
1149,0.00767764,aggressive orders
1150,0.0100006,aggressive orders
1151,0.0143907,aggressive orders
1152,0.0105328,aggressive orders
1153,0.0100665,aggressive orders
1154,0.010009,aggressive orders
1155,0.0116935,aggressive orders
1156,0.0106634,aggressive orders
1157,0.0110323,aggressive orders
1158,0.0103364,aggressive orders
1159,0.00857545,aggressive orders
1160,0.0122139,aggressive orders
1161,0.0106858,aggressive orders
1162,0.00929184,aggressive orders
1163,0.0124411,aggressive orders
1164,0.00852056,aggressive orders
1165,0.011804,aggressive orders
1166,0.0140554,aggressive orders
1167,0.0153849,aggressive orders
1168,0.0139492,aggressive orders
1169,0.0132355,aggressive orders
1170,0.0123636,aggressive orders
1171,0.0118973,aggressive orders
1172,0.00942952,aggressive orders
1173,0.0108963,aggressive orders
1174,0.0103585,aggressive orders
1175,0.00927778,aggressive orders
1176,0.0117469,aggressive orders
1177,0.00988155,aggressive orders
1178,0.00781053,aggressive orders
1179,0.00924756,aggressive orders
1180,0.0085547,aggressive orders
1181,0.00924888,aggressive orders
1182,0.00929575,aggressive orders
1183,0.00888323,aggressive orders
1184,0.00933572,aggressive orders
1185,0.0119599,aggressive orders
1186,0.00973067,aggressive orders
1187,0.00855442,aggressive orders
1188,0.00708896,aggressive orders
1189,0.00917019,aggressive orders
1190,0.0113887,aggressive orders
1191,0.0122499,aggressive orders
1192,0.00937343,aggressive orders
1193,0.0107061,aggressive orders
1194,0.0103979,aggressive orders
1195,0.0108833,aggressive orders
1196,0.013958,aggressive orders
1197,0.00898444,aggressive orders
1198,0.00951158,aggressive orders
1199,0.0113333,aggressive orders
1200,0.0108164,aggressive orders
1201,0.0105292,aggressive orders
1202,0.0134697,aggressive orders
1203,0.0110614,aggressive orders
1204,0.00998071,aggressive orders
1205,0.0142753,aggressive orders
1206,0.013132,aggressive orders
1207,0.00845969,aggressive orders
1208,0.0116267,aggressive orders
1209,0.0110143,aggressive orders
1210,0.00729053,aggressive orders
1211,0.00607252,aggressive orders
1212,0.00801958,aggressive orders
1213,0.00885993,aggressive orders
1214,0.00577461,aggressive orders
1215,0.0054665,aggressive orders
1216,0.0064859,aggressive orders
1217,0.00976936,aggressive orders
1218,0.00441687,aggressive orders
1219,0.00932906,aggressive orders
1220,0.00707011,aggressive orders
1221,0.00802687,aggressive orders
1222,0.0107465,aggressive orders
1223,0.00928995,aggressive orders
1224,0.0125108,aggressive orders
1225,0.00775495,aggressive orders
1226,0.00915909,aggressive orders
1227,0.0106259,aggressive orders
1228,0.00845046,aggressive orders
1229,0.0126527,aggressive orders
1230,0.0109247,aggressive orders
1231,0.0107747,aggressive orders
1232,0.0124623,aggressive orders
1233,0.0103495,aggressive orders
1234,0.0114525,aggressive orders
1235,0.0113652,aggressive orders
1236,0.0104635,aggressive orders
1237,0.00778691,aggressive orders
1238,0.00974597,aggressive orders
1239,0.00848932,aggressive orders
1240,0.0105528,aggressive orders
1241,0.00682015,aggressive orders
1242,0.00506234,aggressive orders
1243,0.00695876,aggressive orders
1244,0.00808257,aggressive orders
1245,0.00870523,aggressive orders
1246,0.00707272,aggressive orders
1247,0.0108693,aggressive orders
1248,0.00926657,aggressive orders
1249,0.0121951,aggressive orders
1250,0.00871299,aggressive orders
1251,0.00913572,aggressive orders
1252,0.00577006,aggressive orders
1253,0.0087403,aggressive orders
1254,0.0108544,aggressive orders
1255,0.00839553,aggressive orders
1256,0.0113449,aggressive orders
1257,0.00865631,aggressive orders
1258,0.0139861,aggressive orders
1259,0.01017,aggressive orders
1260,0.0110521,aggressive orders
1261,0.015141,aggressive orders
1262,0.0132371,aggressive orders
1263,0.010477,aggressive orders
1264,0.00997203,aggressive orders
1265,0.00884067,aggressive orders
1266,0.00735432,aggressive orders
1267,0.00985629,aggressive orders
1268,0.00946465,aggressive orders
1269,0.0122052,aggressive orders
1270,0.0101342,aggressive orders
1271,0.010536,aggressive orders
1272,0.00828596,aggressive orders
1273,0.014806,aggressive orders
1274,0.00946551,aggressive orders
1275,0.0103059,aggressive orders
1276,0.00790963,aggressive orders
1277,0.0107248,aggressive orders
1278,0.00924735,aggressive orders
1279,0.00670495,aggressive orders
1280,0.00698151,aggressive orders
1281,0.00450174,aggressive orders
1282,0.00414299,aggressive orders
1283,0.00556801,aggressive orders
1284,0.0101252,aggressive orders
1285,0.00815861,aggressive orders
1286,0.00457214,aggressive orders
1287,0.0094217,aggressive orders
1288,0.00650343,aggressive orders
1289,0.0120212,aggressive orders
1290,0.0108987,aggressive orders
1291,0.00916177,aggressive orders
1292,0.00908335,aggressive orders
1293,0.00931815,aggressive orders
1294,0.0098244,aggressive orders
1295,0.00892273,aggressive orders
1296,0.00953339,aggressive orders
1297,0.00770095,aggressive orders
1298,0.00757188,aggressive orders
1299,0.00648228,aggressive orders
1300,0.00788643,aggressive orders
1301,0.00853885,aggressive orders
1302,0.00942097,aggressive orders
1303,0.0116306,aggressive orders
1304,0.0113345,aggressive orders
1305,0.00757209,aggressive orders
1306,0.00999053,aggressive orders
1307,0.0119914,aggressive orders
1308,0.013324,aggressive orders
1309,0.00895602,aggressive orders
1310,0.00909841,aggressive orders
1311,0.00636808,aggressive orders
1312,0.0060302,aggressive orders
1313,0.00318657,aggressive orders
1314,0.00655356,aggressive orders
1315,0.00740279,aggressive orders
1316,0.00645936,aggressive orders
1317,0.0122397,aggressive orders
1318,0.0134768,aggressive orders
1319,0.0102155,aggressive orders
1320,0.0136034,aggressive orders
1321,0.0113533,aggressive orders
1322,0.00799655,aggressive orders
1323,0.00989297,aggressive orders
1324,0.00684053,aggressive orders
1325,0.00886223,aggressive orders
1326,0.00702979,aggressive orders
1327,0.00655462,aggressive orders
1328,0.0094831,aggressive orders
1329,0.00894529,aggressive orders
1330,0.00999446,aggressive orders
1331,0.00778615,aggressive orders
1332,0.00964968,aggressive orders
1333,0.00815134,aggressive orders
1334,0.010516,aggressive orders
1335,0.0094353,aggressive orders
1336,0.0155497,aggressive orders
1337,0.01114,aggressive orders
1338,0.0104889,aggressive orders
1339,0.0110876,aggressive orders
1340,0.0129302,aggressive orders
1341,0.0125715,aggressive orders
1342,0.0119621,aggressive orders
1343,0.00828326,aggressive orders
1344,0.0105138,aggressive orders
1345,0.00838011,aggressive orders
1346,0.00839721,aggressive orders
1347,0.0105024,aggressive orders
1348,0.0124077,aggressive orders
1349,0.0102532,aggressive orders
1350,0.0109594,aggressive orders
1351,0.00807399,aggressive orders
1352,0.00671293,aggressive orders
1353,0.00968317,aggressive orders
1354,0.00772544,aggressive orders
1355,0.00885813,aggressive orders
1356,0.00662006,aggressive orders
1357,0.010709,aggressive orders
1358,0.0127307,aggressive orders
1359,0.0106059,aggressive orders
1360,0.0093284,aggressive orders
1361,0.0096796,aggressive orders
1362,0.0108541,aggressive orders
1363,0.00864575,aggressive orders
1364,0.0104378,aggressive orders
1365,0.0100581,aggressive orders
1366,0.0136668,aggressive orders
1367,0.0124101,aggressive orders
1368,0.01036,aggressive orders
1369,0.0107112,aggressive orders
1370,0.0143288,aggressive orders
1371,0.0136866,aggressive orders
1372,0.0130235,aggressive orders
1373,0.00867638,aggressive orders
1374,0.0138512,aggressive orders
1375,0.0121142,aggressive orders
1376,0.0102938,aggressive orders
1377,0.0142872,aggressive orders
1378,0.00971044,aggressive orders
1379,0.0113354,aggressive orders
1380,0.0108514,aggressive orders
1381,0.00842535,aggressive orders
1382,0.00996679,aggressive orders
1383,0.00745726,aggressive orders
1384,0.0121726,aggressive orders
1385,0.0136723,aggressive orders
1386,0.0117475,aggressive orders
1387,0.0117019,aggressive orders
1388,0.00920128,aggressive orders
1389,0.0104713,aggressive orders
1390,0.0148943,aggressive orders
1391,0.0171457,aggressive orders
1392,0.0102391,aggressive orders
1393,0.013451,aggressive orders
1394,0.0119856,aggressive orders
1395,0.0124918,aggressive orders
1396,0.0145553,aggressive orders
1397,0.0123799,aggressive orders
1398,0.0147566,aggressive orders
1399,0.0129241,aggressive orders
1400,0.0144864,aggressive orders
1401,0.014053,aggressive orders
1402,0.0149889,aggressive orders
1403,0.0115486,aggressive orders
1404,0.0104261,aggressive orders
1405,0.00965863,aggressive orders
1406,0.0135983,aggressive orders
1407,0.0118702,aggressive orders
1408,0.0103421,aggressive orders
1409,0.0121519,aggressive orders
1410,0.0127328,aggressive orders
1411,0.0173735,aggressive orders
1412,0.0119286,aggressive orders
1413,0.01066,aggressive orders
1414,0.0127203,aggressive orders
1415,0.0137366,aggressive orders
1416,0.0130526,aggressive orders
1417,0.0130875,aggressive orders
1418,0.0137102,aggressive orders
1419,0.017796,aggressive orders
1420,0.0146778,aggressive orders
1421,0.0135762,aggressive orders
1422,0.0147924,aggressive orders
1423,0.0091387,aggressive orders
1424,0.0106055,aggressive orders
1425,0.0116875,aggressive orders
1426,0.0148248,aggressive orders
1427,0.0156114,aggressive orders
1428,0.0129646,aggressive orders
1429,0.0151711,aggressive orders
1430,0.0109044,aggressive orders
1431,0.00981173,aggressive orders
1432,0.0108938,aggressive orders
1433,0.0132496,aggressive orders
1434,0.0123777,aggressive orders
1435,0.016926,aggressive orders
1436,0.0154814,aggressive orders
1437,0.0103915,aggressive orders
1438,0.0118045,aggressive orders
1439,0.0129581,aggressive orders
1440,0.0127335,aggressive orders
1441,0.012843,aggressive orders
1442,0.0153748,aggressive orders
1443,0.0128115,aggressive orders
1444,0.011689,aggressive orders
1445,0.0118611,aggressive orders
1446,0.013495,aggressive orders
1447,0.0106722,aggressive orders
1448,0.0104685,aggressive orders
1449,0.0113298,aggressive orders
1450,0.0123669,aggressive orders
1451,0.0114861,aggressive orders
1452,0.0129649,aggressive orders
1453,0.0118336,aggressive orders
1454,0.0120177,aggressive orders
1455,0.0106984,aggressive orders
1456,0.0133257,aggressive orders
1457,0.00879067,aggressive orders
1458,0.0122532,aggressive orders
1459,0.0112262,aggressive orders
1460,0.00834084,aggressive orders
1461,0.0116572,aggressive orders
1462,0.0109643,aggressive orders
1463,0.0127443,aggressive orders
1464,0.0101602,aggressive orders
1465,0.0112004,aggressive orders
1466,0.00940088,aggressive orders
1467,0.0133854,aggressive orders
1468,0.0103747,aggressive orders
1469,0.0102457,aggressive orders
1470,0.00801649,aggressive orders
1471,0.0114372,aggressive orders
1472,0.00625491,aggressive orders
1473,0.0134849,aggressive orders
1474,0.0126459,aggressive orders
1475,0.00976939,aggressive orders
1476,0.00909742,aggressive orders
1477,0.0121005,aggressive orders
1478,0.00833814,aggressive orders
1479,0.00886527,aggressive orders
1480,0.00830658,aggressive orders
1481,0.00948104,aggressive orders
1482,0.0122962,aggressive orders
1483,0.0109352,aggressive orders
1484,0.00886415,aggressive orders
1485,0.0111871,aggressive orders
1486,0.00808087,aggressive orders
1487,0.0109258,aggressive orders
1488,0.0109518,aggressive orders
1489,0.0127109,aggressive orders
1490,0.0128742,aggressive orders
1491,0.012754,aggressive orders
1492,0.0122073,aggressive orders
1493,0.0119112,aggressive orders
1494,0.0134615,aggressive orders
1495,0.0148657,aggressive orders
1496,0.0119385,aggressive orders
1497,0.0139602,aggressive orders
1498,0.014562,aggressive orders
1499,0.0167716,aggressive orders
1500,0.0161503,aggressive orders
1501,0.0133276,aggressive orders
1502,0.0131239,aggressive orders
1503,0.0121684,aggressive orders
1504,0.0126956,aggressive orders
1505,0.0139447,aggressive orders
1506,0.0160677,aggressive orders
1507,0.0127944,aggressive orders
1508,0.0131754,aggressive orders
1509,0.015018,aggressive orders
1510,0.0120371,aggressive orders
1511,0.0136501,aggressive orders
1512,0.0126529,aggressive orders
1513,0.0125238,aggressive orders
1514,0.0126213,aggressive orders
1515,0.0114988,aggressive orders
1516,0.0149196,aggressive orders
1517,0.0134421,aggressive orders
1518,0.0128745,aggressive orders
1519,0.014416,aggressive orders
1520,0.0148298,aggressive orders
1521,0.0137282,aggressive orders
1522,0.0141718,aggressive orders
1523,0.0145737,aggressive orders
1524,0.0150799,aggressive orders
1525,0.0137575,aggressive orders
1526,0.0178136,aggressive orders
1527,0.0150712,aggressive orders
1528,0.0112342,aggressive orders
1529,0.0138197,aggressive orders
1530,0.0124378,aggressive orders
1531,0.0160433,aggressive orders
1532,0.0113919,aggressive orders
1533,0.0153138,aggressive orders
1534,0.0121778,aggressive orders
1535,0.0125797,aggressive orders
1536,0.0145596,aggressive orders
1537,0.0133447,aggressive orders
1538,0.0102385,aggressive orders
1539,0.0120932,aggressive orders
1540,0.0143446,aggressive orders
1541,0.0154564,aggressive orders
1542,0.0145756,aggressive orders
1543,0.0130684,aggressive orders
1544,0.0123129,aggressive orders
1545,0.0115245,aggressive orders
1546,0.0106228,aggressive orders
1547,0.014491,aggressive orders
1548,0.0144632,aggressive orders
1549,0.0165475,aggressive orders
1550,0.0114278,aggressive orders
1551,0.0116835,aggressive orders
1552,0.0133591,aggressive orders
1553,0.0140027,aggressive orders
1554,0.0138318,aggressive orders
1555,0.0105288,aggressive orders
1556,0.00660826,aggressive orders
1557,0.00916087,aggressive orders
1558,0.0124772,aggressive orders
1559,0.0102689,aggressive orders
1560,0.0113181,aggressive orders
1561,0.0108847,aggressive orders
1562,0.0122977,aggressive orders
1563,0.012449,aggressive orders
1564,0.0122244,aggressive orders
1565,0.00966109,aggressive orders
1566,0.0076616,aggressive orders
1567,0.0118518,aggressive orders
1568,0.00942583,aggressive orders
1569,0.0121037,aggressive orders
1570,0.00917658,aggressive orders
1571,0.0115621,aggressive orders
1572,0.0112958,aggressive orders
1573,0.0130549,aggressive orders
1574,0.0116819,aggressive orders
1575,0.0122388,aggressive orders
1576,0.0123572,aggressive orders
1577,0.0135525,aggressive orders
1578,0.00993313,aggressive orders
1579,0.00860184,aggressive orders
1580,0.00956748,aggressive orders
1581,0.00785144,aggressive orders
1582,0.0107502,aggressive orders
1583,0.00659101,aggressive orders
1584,0.0105547,aggressive orders
1585,0.00817043,aggressive orders
1586,0.0128321,aggressive orders
1587,0.0075662,aggressive orders
1588,0.00699863,aggressive orders
1589,0.00911274,aggressive orders
1590,0.0117489,aggressive orders
1591,0.0106144,aggressive orders
1592,0.0120483,aggressive orders
1593,0.010183,aggressive orders
1594,0.0109696,aggressive orders
1595,0.0110493,aggressive orders
1596,0.00971802,aggressive orders
1597,0.00971113,aggressive orders
1598,0.00942389,aggressive orders
1599,0.00988838,aggressive orders
1600,0.00988149,aggressive orders
1601,0.0107845,aggressive orders
1602,0.0104346,aggressive orders
1603,0.0101474,aggressive orders
1604,0.00975573,aggressive orders
1605,0.00594845,aggressive orders
1606,0.00829225,aggressive orders
1607,0.00826448,aggressive orders
1608,0.0102413,aggressive orders
1609,0.0081374,aggressive orders
1610,0.00716108,aggressive orders
1611,0.00885757,aggressive orders
1612,0.00609435,aggressive orders
1613,0.00998336,aggressive orders
1614,0.00551988,aggressive orders
1615,0.0123323,aggressive orders
1616,0.00793143,aggressive orders
1617,0.00724745,aggressive orders
1618,0.01071,aggressive orders
1619,0.00663434,aggressive orders
1620,0.0104727,aggressive orders
1621,0.0123154,aggressive orders
1622,0.011172,aggressive orders
1623,0.00893393,aggressive orders
1624,0.00766528,aggressive orders
1625,0.00728564,aggressive orders
1626,0.0092447,aggressive orders
1627,0.00816398,aggressive orders
1628,0.00600943,aggressive orders
1629,0.0127294,aggressive orders
1630,0.0106166,aggressive orders
1631,0.0096492,aggressive orders
1632,0.00955878,aggressive orders
1633,0.0113179,aggressive orders
1634,0.0122418,aggressive orders
1635,0.0140129,aggressive orders
1636,0.0128695,aggressive orders
1637,0.0138143,aggressive orders
1638,0.0113257,aggressive orders
1639,0.0119154,aggressive orders
1640,0.0108258,aggressive orders
1641,0.0108012,aggressive orders
1642,0.00808284,aggressive orders
1643,0.00924842,aggressive orders
1644,0.00924464,aggressive orders
1645,0.00957496,aggressive orders
1646,0.00568728,aggressive orders
1647,0.00686173,aggressive orders
1648,0.00752615,aggressive orders
1649,0.00758502,aggressive orders
1650,0.00879235,aggressive orders
1651,0.00917332,aggressive orders
1652,0.0106281,aggressive orders
1653,0.00822299,aggressive orders
1654,0.00670376,aggressive orders
1655,0.00898492,aggressive orders
1656,0.0102011,aggressive orders
1657,0.0129626,aggressive orders
1658,0.0114225,aggressive orders
1659,0.0123255,aggressive orders
1660,0.00711913,aggressive orders
1661,0.00766714,aggressive orders
1662,0.00927122,aggressive orders
1663,0.0102786,aggressive orders
1664,0.00606572,aggressive orders
1665,0.00719841,aggressive orders
1666,0.0124358,aggressive orders
1667,0.00983077,aggressive orders
1668,0.0112767,aggressive orders
1669,0.00957841,aggressive orders
1670,0.00716129,aggressive orders
1671,0.00762578,aggressive orders
1672,0.00989805,aggressive orders
1673,0.00817002,aggressive orders
1674,0.00997091,aggressive orders
1675,0.0113333,aggressive orders
1676,0.0109417,aggressive orders
1677,0.00963124,aggressive orders
1678,0.00579419,aggressive orders
1679,0.0115296,aggressive orders
1680,0.0110754,aggressive orders
1681,0.0126257,aggressive orders
1682,0.00879751,aggressive orders
1683,0.0109325,aggressive orders
1684,0.0120234,aggressive orders
1685,0.0138452,aggressive orders
1686,0.0132447,aggressive orders
1687,0.00800866,aggressive orders
1688,0.00926663,aggressive orders
1689,0.0118939,aggressive orders
1690,0.00971847,aggressive orders
1691,0.0119699,aggressive orders
1692,0.010388,aggressive orders
1693,0.00763677,aggressive orders
1694,0.00711985,aggressive orders
1695,0.00935924,aggressive orders
1696,0.00881255,aggressive orders
1697,0.00651184,aggressive orders
1698,0.00849178,aggressive orders
1699,0.00513501,aggressive orders
1700,0.00604688,aggressive orders
1701,0.0101567,aggressive orders
1702,0.0135655,aggressive orders
1703,0.0125594,aggressive orders
1704,0.0102973,aggressive orders
1705,0.0100607,aggressive orders
1706,0.0112769,aggressive orders
1707,0.0109062,aggressive orders
1708,0.0147952,aggressive orders
1709,0.0128286,aggressive orders
1710,0.0120402,aggressive orders
1711,0.013164,aggressive orders
1712,0.0105918,aggressive orders
1713,0.0099825,aggressive orders
1714,0.010802,aggressive orders
1715,0.00819692,aggressive orders
1716,0.0101769,aggressive orders
1717,0.0116645,aggressive orders
1718,0.014238,aggressive orders
1719,0.0136585,aggressive orders
1720,0.0112831,aggressive orders
1721,0.00701955,aggressive orders
1722,0.00902037,aggressive orders
1723,0.00724169,aggressive orders
1724,0.00812381,aggressive orders
1725,0.010584,aggressive orders
1726,0.0112902,aggressive orders
1727,0.0105556,aggressive orders
1728,0.0127652,aggressive orders
1729,0.0114877,aggressive orders
1730,0.00978941,aggressive orders
1731,0.00619406,aggressive orders
1732,0.0104589,aggressive orders
1733,0.00969143,aggressive orders
1734,0.00627201,aggressive orders
1735,0.00899168,aggressive orders
1736,0.00941441,aggressive orders
1737,0.0092107,aggressive orders
1738,0.0103731,aggressive orders
1739,0.0070999,aggressive orders
1740,0.00713788,aggressive orders
1741,0.00842874,aggressive orders
1742,0.0079447,aggressive orders
1743,0.00669693,aggressive orders
1744,0.0085187,aggressive orders
1745,0.00829411,aggressive orders
1746,0.00754749,aggressive orders
1747,0.007657,aggressive orders
1748,0.00820502,aggressive orders
1749,0.00841893,aggressive orders
1750,0.00660737,aggressive orders
1751,0.00842914,aggressive orders
1752,0.00855953,aggressive orders
1753,0.00681061,aggressive orders
1754,0.00676507,aggressive orders
1755,0.00743837,aggressive orders
1756,0.00426953,aggressive orders
1757,0.00953671,aggressive orders
1758,0.005992,aggressive orders
1759,0.00793018,aggressive orders
1760,0.00937609,aggressive orders
1761,0.00807767,aggressive orders
1762,0.0061617,aggressive orders
1763,0.00532268,aggressive orders
1764,0.0104228,aggressive orders
1765,0.00805944,aggressive orders
1766,0.00670727,aggressive orders
1767,0.00550126,aggressive orders
1768,0.0084715,aggressive orders
1769,0.009825,aggressive orders
1770,0.00790903,aggressive orders
1771,0.00582601,aggressive orders
1772,0.00876337,aggressive orders
1773,0.00682652,aggressive orders
1774,0.00404554,aggressive orders
1775,0.00859387,aggressive orders
1776,0.0103739,aggressive orders
1777,0.0121748,aggressive orders
1778,0.0101753,aggressive orders
1779,0.0112036,aggressive orders
1780,0.0115428,aggressive orders
1781,0.0087169,aggressive orders
1782,0.0076153,aggressive orders
1783,0.00697308,aggressive orders
1784,0.0132843,aggressive orders
1785,0.0111178,aggressive orders
1786,0.0113943,aggressive orders
1787,0.0091145,aggressive orders
1788,0.011345,aggressive orders
1789,0.00499335,aggressive orders
1790,0.00726562,aggressive orders
1791,0.00515284,aggressive orders
1792,0.0097727,aggressive orders
1793,0.00699172,aggressive orders
1794,0.00995308,aggressive orders
1795,0.0108143,aggressive orders
1796,0.0100379,aggressive orders
1797,0.00937483,aggressive orders
1798,0.00797201,aggressive orders
1799,0.00947168,aggressive orders
1800,0.010324,aggressive orders
1801,0.00890034,aggressive orders
1802,0.00690084,aggressive orders
1803,0.0101754,aggressive orders
1804,0.010807,aggressive orders
1805,0.00730402,aggressive orders
1806,0.00840694,aggressive orders
1807,0.00449838,aggressive orders
1808,0.0071554,aggressive orders
1809,0.006734,aggressive orders
1810,0.0113956,aggressive orders
1811,0.0101567,aggressive orders
1812,0.0100037,aggressive orders
1813,0.00906911,aggressive orders
1814,0.0109206,aggressive orders
1815,0.0113731,aggressive orders
1816,0.00975838,aggressive orders
1817,0.0100767,aggressive orders
1818,0.00470645,aggressive orders
1819,0.00469067,aggressive orders
1820,0.00765203,aggressive orders
1821,0.0130325,aggressive orders
1822,0.0123276,aggressive orders
1823,0.0122492,aggressive orders
1824,0.00482059,aggressive orders
1825,0.00529709,aggressive orders
1826,0.00526931,aggressive orders
1827,0.00658105,aggressive orders
1828,0.00693225,aggressive orders
1829,0.00866162,aggressive orders
1830,0.00669189,aggressive orders
1831,0.0124482,aggressive orders
1832,0.00649016,aggressive orders
1833,0.0084461,aggressive orders
1834,0.00728186,aggressive orders
1835,0.00927068,aggressive orders
1836,0.00617648,aggressive orders
1837,0.00608918,aggressive orders
1838,0.0081944,aggressive orders
1839,0.00568488,aggressive orders
1840,0.00850007,aggressive orders
1841,0.00801602,aggressive orders
1842,0.0058406,aggressive orders
1843,0.00608739,aggressive orders
1844,0.00529901,aggressive orders
1845,0.00821861,aggressive orders
1846,0.00504976,aggressive orders
1847,0.00518015,aggressive orders
1848,0.00877683,aggressive orders
1849,0.0117262,aggressive orders
1850,0.00312822,aggressive orders
1851,0.00687107,aggressive orders
1852,0.00433754,aggressive orders
1853,0.00486468,aggressive orders
1854,0.0038346,aggressive orders
1855,0.008183,aggressive orders
1856,0.00632079,aggressive orders
1857,0.00711938,aggressive orders
1858,0.006331,aggressive orders
1859,0.00643163,aggressive orders
1860,0.00805659,aggressive orders
1861,0.00782312,aggressive orders
1862,0.007515,aggressive orders
1863,0.00486819,aggressive orders
1864,0.00255548,aggressive orders
1865,0.00861614,aggressive orders
1866,0.00807833,aggressive orders
1867,0.00834601,aggressive orders
1868,0.00793349,aggressive orders
1869,0.00826381,aggressive orders
1870,0.00585869,aggressive orders
1871,0.00728372,aggressive orders
1872,0.00730971,aggressive orders
1873,0.00321321,aggressive orders
1874,0.00498434,aggressive orders
1875,0.00845572,aggressive orders
1876,0.00740789,aggressive orders
1877,0.00861522,aggressive orders
1878,0.0040891,aggressive orders
1879,0.00389739,aggressive orders
1880,0.00786105,aggressive orders
1881,0.00420305,aggressive orders
1882,0.00534774,aggressive orders
1883,0.00361082,aggressive orders
1884,0.00716574,aggressive orders
1885,0.00939313,aggressive orders
1886,0.00422857,aggressive orders
1887,0.00241701,aggressive orders
1888,0.0085612,aggressive orders
1889,0.0052253,aggressive orders
1890,0.00401041,aggressive orders
1891,0.00852586,aggressive orders
1892,0.0105476,aggressive orders
1893,0.00975918,aggressive orders
1894,0.00977629,aggressive orders
1895,0.0132806,aggressive orders
1896,0.00807423,aggressive orders
1897,0.00803757,aggressive orders
1898,0.0103814,aggressive orders
1899,0.0104491,aggressive orders
1900,0.0103587,aggressive orders
1901,0.00633373,aggressive orders
1902,0.00466833,aggressive orders
1903,0.00965205,aggressive orders
1904,0.00933194,aggressive orders
1905,0.00678953,aggressive orders
1906,0.00708697,aggressive orders
1907,0.00584808,aggressive orders
1908,0.00787866,aggressive orders
1909,0.00864437,aggressive orders
1910,0.00819009,aggressive orders
1911,0.00766428,aggressive orders
1912,0.00697142,aggressive orders
1913,0.0091153,aggressive orders
1914,0.00758719,aggressive orders
1915,0.00724931,aggressive orders
1916,0.00879963,aggressive orders
1917,0.00735192,aggressive orders
1918,0.00509297,aggressive orders
1919,0.00445076,aggressive orders
1920,0.00926743,aggressive orders
1921,0.00667438,aggressive orders
1922,0.00578159,aggressive orders
1923,0.00642513,aggressive orders
1924,0.00652576,aggressive orders
1925,0.00409664,aggressive orders
1926,0.00357971,aggressive orders
1927,0.00651707,aggressive orders
1928,0.00719037,aggressive orders
1929,0.00558762,aggressive orders
1930,0.00542568,aggressive orders
1931,0.00663301,aggressive orders
1932,0.00761953,aggressive orders
1933,0.00895215,aggressive orders
1934,0.0049183,aggressive orders
1935,0.00736651,aggressive orders
1936,0.00685846,aggressive orders
1937,0.00746912,aggressive orders
1938,0.00431228,aggressive orders
1939,0.0049767,aggressive orders
1940,0.00826016,aggressive orders
1941,0.00745089,aggressive orders
1942,0.00547228,aggressive orders
1943,0.00584436,aggressive orders
1944,0.00863867,aggressive orders
1945,0.00860201,aggressive orders
1946,0.00686509,aggressive orders
1947,0.00856158,aggressive orders
1948,0.00447396,aggressive orders
1949,0.00961585,aggressive orders
1950,0.00539094,aggressive orders
1951,0.00723359,aggressive orders
1952,0.00915089,aggressive orders
1953,0.00607757,aggressive orders
1954,0.00518478,aggressive orders
1955,0.00127309,aggressive orders
1956,0.002719,aggressive orders
1957,0.00578477,aggressive orders
1958,0.00578987,aggressive orders
1959,0.00290448,aggressive orders
1960,0.00607466,aggressive orders
1961,0.00344872,aggressive orders
1962,0.00777624,aggressive orders
1963,0.00781111,aggressive orders
1964,0.00635453,aggressive orders
1965,0.00593312,aggressive orders
1966,0.0048404,aggressive orders
1967,0.00842508,aggressive orders
1968,0.00538152,aggressive orders
1969,0.00388318,aggressive orders
1970,0.00781395,aggressive orders
1971,0.00679588,aggressive orders
1972,0.00790769,aggressive orders
1973,0.00604548,aggressive orders
1974,0.00838928,aggressive orders
1975,0.00814381,aggressive orders
1976,0.0107591,aggressive orders
1977,0.00977387,aggressive orders
1978,0.00666767,aggressive orders
1979,0.00867738,aggressive orders
1980,0.00648995,aggressive orders
1981,0.0078821,aggressive orders
1982,0.00930712,aggressive orders
1983,0.00771637,aggressive orders
1984,0.00848208,aggressive orders
1985,0.00908074,aggressive orders
1986,0.00507665,aggressive orders
1987,0.00845563,aggressive orders
1988,0.00747932,aggressive orders
1989,0.0118695,aggressive orders
1990,0.0090645,aggressive orders
1991,0.00748263,aggressive orders
1992,0.00535785,aggressive orders
1993,0.0068664,aggressive orders
1994,0.0095443,aggressive orders
1995,0.00903937,aggressive orders
1996,0.00652985,aggressive orders
1997,0.00907046,aggressive orders
1998,0.00747971,aggressive orders
1999,0.00698367,aggressive orders
2000,0.00542268,aggressive orders
1,0.630387,individual fills
2,0.458536,individual fills
3,0.355583,individual fills
4,0.291354,individual fills
5,0.246286,individual fills
6,0.215689,individual fills
7,0.193891,individual fills
8,0.176479,individual fills
9,0.162957,individual fills
10,0.152423,individual fills
11,0.143903,individual fills
12,0.138148,individual fills
13,0.131432,individual fills
14,0.127588,individual fills
15,0.124301,individual fills
16,0.119531,individual fills
17,0.115347,individual fills
18,0.110819,individual fills
19,0.108561,individual fills
20,0.107457,individual fills
21,0.103613,individual fills
22,0.102262,individual fills
23,0.100815,individual fills
24,0.097485,individual fills
25,0.0943485,individual fills
26,0.0899507,individual fills
27,0.0879933,individual fills
28,0.0878211,individual fills
29,0.0856503,individual fills
30,0.082825,individual fills
31,0.0821483,individual fills
32,0.0818649,individual fills
33,0.0811352,individual fills
34,0.0808518,individual fills
35,0.0785161,individual fills
36,0.075346,individual fills
37,0.0729618,individual fills
38,0.0703103,individual fills
39,0.0698664,individual fills
40,0.0707711,individual fills
41,0.070269,individual fills
42,0.0693065,individual fills
43,0.0681111,individual fills
44,0.0661881,individual fills
45,0.0665257,individual fills
46,0.0669452,individual fills
47,0.0658222,individual fills
48,0.0650627,individual fills
49,0.0665927,individual fills
50,0.065707,individual fills
51,0.0631526,individual fills
52,0.0606079,individual fills
53,0.0588878,individual fills
54,0.0574685,individual fills
55,0.0578537,individual fills
56,0.0564396,individual fills
57,0.0553652,individual fills
58,0.0566632,individual fills
59,0.0550648,individual fills
60,0.0552471,individual fills
61,0.054789,individual fills
62,0.0534772,individual fills
63,0.0534849,individual fills
64,0.0523768,individual fills
65,0.0512591,individual fills
66,0.0518921,individual fills
67,0.0525834,individual fills
68,0.051373,individual fills
69,0.0499687,individual fills
70,0.0491808,individual fills
71,0.048781,individual fills
72,0.0489051,individual fills
73,0.0480201,individual fills
74,0.0478285,individual fills
75,0.0467831,individual fills
76,0.0442825,individual fills
77,0.0440423,individual fills
78,0.0456112,individual fills
79,0.0454584,individual fills
80,0.04501,individual fills
81,0.0449639,individual fills
82,0.047256,individual fills
83,0.0470793,individual fills
84,0.0459518,individual fills
85,0.0436743,individual fills
86,0.0429491,individual fills
87,0.0422627,individual fills
88,0.0410329,individual fills
89,0.0400793,individual fills
90,0.0409982,individual fills
91,0.0408207,individual fills
92,0.0410559,individual fills
93,0.0423972,individual fills
94,0.0437385,individual fills
95,0.0431834,individual fills
96,0.0430403,individual fills
97,0.0436151,individual fills
98,0.0438019,individual fills
99,0.0435132,individual fills
100,0.0432149,individual fills
101,0.0436001,individual fills
102,0.0435681,individual fills
103,0.0429347,individual fills
104,0.0411079,individual fills
105,0.0409595,individual fills
106,0.0398559,individual fills
107,0.0384225,individual fills
108,0.0386048,individual fills
109,0.0376802,individual fills
110,0.0375468,individual fills
111,0.0375492,individual fills
112,0.0373144,individual fills
113,0.0393982,individual fills
114,0.0384551,individual fills
115,0.0381814,individual fills
116,0.0373009,individual fills
117,0.0355085,individual fills
118,0.0336385,individual fills
119,0.0336118,individual fills
120,0.0341672,individual fills
121,0.0351442,individual fills
122,0.035069,individual fills
123,0.0357797,individual fills
124,0.0335992,individual fills
125,0.0326649,individual fills
126,0.0318859,individual fills
127,0.0325428,individual fills
128,0.0348349,individual fills
129,0.0346194,individual fills
130,0.0361838,individual fills
131,0.0364093,individual fills
132,0.036926,individual fills
133,0.0365403,individual fills
134,0.0369793,individual fills
135,0.0359048,individual fills
136,0.0361594,individual fills
137,0.0353275,individual fills
138,0.0368195,individual fills
139,0.0353719,individual fills
140,0.0342348,individual fills
141,0.0361052,individual fills
142,0.0364374,individual fills
143,0.0358189,individual fills
144,0.0356952,individual fills
145,0.0362991,individual fills
146,0.034953,individual fills
147,0.0349307,individual fills
148,0.0349279,individual fills
149,0.0331399,individual fills
150,0.0328416,individual fills
151,0.0320149,individual fills
152,0.0303635,individual fills
153,0.0313264,individual fills
154,0.0315811,individual fills
155,0.0315984,individual fills
156,0.0330703,individual fills
157,0.0315928,individual fills
158,0.0308869,individual fills
159,0.0309281,individual fills
160,0.0316,individual fills
161,0.032136,individual fills
162,0.0325309,individual fills
163,0.0319266,individual fills
164,0.0324282,individual fills
165,0.0341911,individual fills
166,0.0316905,individual fills
167,0.0307667,individual fills
168,0.0303281,individual fills
169,0.0302917,individual fills
170,0.0292904,individual fills
171,0.0291428,individual fills
172,0.0301789,individual fills
173,0.0305843,individual fills
174,0.0304464,individual fills
175,0.0302601,individual fills
176,0.0306267,individual fills
177,0.0310321,individual fills
178,0.030836,individual fills
179,0.0304071,individual fills
180,0.0286393,individual fills
181,0.0268619,individual fills
182,0.0257635,individual fills
183,0.0263383,individual fills
184,0.026593,individual fills
185,0.0271722,individual fills
186,0.0280866,individual fills
187,0.027148,individual fills
188,0.0278586,individual fills
189,0.0276088,individual fills
190,0.029047,individual fills
191,0.0301846,individual fills
192,0.0288623,individual fills
193,0.0281079,individual fills
194,0.0287992,individual fills
195,0.0290926,individual fills
196,0.0292547,individual fills
197,0.0275444,individual fills
198,0.0251452,individual fills
199,0.0243953,individual fills
200,0.025188,individual fills
201,0.0251807,individual fills
202,0.0271623,individual fills
203,0.0257191,individual fills
204,0.0270745,individual fills
205,0.0264657,individual fills
206,0.0256532,individual fills
207,0.026131,individual fills
208,0.0260505,individual fills
209,0.0262126,individual fills
210,0.0261859,individual fills
211,0.0267316,individual fills
212,0.0255407,individual fills
213,0.0250095,individual fills
214,0.0260888,individual fills
215,0.0250338,individual fills
216,0.023513,individual fills
217,0.02449,individual fills
218,0.0242014,individual fills
219,0.0255568,individual fills
220,0.0243315,individual fills
221,0.0246391,individual fills
222,0.0242773,individual fills
223,0.0247305,individual fills
224,0.0260374,individual fills
225,0.0259719,individual fills
226,0.0248586,individual fills
227,0.0243706,individual fills
228,0.0243775,individual fills
229,0.0244814,individual fills
230,0.0250704,individual fills
231,0.0242817,individual fills
232,0.025346,individual fills
233,0.024388,individual fills
234,0.0253852,individual fills
235,0.0260041,individual fills
236,0.0249057,individual fills
237,0.0251559,individual fills
238,0.0253382,individual fills
239,0.0258645,individual fills
240,0.0262065,individual fills
241,0.026485,individual fills
242,0.0260799,individual fills
243,0.0273921,individual fills
244,0.0262355,individual fills
245,0.0258842,individual fills
246,0.0254889,individual fills
247,0.0253166,individual fills
248,0.02594,individual fills
249,0.0248073,individual fills
250,0.0259836,individual fills
251,0.0259181,individual fills
252,0.0265414,individual fills
253,0.0262528,individual fills
254,0.0271769,individual fills
255,0.0263643,individual fills
256,0.0261436,individual fills
257,0.0250788,individual fills
258,0.0248095,individual fills
259,0.0254769,individual fills
260,0.0261055,individual fills
261,0.0266706,individual fills
262,0.0261782,individual fills
263,0.0245313,individual fills
264,0.0251061,individual fills
265,0.0255354,individual fills
266,0.0255864,individual fills
267,0.0245604,individual fills
268,0.024509,individual fills
269,0.0224882,individual fills
270,0.0215734,individual fills
271,0.0228221,individual fills
272,0.0242507,individual fills
273,0.0240687,individual fills
274,0.0228584,individual fills
275,0.0236616,individual fills
276,0.0232468,individual fills
277,0.0228074,individual fills
278,0.0217911,individual fills
279,0.0237339,individual fills
280,0.0246147,individual fills
281,0.0243896,individual fills
282,0.0238487,individual fills
283,0.0232205,individual fills
284,0.0230385,individual fills
285,0.0245253,individual fills
286,0.0261435,individual fills
287,0.0255638,individual fills
288,0.0255177,individual fills
289,0.0247977,individual fills
290,0.0247374,individual fills
291,0.0254287,individual fills
292,0.0227578,individual fills
293,0.0221535,individual fills
294,0.0223641,individual fills
295,0.0218762,individual fills
296,0.0222375,individual fills
297,0.0240736,individual fills
298,0.0236491,individual fills
299,0.0233023,individual fills
300,0.0224942,individual fills
301,0.0226077,individual fills
302,0.0239147,individual fills
303,0.023126,individual fills
304,0.0239478,individual fills
305,0.024983,individual fills
306,0.0259504,individual fills
307,0.0258408,individual fills
308,0.0251491,individual fills
309,0.0250299,individual fills
310,0.0250323,individual fills
311,0.0246422,individual fills
312,0.0255618,individual fills
313,0.0269225,individual fills
314,0.0271092,individual fills
315,0.0262676,individual fills
316,0.0252125,individual fills
317,0.023667,individual fills
318,0.0223112,individual fills
319,0.0230412,individual fills
320,0.0228205,individual fills
321,0.0231819,individual fills
322,0.0226895,individual fills
323,0.0199895,individual fills
324,0.0186919,individual fills
325,0.0179764,individual fills
326,0.0192885,individual fills
327,0.020785,individual fills
328,0.0208068,individual fills
329,0.0226332,individual fills
330,0.023761,individual fills
331,0.0242239,individual fills
332,0.0257054,individual fills
333,0.0244219,individual fills
334,0.0262871,individual fills
335,0.0269298,individual fills
336,0.0266897,individual fills
337,0.0257898,individual fills
338,0.0252631,individual fills
339,0.0236012,individual fills
340,0.0236283,individual fills
341,0.0231553,individual fills
342,0.0227793,individual fills
343,0.0223064,individual fills
344,0.0214595,individual fills
345,0.0203409,individual fills
346,0.0212068,individual fills
347,0.0225286,individual fills
348,0.0241945,individual fills
349,0.0243133,individual fills
350,0.0234135,individual fills
351,0.0231927,individual fills
352,0.0232146,individual fills
353,0.0238617,individual fills
354,0.0246253,individual fills
355,0.0241277,individual fills
356,0.0251973,individual fills
357,0.0250975,individual fills
358,0.0253469,individual fills
359,0.0268672,individual fills
360,0.0277666,individual fills
361,0.0267936,individual fills
362,0.024375,individual fills
363,0.0254155,individual fills
364,0.0248702,individual fills
365,0.0249458,individual fills
366,0.0257781,individual fills
367,0.0259648,individual fills
368,0.0257247,individual fills
369,0.0252129,individual fills
370,0.0240749,individual fills
371,0.0236355,individual fills
372,0.0233319,individual fills
373,0.0237559,individual fills
374,0.0246748,individual fills
375,0.0251279,individual fills
376,0.0249363,individual fills
377,0.0253656,individual fills
378,0.0247762,individual fills
379,0.0252293,individual fills
380,0.0253817,individual fills
381,0.0254177,individual fills
382,0.0259484,individual fills
383,0.0267076,individual fills
384,0.0244107,individual fills
385,0.023419,individual fills
386,0.0241931,individual fills
387,0.0237687,individual fills
388,0.0243196,individual fills
389,0.023978,individual fills
390,0.0232334,individual fills
391,0.02165,individual fills
392,0.0203523,individual fills
393,0.0202816,individual fills
394,0.0207347,individual fills
395,0.0219013,individual fills
396,0.0228642,individual fills
397,0.0234002,individual fills
398,0.0235094,individual fills
399,0.0238222,individual fills
400,0.0237082,individual fills
401,0.0224688,individual fills
402,0.0242272,individual fills
403,0.0247192,individual fills
404,0.0245567,individual fills
405,0.0220366,individual fills
406,0.021748,individual fills
407,0.0224586,individual fills
408,0.0241685,individual fills
409,0.0250591,individual fills
410,0.0257264,individual fills
411,0.0263401,individual fills
412,0.0267305,individual fills
413,0.0254911,individual fills
414,0.0256294,individual fills
415,0.0258549,individual fills
416,0.0270603,individual fills
417,0.0273344,individual fills
418,0.0278995,individual fills
419,0.0269414,individual fills
420,0.0258334,individual fills
421,0.0257485,individual fills
422,0.0243785,individual fills
423,0.0230861,individual fills
424,0.0231714,individual fills
425,0.0236059,individual fills
426,0.0235501,individual fills
427,0.0239062,individual fills
428,0.0238355,individual fills
429,0.0233043,individual fills
430,0.0224962,individual fills
431,0.0224448,individual fills
432,0.0217823,individual fills
433,0.021513,individual fills
434,0.0222528,individual fills
435,0.0231336,individual fills
436,0.0247227,individual fills
437,0.0238572,individual fills
438,0.0240924,individual fills
439,0.0237553,individual fills
440,0.0222248,individual fills
441,0.0236049,individual fills
442,0.0234132,individual fills
443,0.0228335,individual fills
444,0.0220695,individual fills
445,0.0219652,individual fills
446,0.0223654,individual fills
447,0.0230319,individual fills
448,0.0226313,individual fills
449,0.021377,individual fills
450,0.0199673,individual fills
451,0.0198772,individual fills
452,0.0205729,individual fills
453,0.0226753,individual fills
454,0.0229247,individual fills
455,0.0221749,individual fills
456,0.0216922,individual fills
457,0.0212968,individual fills
458,0.0199992,individual fills
459,0.0189441,individual fills
460,0.0184861,individual fills
461,0.0195221,individual fills
462,0.0190536,individual fills
463,0.0198269,individual fills
464,0.0199017,individual fills
465,0.020428,individual fills
466,0.0219439,individual fills
467,0.0214559,individual fills
468,0.0206866,individual fills
469,0.0223331,individual fills
470,0.0238341,individual fills
471,0.0230559,individual fills
472,0.0232382,individual fills
473,0.0239249,individual fills
474,0.0230691,individual fills
475,0.0203841,individual fills
476,0.0191059,individual fills
477,0.0173523,individual fills
478,0.0163502,individual fills
479,0.016454,individual fills
480,0.0180423,individual fills
481,0.0193933,individual fills
482,0.0199972,individual fills
483,0.0180689,individual fills
484,0.0176303,individual fills
485,0.0182148,individual fills
486,0.0207979,individual fills
487,0.021984,individual fills
488,0.0223797,individual fills
489,0.0207619,individual fills
490,0.0206382,individual fills
491,0.0208249,individual fills
492,0.0217639,individual fills
493,0.0211454,individual fills
494,0.0229039,individual fills
495,0.0218973,individual fills
496,0.0223609,individual fills
497,0.0225477,individual fills
498,0.0208567,individual fills
499,0.0209412,individual fills
500,0.0216078,individual fills
501,0.0200579,individual fills
502,0.0195902,individual fills
503,0.0207038,individual fills
504,0.0217884,individual fills
505,0.0218102,individual fills
506,0.0213178,individual fills
507,0.0232412,individual fills
508,0.0234033,individual fills
509,0.0232408,individual fills
510,0.0214245,individual fills
511,0.0203843,individual fills
512,0.0192225,individual fills
513,0.0205153,individual fills
514,0.0212304,individual fills
515,0.0221254,individual fills
516,0.0214098,individual fills
517,0.0205488,individual fills
518,0.0210221,individual fills
519,0.0208649,individual fills
520,0.0190001,individual fills
521,0.018251,individual fills
522,0.0184915,individual fills
523,0.0197507,individual fills
524,0.0214465,individual fills
525,0.0208085,individual fills
526,0.01954,individual fills
527,0.0193581,individual fills
528,0.0192202,individual fills
529,0.0189704,individual fills
530,0.0184101,individual fills
531,0.0172677,individual fills
532,0.0171731,individual fills
533,0.0185531,individual fills
534,0.0195645,individual fills
535,0.0185386,individual fills
536,0.0189581,individual fills
537,0.0190531,individual fills
538,0.0170719,individual fills
539,0.0167982,individual fills
540,0.0152633,individual fills
541,0.0165904,individual fills
542,0.0162876,individual fills
543,0.0186334,individual fills
544,0.0211195,individual fills
545,0.0209763,individual fills
546,0.0207601,individual fills
547,0.0222857,individual fills
548,0.0213955,individual fills
549,0.0211069,individual fills
550,0.0200906,individual fills
551,0.0209811,individual fills
552,0.0199604,individual fills
553,0.0200456,individual fills
554,0.0196749,individual fills
555,0.0205849,individual fills
556,0.0215037,individual fills
557,0.0226166,individual fills
558,0.02161,individual fills
559,0.0202153,individual fills
560,0.0212655,individual fills
561,0.0223202,individual fills
562,0.021983,individual fills
563,0.0221451,individual fills
564,0.0228117,individual fills
565,0.022038,individual fills
566,0.0222829,individual fills
567,0.0225614,individual fills
568,0.0231407,individual fills
569,0.0239484,individual fills
570,0.0229903,individual fills
571,0.022236,individual fills
572,0.0210309,individual fills
573,0.0199519,individual fills
574,0.0205029,individual fills
575,0.0208113,individual fills
576,0.02046,individual fills
577,0.0217095,individual fills
578,0.0204454,individual fills
579,0.0198463,individual fills
580,0.0188591,individual fills
581,0.018119,individual fills
582,0.0193729,individual fills
583,0.0194768,individual fills
584,0.0205561,individual fills
585,0.0197047,individual fills
586,0.0191639,individual fills
587,0.0174684,individual fills
588,0.0162052,individual fills
589,0.0155531,individual fills
590,0.0155413,individual fills
591,0.0153162,individual fills
592,0.0138491,individual fills
593,0.0129739,individual fills
594,0.0157749,individual fills
595,0.0168498,individual fills
596,0.0189187,individual fills
597,0.0200712,individual fills
598,0.0206751,individual fills
599,0.0199984,individual fills
600,0.0194478,individual fills
601,0.0180091,individual fills
602,0.0176375,individual fills
603,0.0173242,individual fills
604,0.0184662,individual fills
605,0.0192395,individual fills
606,0.0196927,individual fills
607,0.0181472,individual fills
608,0.017378,individual fills
609,0.0173468,individual fills
610,0.0191635,individual fills
611,0.0199323,individual fills
612,0.0190616,individual fills
613,0.0190446,individual fills
614,0.0206575,individual fills
615,0.0200196,individual fills
616,0.0194742,individual fills
617,0.018696,individual fills
618,0.0190432,individual fills
619,0.0172561,individual fills
620,0.016798,individual fills
621,0.0162915,individual fills
622,0.0132625,individual fills
623,0.0124164,individual fills
624,0.0123658,individual fills
625,0.0137944,individual fills
626,0.015723,individual fills
627,0.0150075,individual fills
628,0.0134241,individual fills
629,0.0135623,individual fills
630,0.0156991,individual fills
631,0.0163657,individual fills
632,0.0159263,individual fills
633,0.0157391,individual fills
634,0.0153534,individual fills
635,0.0147834,individual fills
636,0.0134716,individual fills
637,0.0134017,individual fills
638,0.0135161,individual fills
639,0.0128155,individual fills
640,0.0132597,individual fills
641,0.013704,individual fills
642,0.0154871,individual fills
643,0.0159895,individual fills
644,0.0159002,individual fills
645,0.0171109,individual fills
646,0.0175842,individual fills
647,0.0186785,individual fills
648,0.0188264,individual fills
649,0.0160444,individual fills
650,0.0169341,individual fills
651,0.016679,individual fills
652,0.0164918,individual fills
653,0.0153345,individual fills
654,0.0147107,individual fills
655,0.0137765,individual fills
656,0.0132692,individual fills
657,0.013941,individual fills
658,0.0152867,individual fills
659,0.0136689,individual fills
660,0.0137631,individual fills
661,0.0149059,individual fills
662,0.0144911,individual fills
663,0.0140763,individual fills
664,0.0149325,individual fills
665,0.0147894,individual fills
666,0.015859,individual fills
667,0.0163032,individual fills
668,0.0154668,individual fills
669,0.0142812,individual fills
670,0.0140701,individual fills
671,0.014189,individual fills
672,0.013716,individual fills
673,0.012384,individual fills
674,0.0130849,individual fills
675,0.0134807,individual fills
676,0.0133137,individual fills
677,0.0130833,individual fills
678,0.00990347,individual fills
679,0.00983797,individual fills
680,0.0113927,individual fills
681,0.0115406,individual fills
682,0.0114415,individual fills
683,0.00993572,individual fills
684,0.0131688,individual fills
685,0.0145198,individual fills
686,0.015473,individual fills
687,0.0147866,individual fills
688,0.0149301,individual fills
689,0.016684,individual fills
690,0.016279,individual fills
691,0.018324,individual fills
692,0.0186615,individual fills
693,0.0176117,individual fills
694,0.0162462,individual fills
695,0.0162777,individual fills
696,0.0151353,individual fills
697,0.0153556,individual fills
698,0.0158677,individual fills
699,0.0161567,individual fills
700,0.0153203,individual fills
701,0.0149593,individual fills
702,0.0149229,individual fills
703,0.0138537,individual fills
704,0.0141718,individual fills
705,0.0147131,individual fills
706,0.0154237,individual fills
707,0.0155425,individual fills
708,0.0139971,individual fills
709,0.0127815,individual fills
710,0.0120757,individual fills
711,0.0116557,individual fills
712,0.0127977,individual fills
713,0.0136001,individual fills
714,0.0136077,individual fills
715,0.0147064,individual fills
716,0.0150537,individual fills
717,0.013203,individual fills
718,0.0121091,individual fills
719,0.0116555,individual fills
720,0.0117744,individual fills
721,0.0129313,individual fills
722,0.0128561,individual fills
723,0.0129943,individual fills
724,0.0134236,individual fills
725,0.0147455,individual fills
726,0.014224,individual fills
727,0.013848,individual fills
728,0.014549,individual fills
729,0.0147454,individual fills
730,0.0152665,individual fills
731,0.0133285,individual fills
732,0.012763,individual fills
733,0.0127557,individual fills
734,0.0125976,individual fills
735,0.0122067,individual fills
736,0.0135868,individual fills
737,0.0147437,individual fills
738,0.0152312,individual fills
739,0.0150731,individual fills
740,0.0133389,individual fills
741,0.0131816,individual fills
742,0.0155856,individual fills
743,0.015147,individual fills
744,0.0148054,individual fills
745,0.0155646,individual fills
746,0.0164983,individual fills
747,0.0162291,individual fills
748,0.0165711,individual fills
749,0.017384,individual fills
750,0.0178909,individual fills
751,0.0170104,individual fills
752,0.0174203,individual fills
753,0.0167772,individual fills
754,0.0151691,individual fills
755,0.0137117,individual fills
756,0.0133119,individual fills
757,0.0130382,individual fills
758,0.0135548,individual fills
759,0.0131401,individual fills
760,0.0142873,individual fills
761,0.0147307,individual fills
762,0.0145436,individual fills
763,0.0138765,individual fills
764,0.0147857,individual fills
765,0.0151859,individual fills
766,0.0156778,individual fills
767,0.016325,individual fills
768,0.0162498,individual fills
769,0.0159514,individual fills
770,0.015168,individual fills
771,0.014651,individual fills
772,0.0151191,individual fills
773,0.0145244,individual fills
774,0.0145074,individual fills
775,0.0146165,individual fills
776,0.0161951,individual fills
777,0.016164,individual fills
778,0.0167828,individual fills
779,0.0168293,individual fills
780,0.0153914,individual fills
781,0.0163983,individual fills
782,0.0160955,individual fills
783,0.0169958,individual fills
784,0.0176437,individual fills
785,0.0177387,individual fills
786,0.0157187,individual fills
787,0.0154203,individual fills
788,0.0156265,individual fills
789,0.0167155,individual fills
790,0.0161985,individual fills
791,0.0168218,individual fills
792,0.0166787,individual fills
793,0.0151579,individual fills
794,0.0144909,individual fills
795,0.0152985,individual fills
796,0.0155382,individual fills
797,0.0154242,individual fills
798,0.0147863,individual fills
799,0.0154052,individual fills
800,0.015524,individual fills
801,0.0173504,individual fills
802,0.0184685,individual fills
803,0.0182381,individual fills
804,0.0172412,individual fills
805,0.0171704,individual fills
806,0.0170132,individual fills
807,0.0169379,individual fills
808,0.0174501,individual fills
809,0.0176033,individual fills
810,0.0172079,individual fills
811,0.0177395,individual fills
812,0.0178337,individual fills
813,0.0182338,individual fills
814,0.0192646,individual fills
815,0.019073,individual fills
816,0.019153,individual fills
817,0.0179136,individual fills
818,0.0176973,individual fills
819,0.0155989,individual fills
820,0.0146841,individual fills
821,0.0129834,individual fills
822,0.0134754,individual fills
823,0.0124732,individual fills
824,0.0123346,individual fills
825,0.0127489,individual fills
826,0.0116207,individual fills
827,0.0129858,individual fills
828,0.0142009,individual fills
829,0.0135921,individual fills
830,0.0128139,individual fills
831,0.012632,individual fills
832,0.0118583,individual fills
833,0.0117054,individual fills
834,0.012596,individual fills
835,0.012205,individual fills
836,0.0118723,individual fills
837,0.0117583,individual fills
838,0.0105965,individual fills
839,0.0115982,individual fills
840,0.0125171,individual fills
841,0.0139359,individual fills
842,0.0154906,individual fills
843,0.0149497,individual fills
844,0.0138461,individual fills
845,0.0150031,individual fills
846,0.0153644,individual fills
847,0.0153818,individual fills
848,0.0130364,individual fills
849,0.0125731,individual fills
850,0.0126285,individual fills
851,0.0128585,individual fills
852,0.0126325,individual fills
853,0.0127073,individual fills
854,0.0123313,individual fills
855,0.0124598,individual fills
856,0.0126227,individual fills
857,0.0137073,individual fills
858,0.0134962,individual fills
859,0.0137367,individual fills
860,0.013628,individual fills
861,0.0136789,individual fills
862,0.0132403,individual fills
863,0.0129569,individual fills
864,0.0131198,individual fills
865,0.0123804,individual fills
866,0.0125142,individual fills
867,0.0125069,individual fills
868,0.0117772,individual fills
869,0.0105378,individual fills
870,0.0116074,individual fills
871,0.0110374,individual fills
872,0.0112286,individual fills
873,0.0100324,individual fills
874,0.0110729,individual fills
875,0.0122784,individual fills
876,0.0133868,individual fills
877,0.0147668,individual fills
878,0.0140364,individual fills
879,0.0149604,individual fills
880,0.0150017,individual fills
881,0.0144511,individual fills
882,0.0149871,individual fills
883,0.0144365,individual fills
884,0.0131926,individual fills
885,0.0136995,individual fills
886,0.0140318,individual fills
887,0.0136073,individual fills
888,0.0143082,individual fills
889,0.014233,individual fills
890,0.0153318,individual fills
891,0.0161006,individual fills
892,0.0169083,individual fills
893,0.0170077,individual fills
894,0.0155451,individual fills
895,0.0159215,individual fills
896,0.0171851,individual fills
897,0.0162755,individual fills
898,0.0149682,individual fills
899,0.0157953,individual fills
900,0.0159917,individual fills
901,0.0158486,individual fills
902,0.0154629,individual fills
903,0.0151258,individual fills
904,0.0137602,individual fills
905,0.0126469,individual fills
906,0.0131591,individual fills
907,0.0138168,individual fills
908,0.0135237,individual fills
909,0.0143463,individual fills
910,0.0149749,individual fills
911,0.0133474,individual fills
912,0.0135923,individual fills
913,0.0127701,individual fills
914,0.0122874,individual fills
915,0.0129495,individual fills
916,0.012899,individual fills
917,0.0131783,individual fills
918,0.0138554,individual fills
919,0.0136488,individual fills
920,0.0128556,individual fills
921,0.0124162,individual fills
922,0.0128694,individual fills
923,0.0131091,individual fills
924,0.0128204,individual fills
925,0.0137154,individual fills
926,0.0145962,individual fills
927,0.0160107,individual fills
928,0.0171385,individual fills
929,0.0181163,individual fills
930,0.0181381,individual fills
931,0.0164524,individual fills
932,0.0163869,individual fills
933,0.0155744,individual fills
934,0.0155477,individual fills
935,0.0132269,individual fills
936,0.0131226,individual fills
937,0.0130571,individual fills
938,0.0140155,individual fills
939,0.0139112,individual fills
940,0.0139039,individual fills
941,0.0154004,individual fills
942,0.0148983,individual fills
943,0.0144156,individual fills
944,0.0138695,individual fills
945,0.0139831,individual fills
946,0.0130877,individual fills
947,0.0133468,individual fills
948,0.014382,individual fills
949,0.0158688,individual fills
950,0.0146488,individual fills
951,0.0135646,individual fills
952,0.0128879,individual fills
953,0.0139769,individual fills
954,0.0142995,individual fills
955,0.0139817,individual fills
956,0.0130378,individual fills
957,0.0127491,individual fills
958,0.0130329,individual fills
959,0.0133555,individual fills
960,0.0133579,individual fills
961,0.0140782,individual fills
962,0.0152643,individual fills
963,0.0148107,individual fills
964,0.0137459,individual fills
965,0.0133796,individual fills
966,0.0143425,individual fills
967,0.0132539,individual fills
968,0.0123787,individual fills
969,0.0116393,individual fills
970,0.0124858,individual fills
971,0.0142195,individual fills
972,0.0158466,individual fills
973,0.0163095,individual fills
974,0.0171701,individual fills
975,0.0149754,individual fills
976,0.0145412,individual fills
977,0.0134376,individual fills
978,0.012402,individual fills
979,0.0135589,individual fills
980,0.0138718,individual fills
981,0.0114681,individual fills
982,0.0130467,individual fills
983,0.0143491,individual fills
984,0.0139388,individual fills
985,0.0152457,individual fills
986,0.0161839,individual fills
987,0.0159871,individual fills
988,0.0163723,individual fills
989,0.0172038,individual fills
990,0.0173182,individual fills
991,0.0162967,individual fills
992,0.0159842,individual fills
993,0.0165836,individual fills
994,0.0179981,individual fills
995,0.0194266,individual fills
996,0.018794,individual fills
997,0.0177829,individual fills
998,0.0175137,individual fills
999,0.0172788,individual fills
1000,0.0161028,individual fills
1001,0.017871,individual fills
1002,0.0181503,individual fills
1003,0.0165855,individual fills
1004,0.0163595,individual fills
1005,0.0158618,individual fills
1006,0.016412,individual fills
1007,0.0167002,individual fills
1008,0.0138741,individual fills
1009,0.0132459,individual fills
1010,0.0135006,individual fills
1011,0.0142739,individual fills
1012,0.0147659,individual fills
1013,0.0153795,individual fills
1014,0.0163618,individual fills
1015,0.017509,individual fills
1016,0.0167547,individual fills
1017,0.0178578,individual fills
1018,0.0166714,individual fills
1019,0.0158394,individual fills
1020,0.0160165,individual fills
1021,0.0161353,individual fills
1022,0.0141973,individual fills
1023,0.0138796,individual fills
1024,0.0132611,individual fills
1025,0.0146897,individual fills
1026,0.0151966,individual fills
1027,0.0135594,individual fills
1028,0.0131304,individual fills
1029,0.0142486,individual fills
1030,0.0143965,individual fills
1031,0.0143556,individual fills
1032,0.0144207,individual fills
1033,0.0151455,individual fills
1034,0.0130814,individual fills
1035,0.0117741,individual fills
1036,0.0113496,individual fills
1037,0.0111095,individual fills
1038,0.0106798,individual fills
1039,0.0127628,individual fills
1040,0.0134779,individual fills
1041,0.0133392,individual fills
1042,0.011755,individual fills
1043,0.0124992,individual fills
1044,0.0131561,individual fills
1045,0.0145018,individual fills
1046,0.0151975,individual fills
1047,0.0154954,individual fills
1048,0.0165456,individual fills
1049,0.0165771,individual fills
1050,0.0163952,individual fills
1051,0.014908,individual fills
1052,0.0137074,individual fills
1053,0.0142531,individual fills
1054,0.0141294,individual fills
1055,0.0137243,individual fills
1056,0.0142752,individual fills
1057,0.014118,individual fills
1058,0.0131308,individual fills
1059,0.0108973,individual fills
1060,0.0122632,individual fills
1061,0.0128433,individual fills
1062,0.0136801,individual fills
1063,0.0125623,individual fills
1064,0.0118812,individual fills
1065,0.010385,individual fills
1066,0.00903888,individual fills
1067,0.0072226,individual fills
1068,0.00756982,individual fills
1069,0.00612221,individual fills
1070,0.00534402,individual fills
1071,0.00570094,individual fills
1072,0.00528617,individual fills
1073,0.00497812,individual fills
1074,0.00471858,individual fills
1075,0.00515757,individual fills
1076,0.00503386,individual fills
1077,0.00479897,individual fills
1078,0.00563129,individual fills
1079,0.00536204,individual fills
1080,0.00567491,individual fills
1081,0.00673037,individual fills
1082,0.00741191,individual fills
1083,0.00964129,individual fills
1084,0.00959519,individual fills
1085,0.00985955,individual fills
1086,0.0101142,individual fills
1087,0.00992703,individual fills
1088,0.011375,individual fills
1089,0.0108632,individual fills
1090,0.0107448,individual fills
1091,0.0108151,individual fills
1092,0.0107399,individual fills
1093,0.0111401,individual fills
1094,0.00995884,individual fills
1095,0.0101597,individual fills
1096,0.0116898,individual fills
1097,0.0112892,individual fills
1098,0.0110729,individual fills
1099,0.0102454,individual fills
1100,0.0103493,individual fills
1101,0.0105211,individual fills
1102,0.00992641,individual fills
1103,0.00985566,individual fills
1104,0.0100566,individual fills
1105,0.0114217,individual fills
1106,0.0119771,individual fills
1107,0.011116,individual fills
1108,0.0116132,individual fills
1109,0.0117612,individual fills
1110,0.0135241,individual fills
1111,0.0133757,individual fills
1112,0.0123885,individual fills
1113,0.0125462,individual fills
1114,0.0115687,individual fills
1115,0.0126039,individual fills
1116,0.0117041,individual fills
1117,0.0130021,individual fills
1118,0.0134463,individual fills
1119,0.0142928,individual fills
1120,0.0145571,individual fills
1121,0.013958,individual fills
1122,0.0156829,individual fills
1123,0.0166123,individual fills
1124,0.0171871,individual fills
1125,0.0184075,individual fills
1126,0.0200644,individual fills
1127,0.0185146,individual fills
1128,0.0180759,individual fills
1129,0.0161238,individual fills
1130,0.0154814,individual fills
1131,0.0149846,individual fills
1132,0.0155453,individual fills
1133,0.0155432,individual fills
1134,0.0156188,individual fills
1135,0.0151705,individual fills
1136,0.0138878,individual fills
1137,0.0136626,individual fills
1138,0.0153867,individual fills
1139,0.0150831,individual fills
1140,0.0150034,individual fills
1141,0.0151566,individual fills
1142,0.0166002,individual fills
1143,0.016913,individual fills
1144,0.0168087,individual fills
1145,0.0168261,individual fills
1146,0.0174935,individual fills
1147,0.0162682,individual fills
1148,0.0158728,individual fills
1149,0.0177477,individual fills
1150,0.018715,individual fills
1151,0.0178487,individual fills
1152,0.0178123,individual fills
1153,0.0163401,individual fills
1154,0.0158432,individual fills
1155,0.014759,individual fills
1156,0.0144316,individual fills
1157,0.0154086,individual fills
1158,0.015814,individual fills
1159,0.0133522,individual fills
1160,0.0144368,individual fills
1161,0.0145414,individual fills
1162,0.0156454,individual fills
1163,0.0169822,individual fills
1164,0.0166891,individual fills
1165,0.0170311,individual fills
1166,0.0157626,individual fills
1167,0.0175695,individual fills
1168,0.0181152,individual fills
1169,0.0184475,individual fills
1170,0.0209724,individual fills
1171,0.0214651,individual fills
1172,0.0200272,individual fills
1173,0.0200393,individual fills
1174,0.018388,individual fills
1175,0.0167314,individual fills
1176,0.0163166,individual fills
1177,0.0175317,individual fills
1178,0.0167095,individual fills
1179,0.0162895,individual fills
1180,0.0167426,individual fills
1181,0.016633,individual fills
1182,0.0157861,individual fills
1183,0.0156863,individual fills
1184,0.0139759,individual fills
1185,0.0120521,individual fills
1186,0.0126799,individual fills
1187,0.0130651,individual fills
1188,0.0141541,individual fills
1189,0.0160969,individual fills
1190,0.0151247,individual fills
1191,0.0155204,individual fills
1192,0.0151348,individual fills
1193,0.014152,individual fills
1194,0.0133342,individual fills
1195,0.0119537,individual fills
1196,0.011524,individual fills
1197,0.0123511,individual fills
1198,0.0128483,individual fills
1199,0.0133022,individual fills
1200,0.0119561,individual fills
1201,0.0121428,individual fills
1202,0.0132169,individual fills
1203,0.0139857,individual fills
1204,0.0137553,individual fills
1205,0.0148108,individual fills
1206,0.0168849,individual fills
1207,0.0156895,individual fills
1208,0.0155517,individual fills
1209,0.0170288,individual fills
1210,0.0172155,individual fills
1211,0.0168298,individual fills
1212,0.0157412,individual fills
1213,0.0144876,individual fills
1214,0.0145729,individual fills
1215,0.0151283,individual fills
1216,0.0150046,individual fills
1217,0.0135226,individual fills
1218,0.0137817,individual fills
1219,0.0145259,individual fills
1220,0.0156537,individual fills
1221,0.0147345,individual fills
1222,0.0142712,individual fills
1223,0.0147049,individual fills
1224,0.0148044,individual fills
1225,0.0151225,individual fills
1226,0.0145137,individual fills
1227,0.0141668,individual fills
1228,0.0161343,individual fills
1229,0.0155792,individual fills
1230,0.0155966,individual fills
1231,0.0140907,individual fills
1232,0.0127984,individual fills
1233,0.0119029,individual fills
1234,0.0111777,individual fills
1235,0.0114853,individual fills
1236,0.0113422,individual fills
1237,0.012717,individual fills
1238,0.0119485,individual fills
1239,0.0145219,individual fills
1240,0.014946,individual fills
1241,0.0134394,individual fills
1242,0.0129955,individual fills
1243,0.0133666,individual fills
1244,0.0132085,individual fills
1245,0.0137975,individual fills
1246,0.0150462,individual fills
1247,0.017527,individual fills
1248,0.0186107,individual fills
1249,0.0186661,individual fills
1250,0.0182461,individual fills
1251,0.0179134,individual fills
1252,0.0172896,individual fills
1253,0.017704,individual fills
1254,0.0179922,individual fills
1255,0.0194349,individual fills
1256,0.0181223,individual fills
1257,0.0164508,individual fills
1258,0.016089,individual fills
1259,0.0154361,individual fills
1260,0.0156176,individual fills
1261,0.0164006,individual fills
1262,0.0164657,individual fills
1263,0.0164293,individual fills
1264,0.0168824,individual fills
1265,0.017549,individual fills
1266,0.0182253,individual fills
1267,0.0178344,individual fills
1268,0.0182972,individual fills
1269,0.0184496,individual fills
1270,0.0198244,individual fills
1271,0.0201761,individual fills
1272,0.0198972,individual fills
1273,0.0204526,individual fills
1274,0.0209595,individual fills
1275,0.0199432,individual fills
1276,0.0189754,individual fills
1277,0.01728,individual fills
1278,0.0169473,individual fills
1279,0.0158191,individual fills
1280,0.0142348,individual fills
1281,0.0144163,individual fills
1282,0.0152284,individual fills
1283,0.0153614,individual fills
1284,0.0159989,individual fills
1285,0.0155692,individual fills
1286,0.0145044,individual fills
1287,0.0130321,individual fills
1288,0.0139509,individual fills
1289,0.014016,individual fills
1290,0.0119758,individual fills
1291,0.0122834,individual fills
1292,0.0127559,individual fills
1293,0.0138203,individual fills
1294,0.0146474,individual fills
1295,0.0158819,individual fills
1296,0.0173837,individual fills
1297,0.0194966,individual fills
1298,0.0215073,individual fills
1299,0.0198948,individual fills
1300,0.0193733,individual fills
1301,0.0176346,individual fills
1302,0.0172736,individual fills
1303,0.0174462,individual fills
1304,0.0152127,individual fills
1305,0.0147151,individual fills
1306,0.0144361,individual fills
1307,0.0163259,individual fills
1308,0.0171292,individual fills
1309,0.0166711,individual fills
1310,0.0171251,individual fills
1311,0.0182969,individual fills
1312,0.0182367,individual fills
1313,0.0189279,individual fills
1314,0.0185475,individual fills
1315,0.0171238,individual fills
1316,0.0148559,individual fills
1317,0.0130441,individual fills
1318,0.0130518,individual fills
1319,0.0127005,individual fills
1320,0.0118738,individual fills
1321,0.0124732,individual fills
1322,0.0122868,individual fills
1323,0.0116445,individual fills
1324,0.0120544,individual fills
1325,0.0116926,individual fills
1326,0.0131555,individual fills
1327,0.0130952,individual fills
1328,0.0143156,individual fills
1329,0.0159629,individual fills
1330,0.014054,individual fills
1331,0.012543,individual fills
1332,0.0137925,individual fills
1333,0.0134024,individual fills
1334,0.0130211,individual fills
1335,0.0126549,individual fills
1336,0.012473,individual fills
1337,0.011656,individual fills
1338,0.011945,individual fills
1339,0.0112779,individual fills
1340,0.011911,individual fills
1341,0.0121701,individual fills
1342,0.012968,individual fills
1343,0.015275,individual fills
1344,0.0150499,individual fills
1345,0.0151545,individual fills
1346,0.015754,individual fills
1347,0.0148497,individual fills
1348,0.0128879,individual fills
1349,0.0126918,individual fills
1350,0.0118845,individual fills
1351,0.0106018,individual fills
1352,0.0108759,individual fills
1353,0.0134202,individual fills
1354,0.0149652,individual fills
1355,0.0153848,individual fills
1356,0.0149647,individual fills
1357,0.0147925,individual fills
1358,0.0165457,individual fills
1359,0.0157473,individual fills
1360,0.0147064,individual fills
1361,0.0137528,individual fills
1362,0.0145313,individual fills
1363,0.0154024,individual fills
1364,0.0156377,individual fills
1365,0.0179103,individual fills
1366,0.0185963,individual fills
1367,0.0185935,individual fills
1368,0.0190175,individual fills
1369,0.0177146,individual fills
1370,0.0160968,individual fills
1371,0.0135432,individual fills
1372,0.0128471,individual fills
1373,0.0137376,individual fills
1374,0.0151035,individual fills
1375,0.0159791,individual fills
1376,0.015574,individual fills
1377,0.0126077,individual fills
1378,0.0125713,individual fills
1379,0.0122632,individual fills
1380,0.0117656,individual fills
1381,0.0127673,individual fills
1382,0.0131966,individual fills
1383,0.0138975,individual fills
1384,0.013541,individual fills
1385,0.0132038,individual fills
1386,0.014157,individual fills
1387,0.0125541,individual fills
1388,0.0117125,individual fills
1389,0.0112783,individual fills
1390,0.0112807,individual fills
1391,0.0106137,individual fills
1392,0.00987879,individual fills
1393,0.0099103,individual fills
1394,0.0102523,individual fills
1395,0.010745,individual fills
1396,0.0107721,individual fills
1397,0.0116335,individual fills
1398,0.01313,individual fills
1399,0.0139862,individual fills
1400,0.0122325,individual fills
1401,0.0104498,individual fills
1402,0.00953055,individual fills
1403,0.00911133,individual fills
1404,0.00874507,individual fills
1405,0.00878104,individual fills
1406,0.0101559,individual fills
1407,0.0120889,individual fills
1408,0.0115727,individual fills
1409,0.0117982,individual fills
1410,0.0128432,individual fills
1411,0.0129038,individual fills
1412,0.0130518,individual fills
1413,0.0117303,individual fills
1414,0.0117282,individual fills
1415,0.010741,individual fills
1416,0.0115629,individual fills
1417,0.0113854,individual fills
1418,0.0119117,individual fills
1419,0.0125835,individual fills
1420,0.0129061,individual fills
1421,0.0117928,individual fills
1422,0.0131535,individual fills
1423,0.0142231,individual fills
1424,0.0129545,individual fills
1425,0.01401,individual fills
1426,0.0134161,individual fills
1427,0.0127394,individual fills
1428,0.01085,individual fills
1429,0.00969787,individual fills
1430,0.00919578,individual fills
1431,0.00930046,individual fills
1432,0.0089633,individual fills
1433,0.00900452,individual fills
1434,0.0103846,individual fills
1435,0.0109497,individual fills
1436,0.0112044,individual fills
1437,0.0111344,individual fills
1438,0.0101181,individual fills
1439,0.010237,individual fills
1440,0.0106759,individual fills
1441,0.00930594,individual fills
1442,0.00809117,individual fills
1443,0.00830702,individual fills
1444,0.00782959,individual fills
1445,0.00703199,individual fills
1446,0.00899942,individual fills
1447,0.0109086,individual fills
1448,0.0122111,individual fills
1449,0.010797,individual fills
1450,0.0115368,individual fills
1451,0.0115877,individual fills
1452,0.0117647,individual fills
1453,0.0104574,individual fills
1454,0.0109203,individual fills
1455,0.011122,individual fills
1456,0.0101691,individual fills
1457,0.0099678,individual fills
1458,0.00882539,individual fills
1459,0.0090756,individual fills
1460,0.0104318,individual fills
1461,0.00986706,individual fills
1462,0.01003,individual fills
1463,0.00879052,individual fills
1464,0.00961759,individual fills
1465,0.0090864,individual fills
1466,0.00850224,individual fills
1467,0.00702997,individual fills
1468,0.0076339,individual fills
1469,0.00818406,individual fills
1470,0.00854544,individual fills
1471,0.00898888,individual fills
1472,0.00869578,individual fills
1473,0.00694216,individual fills
1474,0.00663936,individual fills
1475,0.00589998,individual fills
1476,0.00586883,individual fills
1477,0.00576007,individual fills
1478,0.00594681,individual fills
1479,0.00585745,individual fills
1480,0.00664126,individual fills
1481,0.00805568,individual fills
1482,0.0086402,individual fills
1483,0.00879259,individual fills
1484,0.00838227,individual fills
1485,0.0105385,individual fills
1486,0.0100558,individual fills
1487,0.010359,individual fills
1488,0.00997331,individual fills
1489,0.00941301,individual fills
1490,0.0072034,individual fills
1491,0.0082148,individual fills
1492,0.00772242,individual fills
1493,0.00841366,individual fills
1494,0.00889591,individual fills
1495,0.00867517,individual fills
1496,0.00865373,individual fills
1497,0.00947634,individual fills
1498,0.00987207,individual fills
1499,0.0112089,individual fills
1500,0.0114009,individual fills
1501,0.0107391,individual fills
1502,0.00955344,individual fills
1503,0.00869239,individual fills
1504,0.0087045,individual fills
1505,0.00976441,individual fills
1506,0.0103101,individual fills
1507,0.0106177,individual fills
1508,0.00887827,individual fills
1509,0.007959,individual fills
1510,0.00791736,individual fills
1511,0.00878768,individual fills
1512,0.00785346,individual fills
1513,0.00681252,individual fills
1514,0.00745,individual fills
1515,0.00880542,individual fills
1516,0.00843391,individual fills
1517,0.00784896,individual fills
1518,0.00730281,individual fills
1519,0.00688804,individual fills
1520,0.00777332,individual fills
1521,0.00798917,individual fills
1522,0.00620644,individual fills
1523,0.00633497,individual fills
1524,0.00555678,individual fills
1525,0.00698536,individual fills
1526,0.00833633,individual fills
1527,0.00751933,individual fills
1528,0.00853073,individual fills
1529,0.00829505,individual fills
1530,0.00893253,individual fills
1531,0.0102491,individual fills
1532,0.0094948,individual fills
1533,0.00937109,individual fills
1534,0.00907719,individual fills
1535,0.00712953,individual fills
1536,0.00708788,individual fills
1537,0.00615366,individual fills
1538,0.00541348,individual fills
1539,0.00598305,individual fills
1540,0.00494211,individual fills
1541,0.00539526,individual fills
1542,0.0053051,individual fills
1543,0.00463283,individual fills
1544,0.00356804,individual fills
1545,0.00513244,individual fills
1546,0.00456769,individual fills
1547,0.00608359,individual fills
1548,0.00594572,individual fills
1549,0.00573994,individual fills
1550,0.00732375,individual fills
1551,0.00759256,individual fills
1552,0.00675091,individual fills
1553,0.00668015,individual fills
1554,0.00804527,individual fills
1555,0.00830438,individual fills
1556,0.00709406,individual fills
1557,0.00685392,individual fills
1558,0.00581824,individual fills
1559,0.00711099,individual fills
1560,0.00840374,individual fills
1561,0.0101137,individual fills
1562,0.00899512,individual fills
1563,0.00939976,individual fills
1564,0.00915437,individual fills
1565,0.00728878,individual fills
1566,0.0057971,individual fills
1567,0.00649359,individual fills
1568,0.0056766,individual fills
1569,0.00571336,individual fills
1570,0.00462471,individual fills
1571,0.00352111,individual fills
1572,0.00411088,individual fills
1573,0.0041618,individual fills
1574,0.00593964,individual fills
1575,0.00574802,individual fills
1576,0.00624522,individual fills
1577,0.00694616,individual fills
1578,0.00767096,individual fills
1579,0.00805174,individual fills
1580,0.0093833,individual fills
1581,0.00994841,individual fills
1582,0.0110374,individual fills
1583,0.0103466,individual fills
1584,0.0106162,individual fills
1585,0.0106044,individual fills
1586,0.00989414,individual fills
1587,0.00865027,individual fills
1588,0.00754221,individual fills
1589,0.0082387,individual fills
1590,0.0079359,individual fills
1591,0.00781664,individual fills
1592,0.00866756,individual fills
1593,0.00729231,individual fills
1594,0.00714919,individual fills
1595,0.00774341,individual fills
1596,0.0073719,individual fills
1597,0.0075922,individual fills
1598,0.00736177,individual fills
1599,0.00755821,individual fills
1600,0.00837033,individual fills
1601,0.00807643,individual fills
1602,0.00801538,individual fills
1603,0.00771703,individual fills
1604,0.00818958,individual fills
1605,0.00977784,individual fills
1606,0.0095086,individual fills
1607,0.0089774,individual fills
1608,0.00937314,individual fills
1609,0.00954573,individual fills
1610,0.0101108,individual fills
1611,0.0111752,individual fills
1612,0.0116283,individual fills
1613,0.013498,individual fills
1614,0.013675,individual fills
1615,0.0131774,individual fills
1616,0.0123745,individual fills
1617,0.0124254,individual fills
1618,0.0136891,individual fills
1619,0.0134684,individual fills
1620,0.0108222,individual fills
1621,0.0104895,individual fills
1622,0.00986125,individual fills
1623,0.0100816,individual fills
1624,0.0119997,individual fills
1625,0.0115991,individual fills
1626,0.0111843,individual fills
1627,0.0114681,individual fills
1628,0.0104279,individual fills
1629,0.00997959,individual fills
1630,0.00990963,individual fills
1631,0.0107658,individual fills
1632,0.0115884,individual fills
1633,0.0126342,individual fills
1634,0.0122926,individual fills
1635,0.0116599,individual fills
1636,0.0116773,individual fills
1637,0.00990424,individual fills
1638,0.00978052,individual fills
1639,0.0105494,individual fills
1640,0.0101928,individual fills
1641,0.0110348,individual fills
1642,0.0109208,individual fills
1643,0.0109479,individual fills
1644,0.012066,individual fills
1645,0.0125826,individual fills
1646,0.0128664,individual fills
1647,0.0139845,individual fills
1648,0.0116391,individual fills
1649,0.0117482,individual fills
1650,0.0103147,individual fills
1651,0.00927379,individual fills
1652,0.00887317,individual fills
1653,0.0101801,individual fills
1654,0.0103668,individual fills
1655,0.010117,individual fills
1656,0.00944471,individual fills
1657,0.0101113,individual fills
1658,0.00867338,individual fills
1659,0.00796756,individual fills
1660,0.0081252,individual fills
1661,0.00805444,individual fills
1662,0.00993376,individual fills
1663,0.0104257,individual fills
1664,0.0109132,individual fills
1665,0.0103238,individual fills
1666,0.0103456,individual fills
1667,0.00948902,individual fills
1668,0.00968021,individual fills
1669,0.00842584,individual fills
1670,0.00897155,individual fills
1671,0.00942024,individual fills
1672,0.00858304,individual fills
1673,0.00690178,individual fills
1674,0.00635119,individual fills
1675,0.00725062,individual fills
1676,0.00870305,individual fills
1677,0.00879723,individual fills
1678,0.01009,individual fills
1679,0.0107768,individual fills
1680,0.0112986,individual fills
1681,0.0104234,individual fills
1682,0.0089758,individual fills
1683,0.00693112,individual fills
1684,0.00733656,individual fills
1685,0.00666954,individual fills
1686,0.00681748,individual fills
1687,0.00733854,individual fills
1688,0.00759319,individual fills
1689,0.0067762,individual fills
1690,0.00712342,individual fills
1691,0.00829975,individual fills
1692,0.00840888,individual fills
1693,0.00934266,individual fills
1694,0.00915549,individual fills
1695,0.00866756,individual fills
1696,0.00945056,individual fills
1697,0.00838577,individual fills
1698,0.00754857,individual fills
1699,0.00857412,individual fills
1700,0.00926011,individual fills
1701,0.0109454,individual fills
1702,0.0102537,individual fills
1703,0.00968372,individual fills
1704,0.0103026,individual fills
1705,0.0112998,individual fills
1706,0.011506,individual fills
1707,0.0107323,individual fills
1708,0.0101675,individual fills
1709,0.0101558,individual fills
1710,0.0095619,individual fills
1711,0.00972479,individual fills
1712,0.0103437,individual fills
1713,0.0120686,individual fills
1714,0.0115956,individual fills
1715,0.0122383,individual fills
1716,0.0131139,individual fills
1717,0.0127335,individual fills
1718,0.0131486,individual fills
1719,0.0124771,individual fills
1720,0.0119459,individual fills
1721,0.0130835,individual fills
1722,0.0147792,individual fills
1723,0.0143309,individual fills
1724,0.0129415,individual fills
1725,0.0127305,individual fills
1726,0.01105,individual fills
1727,0.0106741,individual fills
1728,0.0105459,individual fills
1729,0.0102035,individual fills
1730,0.0102977,individual fills
1731,0.0107075,individual fills
1732,0.0107823,individual fills
1733,0.0109153,individual fills
1734,0.0116648,individual fills
1735,0.0114634,individual fills
1736,0.0126883,individual fills
1737,0.0132146,individual fills
1738,0.0126931,individual fills
1739,0.011735,individual fills
1740,0.0104665,individual fills
1741,0.0106868,individual fills
1742,0.00925777,individual fills
1743,0.00918701,individual fills
1744,0.00930059,individual fills
1745,0.00996718,individual fills
1746,0.0103286,individual fills
1747,0.0107093,individual fills
1748,0.0117887,individual fills
1749,0.0105104,individual fills
1750,0.00836872,individual fills
1751,0.00755617,individual fills
1752,0.00721902,individual fills
1753,0.008667,individual fills
1754,0.00884404,individual fills
1755,0.00938976,individual fills
1756,0.0103721,individual fills
1757,0.0101222,individual fills
1758,0.00954251,individual fills
1759,0.0100203,individual fills
1760,0.0104399,individual fills
1761,0.00862806,individual fills
1762,0.00813568,individual fills
1763,0.00777912,individual fills
1764,0.00822781,individual fills
1765,0.00755109,individual fills
1766,0.00747064,individual fills
1767,0.00811337,individual fills
1768,0.00713589,individual fills
1769,0.00626514,individual fills
1770,0.00704369,individual fills
1771,0.00855959,individual fills
1772,0.0103374,individual fills
1773,0.0127265,individual fills
1774,0.0143297,individual fills
1775,0.0128962,individual fills
1776,0.0135875,individual fills
1777,0.012707,individual fills
1778,0.0133498,individual fills
1779,0.0131387,individual fills
1780,0.0131702,individual fills
1781,0.0122898,individual fills
1782,0.0119235,individual fills
1783,0.0109072,individual fills
1784,0.0104731,individual fills
1785,0.0104949,individual fills
1786,0.0112346,individual fills
1787,0.0109363,individual fills
1788,0.0100946,individual fills
1789,0.0104075,individual fills
1790,0.0118846,individual fills
1791,0.0131773,individual fills
1792,0.0133447,individual fills
1793,0.013706,individual fills
1794,0.0129226,individual fills
1795,0.0130802,individual fills
1796,0.0116759,individual fills
1797,0.0111447,individual fills
1798,0.0119524,individual fills
1799,0.0118286,individual fills
1800,0.0132863,individual fills
1801,0.011329,individual fills
1802,0.01185,individual fills
1803,0.0116337,individual fills
1804,0.0110488,individual fills
1805,0.0117497,individual fills
1806,0.0116798,individual fills
1807,0.0110471,individual fills
1808,0.0108316,individual fills
1809,0.0119692,individual fills
1810,0.0113992,individual fills
1811,0.011256,individual fills
1812,0.0119913,individual fills
1813,0.013299,individual fills
1814,0.012176,individual fills
1815,0.011674,individual fills
1816,0.0105898,individual fills
1817,0.00942349,individual fills
1818,0.00991624,individual fills
1819,0.0107389,individual fills
1820,0.0125025,individual fills
1821,0.0124811,individual fills
1822,0.0131776,individual fills
1823,0.0129763,individual fills
1824,0.0127652,individual fills
1825,0.0139319,individual fills
1826,0.0134104,individual fills
1827,0.0120695,individual fills
1828,0.0126398,individual fills
1829,0.0122788,individual fills
1830,0.0127231,individual fills
1831,0.0131912,individual fills
1832,0.0138391,individual fills
1833,0.0119355,individual fills
1834,0.0109536,individual fills
1835,0.0115725,individual fills
1836,0.0115316,individual fills
1837,0.0125527,individual fills
1838,0.0126231,individual fills
1839,0.0136054,individual fills
1840,0.0151116,individual fills
1841,0.0149781,individual fills
1842,0.0151022,individual fills
1843,0.016148,individual fills
1844,0.0145354,individual fills
1845,0.0140677,individual fills
1846,0.0127462,individual fills
1847,0.0126568,individual fills
1848,0.0122809,individual fills
1849,0.0136318,individual fills
1850,0.0126835,individual fills
1851,0.0136852,individual fills
1852,0.0138869,individual fills
1853,0.0137393,individual fills
1854,0.0127865,individual fills
1855,0.0120762,individual fills
1856,0.0124719,individual fills
1857,0.0125863,individual fills
1858,0.0131223,individual fills
1859,0.0125523,individual fills
1860,0.0128167,individual fills
1861,0.011422,individual fills
1862,0.0127536,individual fills
1863,0.0132993,individual fills
1864,0.0119867,individual fills
1865,0.0112033,individual fills
1866,0.0113706,individual fills
1867,0.0111402,individual fills
1868,0.0119866,individual fills
1869,0.0122607,individual fills
1870,0.0117877,individual fills
1871,0.0114558,individual fills
1872,0.0091977,individual fills
1873,0.00854038,individual fills
1874,0.00757261,individual fills
1875,0.0085452,individual fills
1876,0.00726252,individual fills
1877,0.00556265,individual fills
1878,0.00559417,individual fills
1879,0.00557717,individual fills
1880,0.00749084,individual fills
1881,0.00962241,individual fills
1882,0.00912557,individual fills
1883,0.00841975,individual fills
1884,0.00766541,individual fills
1885,0.00765812,individual fills
1886,0.00808741,individual fills
1887,0.00908911,individual fills
1888,0.00823775,individual fills
1889,0.0084245,individual fills
1890,0.00835374,individual fills
1891,0.00923377,individual fills
1892,0.0112057,individual fills
1893,0.0117857,individual fills
1894,0.012409,individual fills
1895,0.0110726,individual fills
1896,0.0116862,individual fills
1897,0.00988409,individual fills
1898,0.00907155,individual fills
1899,0.00991802,individual fills
1900,0.0108765,individual fills
1901,0.010399,individual fills
1902,0.011391,individual fills
1903,0.0109568,individual fills
1904,0.0116921,individual fills
1905,0.00997288,individual fills
1906,0.00939317,individual fills
1907,0.0101135,individual fills
1908,0.010766,individual fills
1909,0.0106713,individual fills
1910,0.011479,individual fills
1911,0.0112292,individual fills
1912,0.0106398,individual fills
1913,0.0110788,individual fills
1914,0.0108192,individual fills
1915,0.0119224,individual fills
1916,0.0125987,individual fills
1917,0.0120719,individual fills
1918,0.0108273,individual fills
1919,0.012173,individual fills
1920,0.0110112,individual fills
1921,0.00945157,individual fills
1922,0.00933755,individual fills
1923,0.0103057,individual fills
1924,0.00979391,individual fills
1925,0.00926797,individual fills
1926,0.00776214,individual fills
1927,0.00847803,individual fills
1928,0.00963941,individual fills
1929,0.00881191,individual fills
1930,0.00850832,individual fills
1931,0.00954357,individual fills
1932,0.00992435,individual fills
1933,0.00944167,individual fills
1934,0.00917243,individual fills
1935,0.00743821,individual fills
1936,0.00661596,individual fills
1937,0.00825798,individual fills
1938,0.0103604,individual fills
1939,0.0102024,individual fills
1940,0.0107578,individual fills
1941,0.0103333,individual fills
1942,0.00799757,individual fills
1943,0.00933439,individual fills
1944,0.0101958,individual fills
1945,0.0112125,individual fills
1946,0.0103761,individual fills
1947,0.0116255,individual fills
1948,0.0117205,individual fills
1949,0.0116356,individual fills
1950,0.0123127,individual fills
1951,0.0112673,individual fills
1952,0.0104548,individual fills
1953,0.0103311,individual fills
1954,0.0101879,individual fills
1955,0.0114322,individual fills
1956,0.00999872,individual fills
1957,0.00896303,individual fills
1958,0.00833482,individual fills
1959,0.00789094,individual fills
1960,0.0105076,individual fills
1961,0.0110093,individual fills
1962,0.010628,individual fills
1963,0.00953414,individual fills
1964,0.00932311,individual fills
1965,0.00981061,individual fills
1966,0.0105698,individual fills
1967,0.0119543,individual fills
1968,0.012859,individual fills
1969,0.0132397,individual fills
1970,0.0130287,individual fills
1971,0.0126042,individual fills
1972,0.0124223,individual fills
1973,0.0120658,individual fills
1974,0.0119614,individual fills
1975,0.0131281,individual fills
1976,0.0138432,individual fills
1977,0.0138112,individual fills
1978,0.0148614,individual fills
1979,0.0148347,individual fills
1980,0.0131587,individual fills
1981,0.0120693,individual fills
1982,0.0122411,individual fills
1983,0.0127189,individual fills
1984,0.0125563,individual fills
1985,0.0128252,individual fills
1986,0.0118909,individual fills
1987,0.0108015,individual fills
1988,0.0116039,individual fills
1989,0.0115817,individual fills
1990,0.0114191,individual fills
1991,0.00841923,individual fills
1992,0.0090187,individual fills
1993,0.00867709,individual fills
1994,0.0111147,individual fills
1995,0.0110492,individual fills
1996,0.0111142,individual fills
1997,0.0105293,individual fills
1998,0.0121713,individual fills
1999,0.0127215,individual fills
2000,0.0128156,individual fills
