clock,horizon,mean_impact_bps,fraction_of_completion,sem_iid,n,n_before_complete_filter,regime,granularity,variant,method,seed,primary
seconds,0.1,1.7378287362628118,1.0429921407820473,0.019918781863306655,35625,35860,normal,aggressive,random_n6,random_traders,7,True
seconds,1.0,1.8147340564343766,1.0891483832526165,0.020731510637193192,35625,35860,normal,aggressive,random_n6,random_traders,7,True
seconds,5.0,1.790295126160985,1.074480877949946,0.02181205160651331,35625,35860,normal,aggressive,random_n6,random_traders,7,True
seconds,15.0,1.6492131861407826,0.9898077731860125,0.023809982846449678,35625,35860,normal,aggressive,random_n6,random_traders,7,True
seconds,30.0,1.4888071801106721,0.8935369496390242,0.02646640953223492,35625,35860,normal,aggressive,random_n6,random_traders,7,True
seconds,60.0,1.3647602672547396,0.8190877519147169,0.03164080976952732,35625,35860,normal,aggressive,random_n6,random_traders,7,True
seconds,180.0,1.2732098203093423,0.7641419481904236,0.046813662799426205,35625,35860,normal,aggressive,random_n6,random_traders,7,True
seconds,600.0,1.2498060705061114,0.7500957268337134,0.07711368556116845,35625,35860,normal,aggressive,random_n6,random_traders,7,True
z,1.0,1.4023144693154128,0.8419870155052492,0.019033616808782784,35773,35860,normal,aggressive,random_n6,random_traders,7,True
z,1.0833333333333333,1.7583751281391653,1.055775333333989,0.021078877843349633,35773,35860,normal,aggressive,random_n6,random_traders,7,True
z,1.1666666666666667,1.7211816723857336,1.0334433903273348,0.021751277180155848,35773,35860,normal,aggressive,random_n6,random_traders,7,True
z,1.25,1.683759782638494,1.010974289457095,0.02241283349719978,35773,35860,normal,aggressive,random_n6,random_traders,7,True
z,1.3333333333333333,1.6427634436085294,0.9863589938855299,0.02300455976169293,35773,35860,normal,aggressive,random_n6,random_traders,7,True
z,1.4166666666666665,1.6215329264917526,0.9736116250635319,0.023690375784176314,35773,35860,normal,aggressive,random_n6,random_traders,7,True
z,1.5,1.5927594177584516,0.9563352428581957,0.024246956671071296,35773,35860,normal,aggressive,random_n6,random_traders,7,True
z,1.5833333333333333,1.5794389040368246,0.9483372510818256,0.024884026408951713,35773,35860,normal,aggressive,random_n6,random_traders,7,True
z,1.6666666666666665,1.5605192211898595,0.9369773687992169,0.02542418486962444,35773,35860,normal,aggressive,random_n6,random_traders,7,True
z,1.75,1.5396369813040072,0.9244391149173062,0.026039324919387836,35773,35860,normal,aggressive,random_n6,random_traders,7,True
z,1.8333333333333333,1.5300320883423608,0.9186720809630948,0.02669687937547285,35773,35860,normal,aggressive,random_n6,random_traders,7,True
z,1.9166666666666665,1.518296932737588,0.9116259804910829,0.02718045789013964,35773,35860,normal,aggressive,random_n6,random_traders,7,True
z,2.0,1.509999489862507,0.9066439744463722,0.027664769280764046,35773,35860,normal,aggressive,random_n6,random_traders,7,True
z,2.083333333333333,1.5000587908246121,0.9006753135660213,0.028205846053218825,35773,35860,normal,aggressive,random_n6,random_traders,7,True
z,2.1666666666666665,1.4864826079923248,0.8925238112353838,0.028746143119152804,35773,35860,normal,aggressive,random_n6,random_traders,7,True
z,2.25,1.473187179689492,0.8845408814136362,0.029338620248597416,35773,35860,normal,aggressive,random_n6,random_traders,7,True
z,2.333333333333333,1.4705777188334859,0.8829740915057356,0.029895996079847113,35773,35860,normal,aggressive,random_n6,random_traders,7,True
z,2.4166666666666665,1.466516675133416,0.880535732535848,0.03043758893076906,35773,35860,normal,aggressive,random_n6,random_traders,7,True
z,2.5,1.463955423982047,0.8789978890206532,0.030997200273192405,35773,35860,normal,aggressive,random_n6,random_traders,7,True
z,2.583333333333333,1.4635915670622897,0.878779419619787,0.0314998447788557,35773,35860,normal,aggressive,random_n6,random_traders,7,True
z,2.6666666666666665,1.4494304120515618,0.8702766843885013,0.031874200475316083,35773,35860,normal,aggressive,random_n6,random_traders,7,True
z,2.75,1.4454593287224626,0.8678923400251266,0.03236694358439952,35773,35860,normal,aggressive,random_n6,random_traders,7,True
z,2.833333333333333,1.4471469954794722,0.8689056601662186,0.03280681602021253,35773,35860,normal,aggressive,random_n6,random_traders,7,True
z,2.9166666666666665,1.4473942755534501,0.8690541337190759,0.03319560725818381,35773,35860,normal,aggressive,random_n6,random_traders,7,True
z,3.0,1.4409132240506897,0.8651627375083465,0.033718319210296784,35773,35860,normal,aggressive,random_n6,random_traders,7,True
seconds,0.1,1.7471988300685788,1.0459870282488823,0.02017472393636669,35464,35697,normal,aggressive,random_n6,random_traders,23,True
seconds,1.0,1.8251811623999645,1.0926723319747447,0.020880658961648695,35464,35697,normal,aggressive,random_n6,random_traders,23,True
seconds,5.0,1.805001109960528,1.0805912381016427,0.02198027327317778,35464,35697,normal,aggressive,random_n6,random_traders,23,True
seconds,15.0,1.6609677869787978,0.9943635089607308,0.02411452425526661,35464,35697,normal,aggressive,random_n6,random_traders,23,True
seconds,30.0,1.500581845893799,0.8983460374507404,0.02685041642154127,35464,35697,normal,aggressive,random_n6,random_traders,23,True
seconds,60.0,1.37381742963188,0.8224566007297321,0.03183690571790902,35464,35697,normal,aggressive,random_n6,random_traders,23,True
seconds,180.0,1.2845146775074638,0.7689941563292868,0.04717782510510788,35464,35697,normal,aggressive,random_n6,random_traders,23,True
seconds,600.0,1.296850040519701,0.7763789081259869,0.07714040386621494,35464,35697,normal,aggressive,random_n6,random_traders,23,True
z,1.0,1.4166218796356165,0.8491630618951749,0.019315212258250614,35605,35697,normal,aggressive,random_n6,random_traders,23,True
z,1.0833333333333333,1.7634324339142569,1.0570510780287137,0.02120694059551504,35605,35697,normal,aggressive,random_n6,random_traders,23,True
z,1.1666666666666667,1.7398589022311381,1.0429204390547702,0.02200749683334978,35605,35697,normal,aggressive,random_n6,random_traders,23,True
z,1.25,1.7077149977886839,1.023652477215411,0.022726552494045597,35605,35697,normal,aggressive,random_n6,random_traders,23,True
z,1.3333333333333333,1.6749138580919636,1.0039905500498623,0.023345032257416028,35605,35697,normal,aggressive,random_n6,random_traders,23,True
z,1.4166666666666665,1.6419138913971427,0.9842094403805546,0.024033768869346637,35605,35697,normal,aggressive,random_n6,random_traders,23,True
z,1.5,1.6226365915651333,0.9726540838060598,0.02476517761311982,35605,35697,normal,aggressive,random_n6,random_traders,23,True
z,1.5833333333333333,1.6010263993726648,0.959700325831476,0.025394915936051775,35605,35697,normal,aggressive,random_n6,random_traders,23,True
z,1.6666666666666665,1.5804259937147467,0.9473518623521036,0.025992876845453986,35605,35697,normal,aggressive,random_n6,random_traders,23,True
z,1.75,1.5630986689520736,0.9369653757663478,0.026576719909030565,35605,35697,normal,aggressive,random_n6,random_traders,23,True
z,1.8333333333333333,1.5446273803040196,0.9258931650014217,0.027103028853603266,35605,35697,normal,aggressive,random_n6,random_traders,23,True
z,1.9166666666666665,1.5341124307602254,0.9195902080312963,0.02775769856616826,35605,35697,normal,aggressive,random_n6,random_traders,23,True
z,2.0,1.5191692217006016,0.9106328275601759,0.028219238820287196,35605,35697,normal,aggressive,random_n6,random_traders,23,True
z,2.083333333333333,1.5103151321488775,0.9053254368568995,0.028777004434916514,35605,35697,normal,aggressive,random_n6,random_traders,23,True
z,2.1666666666666665,1.500437310107033,0.8994043920597755,0.029369147128487573,35605,35697,normal,aggressive,random_n6,random_traders,23,True
z,2.25,1.4830145255703107,0.8889606841962852,0.029826207232162342,35605,35697,normal,aggressive,random_n6,random_traders,23,True
z,2.333333333333333,1.488203980355541,0.8920713895851686,0.030474205607707194,35605,35697,normal,aggressive,random_n6,random_traders,23,True
z,2.4166666666666665,1.4831519638627295,0.8890430685804951,0.030943697613537106,35605,35697,normal,aggressive,random_n6,random_traders,23,True
z,2.5,1.474936637584002,0.8841185705774666,0.03146122747489133,35605,35697,normal,aggressive,random_n6,random_traders,23,True
z,2.583333333333333,1.4691836189815526,0.88067004916055,0.03200717169836438,35605,35697,normal,aggressive,random_n6,random_traders,23,True
z,2.6666666666666665,1.461664603689842,0.876162939578713,0.0324067744364021,35605,35697,normal,aggressive,random_n6,random_traders,23,True
z,2.75,1.4561485566936765,0.8728564656182611,0.0329221248519308,35605,35697,normal,aggressive,random_n6,random_traders,23,True
z,2.833333333333333,1.4589842305612946,0.8745562484174525,0.03335225909131392,35605,35697,normal,aggressive,random_n6,random_traders,23,True
z,2.9166666666666665,1.4632083369084201,0.8770882967579868,0.03380097249037415,35605,35697,normal,aggressive,random_n6,random_traders,23,True
z,3.0,1.4513289118906054,0.8699674347504931,0.03416638352002577,35605,35697,normal,aggressive,random_n6,random_traders,23,True
seconds,0.1,1.7442639128166855,1.0443502554950816,0.020174556634161338,35600,35831,normal,aggressive,random_n6,random_traders,71,True
seconds,1.0,1.8201250951792118,1.0897709310019936,0.020890733473209876,35600,35831,normal,aggressive,random_n6,random_traders,71,True
seconds,5.0,1.8007488969928636,1.0781697407361472,0.021853084411956755,35600,35831,normal,aggressive,random_n6,random_traders,71,True
seconds,15.0,1.645854924486188,0.985429440043476,0.023856678628695713,35600,35831,normal,aggressive,random_n6,random_traders,71,True
seconds,30.0,1.5070633552016532,0.9023301969886777,0.026759875935905352,35600,35831,normal,aggressive,random_n6,random_traders,71,True
seconds,60.0,1.3980271121501715,0.8370464819199213,0.031767818142269824,35600,35831,normal,aggressive,random_n6,random_traders,71,True
seconds,180.0,1.3044769600363595,0.7810348173181488,0.04701500072215782,35600,35831,normal,aggressive,random_n6,random_traders,71,True
seconds,600.0,1.2885824404989057,0.771518226727734,0.07709891517921644,35600,35831,normal,aggressive,random_n6,random_traders,71,True
z,1.0,1.4088972742756962,0.8446791200231353,0.01933860996881338,35747,35831,normal,aggressive,random_n6,random_traders,71,True
z,1.0833333333333333,1.7652208424779845,1.0583065317074567,0.02110475615001244,35747,35831,normal,aggressive,random_n6,random_traders,71,True
z,1.1666666666666667,1.729707129885225,1.0370149215600608,0.02177252952446369,35747,35831,normal,aggressive,random_n6,random_traders,71,True
z,1.25,1.691547346106701,1.0141369068383081,0.02247106797889875,35747,35831,normal,aggressive,random_n6,random_traders,71,True
z,1.3333333333333333,1.6601343251671692,0.995303792906625,0.023231372065898644,35747,35831,normal,aggressive,random_n6,random_traders,71,True
z,1.4166666666666665,1.6290683193243372,0.9766787256593005,0.023956940819951495,35747,35831,normal,aggressive,random_n6,random_traders,71,True
z,1.5,1.6031086398817578,0.9611150649240539,0.024734308093185463,35747,35831,normal,aggressive,random_n6,random_traders,71,True
z,1.5833333333333333,1.5841669814708172,0.9497589329686157,0.025359321384901528,35747,35831,normal,aggressive,random_n6,random_traders,71,True
z,1.6666666666666665,1.5636616946169188,0.9374653555930209,0.025963848604711834,35747,35831,normal,aggressive,random_n6,random_traders,71,True
z,1.75,1.5544363829046157,0.931934485229819,0.02662931338021221,35747,35831,normal,aggressive,random_n6,random_traders,71,True
z,1.8333333333333333,1.5374390410941339,0.9217440334592375,0.027245600102908735,35747,35831,normal,aggressive,random_n6,random_traders,71,True
z,1.9166666666666665,1.535293747694812,0.9204578612351751,0.027836491353707245,35747,35831,normal,aggressive,random_n6,random_traders,71,True
z,2.0,1.5227094021336207,0.9129131423058559,0.02823192881709245,35747,35831,normal,aggressive,random_n6,random_traders,71,True
z,2.083333333333333,1.517298869747593,0.9096693545449377,0.028804394826561785,35747,35831,normal,aggressive,random_n6,random_traders,71,True
z,2.1666666666666665,1.5080867435981085,0.9041463893497008,0.029366769776053608,35747,35831,normal,aggressive,random_n6,random_traders,71,True
z,2.25,1.5011155975360135,0.8999669636181049,0.029960113258108576,35747,35831,normal,aggressive,random_n6,random_traders,71,True
z,2.333333333333333,1.4890092424372467,0.8927088153072062,0.03048590813260823,35747,35831,normal,aggressive,random_n6,random_traders,71,True
z,2.4166666666666665,1.4829721718273594,0.8890893977787716,0.030960775792378794,35747,35831,normal,aggressive,random_n6,random_traders,71,True
z,2.5,1.484238060743913,0.8898483387999552,0.03141123226563178,35747,35831,normal,aggressive,random_n6,random_traders,71,True
z,2.583333333333333,1.4832342966373915,0.8892465500125908,0.03174099542679421,35747,35831,normal,aggressive,random_n6,random_traders,71,True
z,2.6666666666666665,1.4727571082977657,0.88296513944518,0.03234004163460484,35747,35831,normal,aggressive,random_n6,random_traders,71,True
z,2.75,1.4680199801807332,0.8801250791495214,0.03281978771058232,35747,35831,normal,aggressive,random_n6,random_traders,71,True
z,2.833333333333333,1.462236769826527,0.8766578589894066,0.03328639014194558,35747,35831,normal,aggressive,random_n6,random_traders,71,True
z,2.9166666666666665,1.463745184995797,0.877562202280484,0.03364272058988355,35747,35831,normal,aggressive,random_n6,random_traders,71,True
z,3.0,1.4563613146732173,0.8731353351125792,0.033996243053498625,35747,35831,normal,aggressive,random_n6,random_traders,71,True
seconds,0.1,2.300159841979618,1.0441955344307368,0.03409435613079274,37443,37719,normal,aggressive,random_n20,random_traders,7,False
seconds,1.0,2.4219141313350367,1.0994679041688755,0.034876095138169486,37443,37719,normal,aggressive,random_n20,random_traders,7,False
seconds,5.0,2.469776777357663,1.1211959425124423,0.03560069098878169,37443,37719,normal,aggressive,random_n20,random_traders,7,False
seconds,15.0,2.405452990740826,1.0919950976332575,0.03674624931555611,37443,37719,normal,aggressive,random_n20,random_traders,7,False
seconds,30.0,2.261543661514061,1.026665081780019,0.03830793235550079,37443,37719,normal,aggressive,random_n20,random_traders,7,False
seconds,60.0,2.046451126601299,0.9290202745165403,0.04164059797641426,37443,37719,normal,aggressive,random_n20,random_traders,7,False
seconds,180.0,1.7063552009638228,0.774628114307751,0.053640099457170694,37443,37719,normal,aggressive,random_n20,random_traders,7,False
seconds,600.0,1.5780292444018627,0.7163724277471912,0.08013497380733607,37443,37719,normal,aggressive,random_n20,random_traders,7,False
z,1.0,1.9547470715060675,0.8897645796452388,0.03345359173963399,37483,37719,normal,aggressive,random_n20,random_traders,7,False
z,1.0833333333333333,2.37181517728826,1.0796062390773278,0.035988146177527644,37483,37719,normal,aggressive,random_n20,random_traders,7,False
z,1.1666666666666667,2.299401336307698,1.0466448029305406,0.037020604522724106,37483,37719,normal,aggressive,random_n20,random_traders,7,False
z,1.25,2.2397344180220475,1.019485529364649,0.038135159427861276,37483,37719,normal,aggressive,random_n20,random_traders,7,False
z,1.3333333333333333,2.1924137888236874,0.9979460573986993,0.03927824173484258,37483,37719,normal,aggressive,random_n20,random_traders,7,False
z,1.4166666666666665,2.159364456580259,0.9829026148788068,0.0404381717204367,37483,37719,normal,aggressive,random_n20,random_traders,7,False
z,1.5,2.129526396559245,0.9693208838615186,0.04141416755168071,37483,37719,normal,aggressive,random_n20,random_traders,7,False
z,1.5833333333333333,2.091491914349349,0.9520082936196321,0.0426002540406938,37483,37719,normal,aggressive,random_n20,random_traders,7,False
z,1.6666666666666665,2.048115474344141,0.9322641433557287,0.04365118708263488,37483,37719,normal,aggressive,random_n20,random_traders,7,False
z,1.75,2.019076342554541,0.9190460696383301,0.044668648359105105,37483,37719,normal,aggressive,random_n20,random_traders,7,False
z,1.8333333333333333,1.9847231008633854,0.9034091117431934,0.04575060154963479,37483,37719,normal,aggressive,random_n20,random_traders,7,False
z,1.9166666666666665,1.971414223861807,0.8973511579938442,0.046564288399132577,37483,37719,normal,aggressive,random_n20,random_traders,7,False
z,2.0,1.9641447411574042,0.8940422244151701,0.04753574255281692,37483,37719,normal,aggressive,random_n20,random_traders,7,False
z,2.083333333333333,1.9518876541920225,0.8884630259652011,0.048390641532644614,37483,37719,normal,aggressive,random_n20,random_traders,7,False
z,2.1666666666666665,1.9510568278715679,0.8880848492473263,0.049282937214036385,37483,37719,normal,aggressive,random_n20,random_traders,7,False
z,2.25,1.9524654535391828,0.8887260295019448,0.05035861741144054,37483,37719,normal,aggressive,random_n20,random_traders,7,False
z,2.333333333333333,1.9399411310489452,0.8830251904019369,0.05120773121085732,37483,37719,normal,aggressive,random_n20,random_traders,7,False
z,2.4166666666666665,1.928374880561629,0.8777604478923142,0.0520204254645359,37483,37719,normal,aggressive,random_n20,random_traders,7,False
z,2.5,1.9234108014560698,0.8755008912350529,0.052964121637153534,37483,37719,normal,aggressive,random_n20,random_traders,7,False
z,2.583333333333333,1.9193746220469072,0.8736636972943559,0.053759520809104594,37483,37719,normal,aggressive,random_n20,random_traders,7,False
z,2.6666666666666665,1.9138097272533123,0.8711306604892525,0.054711979046266346,37483,37719,normal,aggressive,random_n20,random_traders,7,False
z,2.75,1.9013030698840547,0.865437862224385,0.055714898973821946,37483,37719,normal,aggressive,random_n20,random_traders,7,False
z,2.833333333333333,1.894189153774844,0.8621997396719534,0.056513148184960754,37483,37719,normal,aggressive,random_n20,random_traders,7,False
z,2.9166666666666665,1.873329948496768,0.8527050166530407,0.05721862215224363,37483,37719,normal,aggressive,random_n20,random_traders,7,False
z,3.0,1.8482842661960812,0.8413046870098663,0.05809245896458654,37483,37719,normal,aggressive,random_n20,random_traders,7,False
seconds,0.1,2.2880809567612657,1.0460724987581402,0.03407964247832509,37481,37767,normal,aggressive,random_n20,random_traders,23,False
seconds,1.0,2.4151397396568757,1.1041616577627735,0.034861168975910475,37481,37767,normal,aggressive,random_n20,random_traders,23,False
seconds,5.0,2.4617473421190725,1.1254698772227039,0.03557862931132408,37481,37767,normal,aggressive,random_n20,random_traders,23,False
seconds,15.0,2.386291602366471,1.0909727699436087,0.03673088730569552,37481,37767,normal,aggressive,random_n20,random_traders,23,False
seconds,30.0,2.2521259454881886,1.029634466539847,0.03848947385652249,37481,37767,normal,aggressive,random_n20,random_traders,23,False
seconds,60.0,2.0576696506500687,0.9407322877775657,0.04169155785517904,37481,37767,normal,aggressive,random_n20,random_traders,23,False
seconds,180.0,1.7123015637087553,0.7828357515425003,0.0536350654560912,37481,37767,normal,aggressive,random_n20,random_traders,23,False
seconds,600.0,1.6399589329898183,0.7497619058556706,0.08004221090583784,37481,37767,normal,aggressive,random_n20,random_traders,23,False
z,1.0,1.9427471802329919,0.8907521387522456,0.0334718087095184,37513,37767,normal,aggressive,random_n20,random_traders,23,False
z,1.0833333333333333,2.356084334420134,1.0802677678902624,0.03585424534370799,37513,37767,normal,aggressive,random_n20,random_traders,23,False
z,1.1666666666666667,2.2947576497329263,1.0521494022565192,0.037030592912251574,37513,37767,normal,aggressive,random_n20,random_traders,23,False
z,1.25,2.234623459086782,1.0245777967099012,0.038260255886126374,37513,37767,normal,aggressive,random_n20,random_traders,23,False
z,1.3333333333333333,2.1745302717727077,0.997024991244997,0.039457087674852294,37513,37767,normal,aggressive,random_n20,random_traders,23,False
z,1.4166666666666665,2.125379774388538,0.9744894235133092,0.040505639153873,37513,37767,normal,aggressive,random_n20,random_traders,23,False
z,1.5,2.08148445710479,0.9543633627733742,0.04155647984895559,37513,37767,normal,aggressive,random_n20,random_traders,23,False
z,1.5833333333333333,2.0559751431197024,0.9426673087414779,0.04248619247731423,37513,37767,normal,aggressive,random_n20,random_traders,23,False
z,1.6666666666666665,2.0383749249415652,0.934597585545276,0.04361560645701776,37513,37767,normal,aggressive,random_n20,random_traders,23,False
z,1.75,2.013107949428328,0.9230126440216355,0.04474202125977222,37513,37767,normal,aggressive,random_n20,random_traders,23,False
z,1.8333333333333333,1.978421826464028,0.907109010996278,0.04547971831963234,37513,37767,normal,aggressive,random_n20,random_traders,23,False
z,1.9166666666666665,1.9611572329566005,0.8991931721532718,0.04643083435889588,37513,37767,normal,aggressive,random_n20,random_traders,23,False
z,2.0,1.9478455993990698,0.8930897706493073,0.047314663628484674,37513,37767,normal,aggressive,random_n20,random_traders,23,False
z,2.083333333333333,1.9413613821510995,0.8901167485080161,0.048329317656567644,37513,37767,normal,aggressive,random_n20,random_traders,23,False
z,2.1666666666666665,1.918918007223187,0.8798264315685475,0.04930203525157628,37513,37767,normal,aggressive,random_n20,random_traders,23,False
z,2.25,1.8817827294796596,0.8627998578538767,0.050172680293518505,37513,37767,normal,aggressive,random_n20,random_traders,23,False
z,2.333333333333333,1.8624769430459638,0.8539481293680085,0.05095879494290972,37513,37767,normal,aggressive,random_n20,random_traders,23,False
z,2.4166666666666665,1.8517615949913264,0.8490351281837791,0.05190707831610154,37513,37767,normal,aggressive,random_n20,random_traders,23,False
z,2.5,1.840502845586206,0.8438729767652482,0.052697923482546954,37513,37767,normal,aggressive,random_n20,random_traders,23,False
z,2.583333333333333,1.8136336353651286,0.831553408519555,0.0534238398007708,37513,37767,normal,aggressive,random_n20,random_traders,23,False
z,2.6666666666666665,1.8141977212978249,0.8318120426620218,0.05410967957114484,37513,37767,normal,aggressive,random_n20,random_traders,23,False
z,2.75,1.7799069488773476,0.8160896783812801,0.0549158728101113,37513,37767,normal,aggressive,random_n20,random_traders,23,False
z,2.833333333333333,1.761614484804558,0.8077025595313989,0.055894787482378014,37513,37767,normal,aggressive,random_n20,random_traders,23,False
z,2.9166666666666665,1.7671456614388639,0.810238611297143,0.05678700401103953,37513,37767,normal,aggressive,random_n20,random_traders,23,False
z,3.0,1.7745317599923633,0.8136251472038766,0.05747115409780252,37513,37767,normal,aggressive,random_n20,random_traders,23,False
seconds,0.1,2.3118079254215838,1.04462328774576,0.03417554062449217,37356,37639,normal,aggressive,random_n20,random_traders,71,False
seconds,1.0,2.4344866091317656,1.1000573956162407,0.03491546159764044,37356,37639,normal,aggressive,random_n20,random_traders,71,False
seconds,5.0,2.478845715390922,1.1201016886184167,0.03568802945025745,37356,37639,normal,aggressive,random_n20,random_traders,71,False
seconds,15.0,2.4031251834398857,1.0858862894207848,0.036834290772139774,37356,37639,normal,aggressive,random_n20,random_traders,71,False
seconds,30.0,2.2639916866187293,1.0230168402391986,0.03865513540337781,37356,37639,normal,aggressive,random_n20,random_traders,71,False
seconds,60.0,2.0720959552015352,0.9363060250139886,0.042030572534860366,37356,37639,normal,aggressive,random_n20,random_traders,71,False
seconds,180.0,1.7340832078590898,0.7835701581861028,0.053744269787078434,37356,37639,normal,aggressive,random_n20,random_traders,71,False
seconds,600.0,1.6791041685236954,0.7587270973954146,0.08069378036356384,37356,37639,normal,aggressive,random_n20,random_traders,71,False
z,1.0,1.9687984760772608,0.8911970732257789,0.03358283621342414,37402,37639,normal,aggressive,random_n20,random_traders,71,False
z,1.0833333333333333,2.375149680744717,1.0751361653683895,0.036008334717902296,37402,37639,normal,aggressive,random_n20,random_traders,71,False
z,1.1666666666666667,2.2927183806105966,1.0378227814368381,0.03717465131831612,37402,37639,normal,aggressive,random_n20,random_traders,71,False
z,1.25,2.2383676178311473,1.0132203443132872,0.038300044812977364,37402,37639,normal,aggressive,random_n20,random_traders,71,False
z,1.3333333333333333,2.1912033864640907,0.9918709652549428,0.039663158140080694,37402,37639,normal,aggressive,random_n20,random_traders,71,False
z,1.4166666666666665,2.1412828234812036,0.9692739040703087,0.04091490920940528,37402,37639,normal,aggressive,random_n20,random_traders,71,False
z,1.5,2.114152511875784,0.9569930868143812,0.04203175207298978,37402,37639,normal,aggressive,random_n20,random_traders,71,False
z,1.5833333333333333,2.071753555669533,0.9378007590378352,0.04293353875795763,37402,37639,normal,aggressive,random_n20,random_traders,71,False
z,1.6666666666666665,2.0335615409586993,0.9205127470119894,0.04410428834641646,37402,37639,normal,aggressive,random_n20,random_traders,71,False
z,1.75,2.0148664197671216,0.9120502062837318,0.04506775680279944,37402,37639,normal,aggressive,random_n20,random_traders,71,False
z,1.8333333333333333,1.980516223696273,0.8965012333568193,0.04607377263658391,37402,37639,normal,aggressive,random_n20,random_traders,71,False
z,1.9166666666666665,1.951517750618195,0.8833747734122285,0.04718395119296973,37402,37639,normal,aggressive,random_n20,random_traders,71,False
z,2.0,1.9392001656504676,0.8777990906768779,0.04796639332021861,37402,37639,normal,aggressive,random_n20,random_traders,71,False
z,2.083333333333333,1.9273625956577332,0.8724406917041959,0.04900094472629332,37402,37639,normal,aggressive,random_n20,random_traders,71,False
z,2.1666666666666665,1.9149371777878077,0.8668161972859819,0.04996437205943984,37402,37639,normal,aggressive,random_n20,random_traders,71,False
z,2.25,1.906892744652271,0.8631748010977671,0.050992441173004804,37402,37639,normal,aggressive,random_n20,random_traders,71,False
z,2.333333333333333,1.9010657386579817,0.8605371463297045,0.05176485176420105,37402,37639,normal,aggressive,random_n20,random_traders,71,False
z,2.4166666666666665,1.8704562927140767,0.8466814627898517,0.05267032976489303,37402,37639,normal,aggressive,random_n20,random_traders,71,False
z,2.5,1.8437191449160102,0.8345786152137411,0.05354645493938,37402,37639,normal,aggressive,random_n20,random_traders,71,False
z,2.583333333333333,1.8265945371850887,0.8268269837108844,0.054299000323886855,37402,37639,normal,aggressive,random_n20,random_traders,71,False
z,2.6666666666666665,1.8207835539950035,0.8241965818315176,0.05496970270856396,37402,37639,normal,aggressive,random_n20,random_traders,71,False
z,2.75,1.803474440731852,0.8163614319836827,0.055660834134109334,37402,37639,normal,aggressive,random_n20,random_traders,71,False
z,2.833333333333333,1.7929132026300014,0.8115807778942083,0.05643225243847014,37402,37639,normal,aggressive,random_n20,random_traders,71,False
z,2.9166666666666665,1.7932029406428431,0.8117119308142173,0.05730142139318689,37402,37639,normal,aggressive,random_n20,random_traders,71,False
z,3.0,1.7770806222333535,0.8044139959799832,0.05788531850018028,37402,37639,normal,aggressive,random_n20,random_traders,71,False
seconds,0.1,0.6755561405731424,1.0703039206653733,0.023556061613535274,8414,8467,normal,aggressive,threshold_wait5s,time_threshold,7,True
seconds,1.0,0.7364693226987488,1.1668105079549633,0.02466534677182184,8414,8467,normal,aggressive,threshold_wait5s,time_threshold,7,True
seconds,5.0,0.7619553013425582,1.2071887107810388,0.027419892512067248,8414,8467,normal,aggressive,threshold_wait5s,time_threshold,7,True
seconds,15.0,0.754069668638243,1.1946952656127436,0.034148262564098274,8414,8467,normal,aggressive,threshold_wait5s,time_threshold,7,True
seconds,30.0,0.7767028437471627,1.2305536859590243,0.04219630039616711,8414,8467,normal,aggressive,threshold_wait5s,time_threshold,7,True
seconds,60.0,0.8121791181886031,1.286759815020423,0.05459017342961267,8414,8467,normal,aggressive,threshold_wait5s,time_threshold,7,True
seconds,180.0,0.7856299400911606,1.2446971533088025,0.08859841945999737,8414,8467,normal,aggressive,threshold_wait5s,time_threshold,7,True
seconds,600.0,0.5731910753417415,0.9081238677042933,0.15455420346476142,8414,8467,normal,aggressive,threshold_wait5s,time_threshold,7,True
z,1.0,0.377279263387669,0.5974223146712052,0.021546021028331728,8462,8467,normal,aggressive,threshold_wait5s,time_threshold,7,True
z,1.0833333333333333,0.7107613837647889,1.1254917836057974,0.024205481497478826,8462,8467,normal,aggressive,threshold_wait5s,time_threshold,7,True
z,1.1666666666666667,0.7179946103424789,1.1369456094158434,0.024664789359274387,8462,8467,normal,aggressive,threshold_wait5s,time_threshold,7,True
z,1.25,0.7260014394561877,1.1496244360742105,0.025238685556339516,8462,8467,normal,aggressive,threshold_wait5s,time_threshold,7,True
z,1.3333333333333333,0.7389046448967576,1.1700566824472702,0.02592650855102149,8462,8467,normal,aggressive,threshold_wait5s,time_threshold,7,True
z,1.4166666666666665,0.7483097138569255,1.1849496241302386,0.02662164624193243,8462,8467,normal,aggressive,threshold_wait5s,time_threshold,7,True
z,1.5,0.748584737943456,1.1853851252094394,0.027269515753975154,8462,8467,normal,aggressive,threshold_wait5s,time_threshold,7,True
z,1.5833333333333333,0.7469596264686873,1.1828117585999487,0.027867576171302505,8462,8467,normal,aggressive,threshold_wait5s,time_threshold,7,True
z,1.6666666666666665,0.7534202564992757,1.1930421765467267,0.028368560757592323,8462,8467,normal,aggressive,threshold_wait5s,time_threshold,7,True
z,1.75,0.754990327515112,1.1955283865018052,0.028852727682298473,8462,8467,normal,aggressive,threshold_wait5s,time_threshold,7,True
z,1.8333333333333333,0.7510115830245153,1.189228038261846,0.02935646639957884,8462,8467,normal,aggressive,threshold_wait5s,time_threshold,7,True
z,1.9166666666666665,0.7522144959161258,1.1911328527422416,0.02970929742145944,8462,8467,normal,aggressive,threshold_wait5s,time_threshold,7,True
z,2.0,0.7510522705992714,1.1892924671012974,0.03025522668872217,8462,8467,normal,aggressive,threshold_wait5s,time_threshold,7,True
z,2.083333333333333,0.7520636379792602,1.1908939689588618,0.030654217965517122,8462,8467,normal,aggressive,threshold_wait5s,time_threshold,7,True
z,2.1666666666666665,0.7542154500886277,1.1943013668624007,0.031233369292504563,8462,8467,normal,aggressive,threshold_wait5s,time_threshold,7,True
z,2.25,0.7574318656835153,1.199394566081431,0.03167518643567981,8462,8467,normal,aggressive,threshold_wait5s,time_threshold,7,True
z,2.333333333333333,0.7606221236261808,1.2044463446164917,0.03207944825380321,8462,8467,normal,aggressive,threshold_wait5s,time_threshold,7,True
z,2.4166666666666665,0.7595258803821809,1.202710441693038,0.0325654153185979,8462,8467,normal,aggressive,threshold_wait5s,time_threshold,7,True
z,2.5,0.7590190859453894,1.201907931894933,0.032994055424553984,8462,8467,normal,aggressive,threshold_wait5s,time_threshold,7,True
z,2.583333333333333,0.7572309197030244,1.199076367801168,0.03352292117038076,8462,8467,normal,aggressive,threshold_wait5s,time_threshold,7,True
z,2.6666666666666665,0.7614173049926712,1.205705515577245,0.034089494118914876,8462,8467,normal,aggressive,threshold_wait5s,time_threshold,7,True
z,2.75,0.7620708130375098,1.2067403466074427,0.03440309023431631,8462,8467,normal,aggressive,threshold_wait5s,time_threshold,7,True
z,2.833333333333333,0.766787391033133,1.214209055378158,0.0347420780908115,8462,8467,normal,aggressive,threshold_wait5s,time_threshold,7,True
z,2.9166666666666665,0.762727267103434,1.2077798426667232,0.03527924916682503,8462,8467,normal,aggressive,threshold_wait5s,time_threshold,7,True
z,3.0,0.7637775999340398,1.209443046377421,0.035968087231981145,8462,8467,normal,aggressive,threshold_wait5s,time_threshold,7,True
seconds,0.1,0.6992802127819497,1.0590125988799937,0.023378548295986155,8347,8401,normal,aggressive,threshold_wait5s,time_threshold,23,True
seconds,1.0,0.742612568374045,1.124636521411155,0.02479880200479058,8347,8401,normal,aggressive,threshold_wait5s,time_threshold,23,True
seconds,5.0,0.778194089433236,1.1785223291320535,0.027618870783505153,8347,8401,normal,aggressive,threshold_wait5s,time_threshold,23,True
seconds,15.0,0.7597905408694822,1.1506513992288898,0.03389482144876538,8347,8401,normal,aggressive,threshold_wait5s,time_threshold,23,True
seconds,30.0,0.7834575204532684,1.1864934395133626,0.04196793065685213,8347,8401,normal,aggressive,threshold_wait5s,time_threshold,23,True
seconds,60.0,0.7770858727502484,1.1768440099001911,0.055030029803967984,8347,8401,normal,aggressive,threshold_wait5s,time_threshold,23,True
seconds,180.0,0.7396646561581158,1.120172107689735,0.09006017657651724,8347,8401,normal,aggressive,threshold_wait5s,time_threshold,23,True
seconds,600.0,0.7410447103525711,1.122262106451821,0.1563756419182089,8347,8401,normal,aggressive,threshold_wait5s,time_threshold,23,True
z,1.0,0.4236976488783727,0.6415665707413405,0.02132085048049269,8398,8401,normal,aggressive,threshold_wait5s,time_threshold,23,True
z,1.0833333333333333,0.7277088354438928,1.1019028859136628,0.024242487006887727,8398,8401,normal,aggressive,threshold_wait5s,time_threshold,23,True
z,1.1666666666666667,0.7381961804617642,1.117782912619283,0.024782296642965957,8398,8401,normal,aggressive,threshold_wait5s,time_threshold,23,True
z,1.25,0.7532860615452662,1.1406321384416718,0.025448405117346355,8398,8401,normal,aggressive,threshold_wait5s,time_threshold,23,True
z,1.3333333333333333,0.7588521459168434,1.1490603505693127,0.026005020840511144,8398,8401,normal,aggressive,threshold_wait5s,time_threshold,23,True
z,1.4166666666666665,0.7642766414544392,1.1572741676845832,0.026618957824477044,8398,8401,normal,aggressive,threshold_wait5s,time_threshold,23,True
z,1.5,0.7661874535321918,1.160167535526723,0.02736309541226709,8398,8401,normal,aggressive,threshold_wait5s,time_threshold,23,True
z,1.5833333333333333,0.7699262458268188,1.165828846505266,0.027908126873700603,8398,8401,normal,aggressive,threshold_wait5s,time_threshold,23,True
z,1.6666666666666665,0.7697189893484914,1.1655150169892976,0.028560767585709114,8398,8401,normal,aggressive,threshold_wait5s,time_threshold,23,True
z,1.75,0.7738183545854405,1.1717223105729366,0.029312490326510364,8398,8401,normal,aggressive,threshold_wait5s,time_threshold,23,True
z,1.8333333333333333,0.7774937811824943,1.1772876726751944,0.029866402231011595,8398,8401,normal,aggressive,threshold_wait5s,time_threshold,23,True
z,1.9166666666666665,0.781518168647789,1.1833814342815625,0.030633970874685792,8398,8401,normal,aggressive,threshold_wait5s,time_threshold,23,True
z,2.0,0.7887897939051728,1.194392190872839,0.031159593018071037,8398,8401,normal,aggressive,threshold_wait5s,time_threshold,23,True
z,2.083333333333333,0.7929777832858523,1.2007336798859984,0.03184810590400869,8398,8401,normal,aggressive,threshold_wait5s,time_threshold,23,True
z,2.1666666666666665,0.7923588247204343,1.1997964475806093,0.03235593427877006,8398,8401,normal,aggressive,threshold_wait5s,time_threshold,23,True
z,2.25,0.787401553075769,1.192290104843706,0.032795315334735786,8398,8401,normal,aggressive,threshold_wait5s,time_threshold,23,True
z,2.333333333333333,0.7858455086828886,1.1899339292366327,0.03314661727432244,8398,8401,normal,aggressive,threshold_wait5s,time_threshold,23,True
z,2.4166666666666665,0.7911202629355315,1.19792100682918,0.033645748593605564,8398,8401,normal,aggressive,threshold_wait5s,time_threshold,23,True
z,2.5,0.7924038874296402,1.1998646819167924,0.03399894718020269,8398,8401,normal,aggressive,threshold_wait5s,time_threshold,23,True
z,2.583333333333333,0.791768752259577,1.198902954859554,0.034499861848559944,8398,8401,normal,aggressive,threshold_wait5s,time_threshold,23,True
z,2.6666666666666665,0.7882327969776942,1.1935487814047385,0.03491570592802589,8398,8401,normal,aggressive,threshold_wait5s,time_threshold,23,True
z,2.75,0.7859649024615867,1.1901147163081915,0.03536154716723027,8398,8401,normal,aggressive,threshold_wait5s,time_threshold,23,True
z,2.833333333333333,0.7792177847136278,1.179898173432853,0.03574115840927539,8398,8401,normal,aggressive,threshold_wait5s,time_threshold,23,True
z,2.9166666666666665,0.7812145006967852,1.1829216176965867,0.03627985668789867,8398,8401,normal,aggressive,threshold_wait5s,time_threshold,23,True
z,3.0,0.7854768528540336,1.1893757074562463,0.03687705838520536,8398,8401,normal,aggressive,threshold_wait5s,time_threshold,23,True
seconds,0.1,0.7018631017088508,1.0596109939846248,0.02410704420544455,8342,8393,normal,aggressive,threshold_wait5s,time_threshold,71,True
seconds,1.0,0.7631207439710376,1.1520923782439674,0.02559353135540654,8342,8393,normal,aggressive,threshold_wait5s,time_threshold,71,True
seconds,5.0,0.7828540773109602,1.181884024084924,0.02857630284109293,8342,8393,normal,aggressive,threshold_wait5s,time_threshold,71,True
seconds,15.0,0.7968442225256366,1.203005111147087,0.0342285947145444,8342,8393,normal,aggressive,threshold_wait5s,time_threshold,71,True
seconds,30.0,0.8278194568600629,1.2497687873712624,0.04168667379251965,8342,8393,normal,aggressive,threshold_wait5s,time_threshold,71,True
seconds,60.0,0.8487466898654569,1.2813628776036792,0.05482565352496011,8342,8393,normal,aggressive,threshold_wait5s,time_threshold,71,True
seconds,180.0,0.9885563643685502,1.492435190435339,0.09004490656185013,8342,8393,normal,aggressive,threshold_wait5s,time_threshold,71,True
seconds,600.0,1.0177740806559532,1.5365455209568863,0.15372822572359027,8342,8393,normal,aggressive,threshold_wait5s,time_threshold,71,True
z,1.0,0.4212215136443534,0.6362017867356863,0.022366023134692728,8387,8393,normal,aggressive,threshold_wait5s,time_threshold,71,True
z,1.0833333333333333,0.7401148054181725,1.1178497449542324,0.025145997117590194,8387,8393,normal,aggressive,threshold_wait5s,time_threshold,71,True
z,1.1666666666666667,0.7538195015024158,1.138548953928698,0.026112529136528475,8387,8393,normal,aggressive,threshold_wait5s,time_threshold,71,True
z,1.25,0.7613558483583286,1.1499316520575493,0.02649483199470098,8387,8393,normal,aggressive,threshold_wait5s,time_threshold,71,True
z,1.3333333333333333,0.7642553138083041,1.154310927664565,0.02692009699677582,8387,8393,normal,aggressive,threshold_wait5s,time_threshold,71,True
z,1.4166666666666665,0.7682871706074634,1.1604005370895318,0.027565899830557444,8387,8393,normal,aggressive,threshold_wait5s,time_threshold,71,True
z,1.5,0.7658965863445935,1.1567898621118426,0.028165000382011165,8387,8393,normal,aggressive,threshold_wait5s,time_threshold,71,True
z,1.5833333333333333,0.7742829301734306,1.1694563730930239,0.028474059122500048,8387,8393,normal,aggressive,threshold_wait5s,time_threshold,71,True
z,1.6666666666666665,0.7769298605716084,1.1734542264650325,0.028796062605529135,8387,8393,normal,aggressive,threshold_wait5s,time_threshold,71,True
z,1.75,0.7854043060703864,1.1862538038685477,0.029356743804364725,8387,8393,normal,aggressive,threshold_wait5s,time_threshold,71,True
z,1.8333333333333333,0.789846261015167,1.1929628146406208,0.02994093680488757,8387,8393,normal,aggressive,threshold_wait5s,time_threshold,71,True
z,1.9166666666666665,0.7944424578275869,1.1999047882329748,0.030379083532652975,8387,8393,normal,aggressive,threshold_wait5s,time_threshold,71,True
z,2.0,0.7891627623678634,1.1919304764371805,0.030774574853740563,8387,8393,normal,aggressive,threshold_wait5s,time_threshold,71,True
z,2.083333333333333,0.7931557051311372,1.1979613111358873,0.031284508565070784,8387,8393,normal,aggressive,threshold_wait5s,time_threshold,71,True
z,2.1666666666666665,0.7920831586122961,1.1963413653602306,0.031747706378984705,8387,8393,normal,aggressive,threshold_wait5s,time_threshold,71,True
z,2.25,0.7843988201311973,1.184735144611296,0.03232259840590899,8387,8393,normal,aggressive,threshold_wait5s,time_threshold,71,True
z,2.333333333333333,0.7900544184566556,1.1932772101116678,0.032749970887167974,8387,8393,normal,aggressive,threshold_wait5s,time_threshold,71,True
z,2.4166666666666665,0.7975459686993716,1.2045922486257268,0.03315511913267903,8387,8393,normal,aggressive,threshold_wait5s,time_threshold,71,True
z,2.5,0.7977041083850858,1.2048310986069035,0.03388084215965952,8387,8393,normal,aggressive,threshold_wait5s,time_threshold,71,True
z,2.583333333333333,0.8005188138208559,1.2090823549396548,0.03435060663411919,8387,8393,normal,aggressive,threshold_wait5s,time_threshold,71,True
z,2.6666666666666665,0.8052318409888642,1.2162007859981225,0.034787579603935255,8387,8393,normal,aggressive,threshold_wait5s,time_threshold,71,True
z,2.75,0.8073024255515937,1.219328141927782,0.035388658661202825,8387,8393,normal,aggressive,threshold_wait5s,time_threshold,71,True
z,2.833333333333333,0.8054576459853204,1.2165418358674807,0.03584860448611703,8387,8393,normal,aggressive,threshold_wait5s,time_threshold,71,True
z,2.9166666666666665,0.8161687118871556,1.2327195453240416,0.0363681258076321,8387,8393,normal,aggressive,threshold_wait5s,time_threshold,71,True
z,3.0,0.8172379005712461,1.2343344195152737,0.03679107008296444,8387,8393,normal,aggressive,threshold_wait5s,time_threshold,71,True
seconds,0.1,0.658232806782003,1.0621185908079782,0.04266795244283977,5384,5421,normal,aggressive,threshold_wait20s,time_threshold,7,False
seconds,1.0,0.6916850225568457,1.1160967880538464,0.04367157733695734,5384,5421,normal,aggressive,threshold_wait20s,time_threshold,7,False
seconds,5.0,0.7214783273670027,1.1641709991755604,0.04638781566991607,5384,5421,normal,aggressive,threshold_wait20s,time_threshold,7,False
seconds,15.0,0.6895280755457638,1.1126163575796226,0.052357656946256,5384,5421,normal,aggressive,threshold_wait20s,time_threshold,7,False
seconds,30.0,0.6302436249056691,1.0169554963738148,0.05983340497842733,5384,5421,normal,aggressive,threshold_wait20s,time_threshold,7,False
seconds,60.0,0.6258614513744569,1.009884460218079,0.07322862357554466,5384,5421,normal,aggressive,threshold_wait20s,time_threshold,7,False
seconds,180.0,0.46000727675342057,0.7422636421532388,0.10986069328705074,5384,5421,normal,aggressive,threshold_wait20s,time_threshold,7,False
seconds,600.0,0.4130504235941786,0.6664944823781492,0.18067457165993414,5384,5421,normal,aggressive,threshold_wait20s,time_threshold,7,False
z,1.0,0.38187334928074546,0.6191552794923387,0.04098764791340065,5413,5421,normal,aggressive,threshold_wait20s,time_threshold,7,False
z,1.0833333333333333,0.6935648958004085,1.124520388013966,0.044738337645117976,5413,5421,normal,aggressive,threshold_wait20s,time_threshold,7,False
z,1.1666666666666667,0.6962819373229862,1.1289256983255456,0.04614353714492903,5413,5421,normal,aggressive,threshold_wait20s,time_threshold,7,False
z,1.25,0.7020703351058837,1.138310791717983,0.04761061532249369,5413,5421,normal,aggressive,threshold_wait20s,time_threshold,7,False
z,1.3333333333333333,0.6877367578973008,1.1150708614651375,0.0491427612455534,5413,5421,normal,aggressive,threshold_wait20s,time_threshold,7,False
z,1.4166666666666665,0.6873026181069036,1.1143669633173132,0.05050641129000229,5413,5421,normal,aggressive,threshold_wait20s,time_threshold,7,False
z,1.5,0.6985127670250049,1.1325426828316776,0.051936246853177354,5413,5421,normal,aggressive,threshold_wait20s,time_threshold,7,False
z,1.5833333333333333,0.7137409483524968,1.157233091009525,0.053433683000074235,5413,5421,normal,aggressive,threshold_wait20s,time_threshold,7,False
z,1.6666666666666665,0.6984350659622465,1.132416701211542,0.05458655798744794,5413,5421,normal,aggressive,threshold_wait20s,time_threshold,7,False
z,1.75,0.7072548005306053,1.146716691593185,0.055611427363474145,5413,5421,normal,aggressive,threshold_wait20s,time_threshold,7,False
z,1.8333333333333333,0.7145496768434548,1.1585443333776966,0.056710299540235126,5413,5421,normal,aggressive,threshold_wait20s,time_threshold,7,False
z,1.9166666666666665,0.6979625568508344,1.1316505924702798,0.05797119181901121,5413,5421,normal,aggressive,threshold_wait20s,time_threshold,7,False
z,2.0,0.6738524517615517,1.0925593626600272,0.05968648036299395,5413,5421,normal,aggressive,threshold_wait20s,time_threshold,7,False
z,2.083333333333333,0.6623449559650074,1.073901535949716,0.06097772841355924,5413,5421,normal,aggressive,threshold_wait20s,time_threshold,7,False
z,2.1666666666666665,0.6681493809903862,1.0833126153184378,0.06214181198653253,5413,5421,normal,aggressive,threshold_wait20s,time_threshold,7,False
z,2.25,0.6619072091907304,1.0731917895720626,0.06338287240681595,5413,5421,normal,aggressive,threshold_wait20s,time_threshold,7,False
z,2.333333333333333,0.6826617630117786,1.106842453060398,0.06420656231752728,5413,5421,normal,aggressive,threshold_wait20s,time_threshold,7,False
z,2.4166666666666665,0.6845709889149907,1.1099380010999345,0.06454458445570385,5413,5421,normal,aggressive,threshold_wait20s,time_threshold,7,False
z,2.5,0.6876464213838999,1.1149243931941557,0.06626311014197007,5413,5421,normal,aggressive,threshold_wait20s,time_threshold,7,False
z,2.583333333333333,0.6814930075390869,1.1049474763024871,0.06719677720652062,5413,5421,normal,aggressive,threshold_wait20s,time_threshold,7,False
z,2.6666666666666665,0.6709583218131441,1.0878669277454973,0.0682178977713379,5413,5421,normal,aggressive,threshold_wait20s,time_threshold,7,False
z,2.75,0.6683844742252123,1.0836937867664838,0.0692195583928598,5413,5421,normal,aggressive,threshold_wait20s,time_threshold,7,False
z,2.833333333333333,0.67160068687029,1.0889084346148359,0.06982473304364259,5413,5421,normal,aggressive,threshold_wait20s,time_threshold,7,False
z,2.9166666666666665,0.6698421477394362,1.086057204516918,0.07092416603737954,5413,5421,normal,aggressive,threshold_wait20s,time_threshold,7,False
z,3.0,0.68671183300333,1.1134090862708739,0.07213672389572172,5413,5421,normal,aggressive,threshold_wait20s,time_threshold,7,False
seconds,0.1,0.7246649763002913,1.0592375035361303,0.04408918630517669,5317,5359,normal,aggressive,threshold_wait20s,time_threshold,23,False
seconds,1.0,0.7721790761395824,1.1286885162696083,0.04510555633110674,5317,5359,normal,aggressive,threshold_wait20s,time_threshold,23,False
seconds,5.0,0.7807606270054773,1.1412321064981117,0.04753069390093891,5317,5359,normal,aggressive,threshold_wait20s,time_threshold,23,False
seconds,15.0,0.7422344809009436,1.0849187200985404,0.05235805937763605,5317,5359,normal,aggressive,threshold_wait20s,time_threshold,23,False
seconds,30.0,0.7030373692174013,1.0276245882122805,0.06015420022072283,5317,5359,normal,aggressive,threshold_wait20s,time_threshold,23,False
seconds,60.0,0.6647293894506409,0.9716300939553354,0.07252599130245363,5317,5359,normal,aggressive,threshold_wait20s,time_threshold,23,False
seconds,180.0,0.706910079157239,1.0332853000484399,0.10935695187441585,5317,5359,normal,aggressive,threshold_wait20s,time_threshold,23,False
seconds,600.0,0.6087870526038043,0.8898595887404326,0.18765985261736953,5317,5359,normal,aggressive,threshold_wait20s,time_threshold,23,False
z,1.0,0.43823136142876024,0.6397197249789114,0.042126461720148015,5352,5359,normal,aggressive,threshold_wait20s,time_threshold,23,False
z,1.0833333333333333,0.7830160607389682,1.1430282337550879,0.04557396870739293,5352,5359,normal,aggressive,threshold_wait20s,time_threshold,23,False
z,1.1666666666666667,0.7742955091744053,1.1302981798621887,0.046597433544521144,5352,5359,normal,aggressive,threshold_wait20s,time_threshold,23,False
z,1.25,0.7793178444445716,1.1376296655123892,0.04774601801478899,5352,5359,normal,aggressive,threshold_wait20s,time_threshold,23,False
z,1.3333333333333333,0.7841836344257522,1.1447326300706935,0.04834034956903219,5352,5359,normal,aggressive,threshold_wait20s,time_threshold,23,False
z,1.4166666666666665,0.7963507871716268,1.1624939504449145,0.051276593399426584,5352,5359,normal,aggressive,threshold_wait20s,time_threshold,23,False
z,1.5,0.7912191905399423,1.1550029676562317,0.0523071703215725,5352,5359,normal,aggressive,threshold_wait20s,time_threshold,23,False
z,1.5833333333333333,0.7941138745605598,1.1592285585850346,0.053273651487319836,5352,5359,normal,aggressive,threshold_wait20s,time_threshold,23,False
z,1.6666666666666665,0.7812222371360655,1.1404096526974286,0.05480256707950048,5352,5359,normal,aggressive,threshold_wait20s,time_threshold,23,False
z,1.75,0.7747558686694499,1.1309702017106509,0.0559160668871442,5352,5359,normal,aggressive,threshold_wait20s,time_threshold,23,False
z,1.8333333333333333,0.7676274412800361,1.1205642928450223,0.056807303889903286,5352,5359,normal,aggressive,threshold_wait20s,time_threshold,23,False
z,1.9166666666666665,0.7631654697174755,1.1140508128157547,0.058016225370391736,5352,5359,normal,aggressive,threshold_wait20s,time_threshold,23,False
z,2.0,0.770141957341455,1.1242349236232978,0.05915951408478431,5352,5359,normal,aggressive,threshold_wait20s,time_threshold,23,False
z,2.083333333333333,0.7692457660112387,1.122926684821252,0.06051746665222224,5352,5359,normal,aggressive,threshold_wait20s,time_threshold,23,False
z,2.1666666666666665,0.7506104666511408,1.0957233177626409,0.0615350032652497,5352,5359,normal,aggressive,threshold_wait20s,time_threshold,23,False
z,2.25,0.7421844747781932,1.083423255106096,0.06276070508784817,5352,5359,normal,aggressive,threshold_wait20s,time_threshold,23,False
z,2.333333333333333,0.7400229446948348,1.0802679048683783,0.06407123461961045,5352,5359,normal,aggressive,threshold_wait20s,time_threshold,23,False
z,2.4166666666666665,0.718736026650653,1.049193767881753,0.06545400038617918,5352,5359,normal,aggressive,threshold_wait20s,time_threshold,23,False
z,2.5,0.7161598673793579,1.0454331518109137,0.06646928078038997,5352,5359,normal,aggressive,threshold_wait20s,time_threshold,23,False
z,2.583333333333333,0.7299759048777111,1.0656014749540341,0.06749222672901001,5352,5359,normal,aggressive,threshold_wait20s,time_threshold,23,False
z,2.6666666666666665,0.7328859588064628,1.0698495025094,0.06904927861938932,5352,5359,normal,aggressive,threshold_wait20s,time_threshold,23,False
z,2.75,0.7243132084673867,1.0573352053323408,0.06998920857928735,5352,5359,normal,aggressive,threshold_wait20s,time_threshold,23,False
z,2.833333333333333,0.7205347149918815,1.051819450368789,0.07083371889606929,5352,5359,normal,aggressive,threshold_wait20s,time_threshold,23,False
z,2.9166666666666665,0.7259301552242254,1.0596955857743477,0.07196471479455062,5352,5359,normal,aggressive,threshold_wait20s,time_threshold,23,False
z,3.0,0.7295522246643028,1.0649829966490654,0.07277165024912308,5352,5359,normal,aggressive,threshold_wait20s,time_threshold,23,False
seconds,0.1,0.6459588865974817,1.0626591298511068,0.04268175255914733,5364,5405,normal,aggressive,threshold_wait20s,time_threshold,71,False
seconds,1.0,0.686584699781471,1.1294921623912926,0.04362706115323276,5364,5405,normal,aggressive,threshold_wait20s,time_threshold,71,False
seconds,5.0,0.7103369933781154,1.1685667725082465,0.04636511315629011,5364,5405,normal,aggressive,threshold_wait20s,time_threshold,71,False
seconds,15.0,0.714076359291797,1.1747183580200717,0.052133341369905474,5364,5405,normal,aggressive,threshold_wait20s,time_threshold,71,False
seconds,30.0,0.7024949323303434,1.1556658929907277,0.058827575529785014,5364,5405,normal,aggressive,threshold_wait20s,time_threshold,71,False
seconds,60.0,0.6799040093814475,1.1185018396407405,0.07069584698980894,5364,5405,normal,aggressive,threshold_wait20s,time_threshold,71,False
seconds,180.0,0.640186662155251,1.0531633134294212,0.10780348716236304,5364,5405,normal,aggressive,threshold_wait20s,time_threshold,71,False
seconds,600.0,0.5741768775785115,0.9445714174196568,0.18468870991626365,5364,5405,normal,aggressive,threshold_wait20s,time_threshold,71,False
z,1.0,0.36359182134402185,0.598861868420861,0.041026625437389413,5395,5405,normal,aggressive,threshold_wait20s,time_threshold,71,False
z,1.0833333333333333,0.6914522377521506,1.1388715441765715,0.04473467187535105,5395,5405,normal,aggressive,threshold_wait20s,time_threshold,71,False
z,1.1666666666666667,0.6956852600431881,1.145843636202479,0.04694499276884582,5395,5405,normal,aggressive,threshold_wait20s,time_threshold,71,False
z,1.25,0.6915288837650158,1.1389977856698532,0.04791803027190043,5395,5405,normal,aggressive,threshold_wait20s,time_threshold,71,False
z,1.3333333333333333,0.6903503638752204,1.1370566786873992,0.04916350684512449,5395,5405,normal,aggressive,threshold_wait20s,time_threshold,71,False
z,1.4166666666666665,0.7004540571075313,1.1536981877969452,0.05053801521905,5395,5405,normal,aggressive,threshold_wait20s,time_threshold,71,False
z,1.5,0.6857730054649794,1.1295174403187915,0.0515467258970785,5395,5405,normal,aggressive,threshold_wait20s,time_threshold,71,False
z,1.5833333333333333,0.6822728798340797,1.123752481780175,0.053892690767151794,5395,5405,normal,aggressive,threshold_wait20s,time_threshold,71,False
z,1.6666666666666665,0.6884027504131042,1.1338488193010876,0.055470143314872114,5395,5405,normal,aggressive,threshold_wait20s,time_threshold,71,False
z,1.75,0.6899120989224048,1.1363348248031828,0.05624829457835251,5395,5405,normal,aggressive,threshold_wait20s,time_threshold,71,False
z,1.8333333333333333,0.6863319157886962,1.1304380058020949,0.05732812876389449,5395,5405,normal,aggressive,threshold_wait20s,time_threshold,71,False
z,1.9166666666666665,0.6911135336618377,1.1383136741903415,0.05866576257254634,5395,5405,normal,aggressive,threshold_wait20s,time_threshold,71,False
z,2.0,0.6787823997598155,1.1180034101667575,0.05957107600656708,5395,5405,normal,aggressive,threshold_wait20s,time_threshold,71,False
z,2.083333333333333,0.6697782633836821,1.1031729502466332,0.060621373950071875,5395,5405,normal,aggressive,threshold_wait20s,time_threshold,71,False
z,2.1666666666666665,0.6633924444705595,1.092655047419299,0.06091690582052255,5395,5405,normal,aggressive,threshold_wait20s,time_threshold,71,False
z,2.25,0.6776792347914358,1.116186418157151,0.061958688372147526,5395,5405,normal,aggressive,threshold_wait20s,time_threshold,71,False
z,2.333333333333333,0.6746852355568926,1.111255086178832,0.06266384318142053,5395,5405,normal,aggressive,threshold_wait20s,time_threshold,71,False
z,2.4166666666666665,0.6759103569481355,1.1132729491843583,0.06331556031992044,5395,5405,normal,aggressive,threshold_wait20s,time_threshold,71,False
z,2.5,0.671969618376868,1.1067822694572296,0.06433298105106208,5395,5405,normal,aggressive,threshold_wait20s,time_threshold,71,False
z,2.583333333333333,0.664168875871905,1.093933885755078,0.06535955548557597,5395,5405,normal,aggressive,threshold_wait20s,time_threshold,71,False
z,2.6666666666666665,0.6638041894655408,1.093333221026439,0.06642965316161631,5395,5405,normal,aggressive,threshold_wait20s,time_threshold,71,False
z,2.75,0.6518076447027019,1.0735740493687504,0.067340202228808,5395,5405,normal,aggressive,threshold_wait20s,time_threshold,71,False
z,2.833333333333333,0.635488118156469,1.0466946159340424,0.06810090119871555,5395,5405,normal,aggressive,threshold_wait20s,time_threshold,71,False
z,2.9166666666666665,0.6354837173114459,1.046687367425912,0.06919013469609375,5395,5405,normal,aggressive,threshold_wait20s,time_threshold,71,False
z,3.0,0.6441957765100276,1.0610367552371391,0.07034689364685497,5395,5405,normal,aggressive,threshold_wait20s,time_threshold,71,False
seconds,0.1,0.9060927852093716,0.98384276630286,0.010128766923972833,20710,20848,normal,aggressive,local_run_1s,local_runs,7,True
seconds,1.0,0.9068362804849834,0.9846500593975976,0.010567738965312564,20710,20848,normal,aggressive,local_run_1s,local_runs,7,True
seconds,5.0,1.0364366915034222,1.1253712183911608,0.013518677897615941,20710,20848,normal,aggressive,local_run_1s,local_runs,7,True
seconds,15.0,1.1727804906393569,1.2734144019368099,0.01936015104913315,20710,20848,normal,aggressive,local_run_1s,local_runs,7,True
seconds,30.0,1.2240180980370956,1.3290486043317478,0.02565013131493412,20710,20848,normal,aggressive,local_run_1s,local_runs,7,True
seconds,60.0,1.2731446946089462,1.382390654350528,0.034609885973705894,20710,20848,normal,aggressive,local_run_1s,local_runs,7,True
seconds,180.0,1.3168050175804635,1.4297973809365345,0.05926990016130874,20710,20848,normal,aggressive,local_run_1s,local_runs,7,True
seconds,600.0,1.1524112840115808,1.2512973550700974,0.10308026828022822,20710,20848,normal,aggressive,local_run_1s,local_runs,7,True
z,1.0,0.5460548001429711,0.5942030647375739,0.008388482469418179,20842,20848,normal,aggressive,local_run_1s,local_runs,7,True
z,1.0833333333333333,0.832335737275253,0.9057267619478314,0.009740175426197593,20842,20848,normal,aggressive,local_run_1s,local_runs,7,True
z,1.1666666666666667,0.8452124683521942,0.9197388960188381,0.009823895536063955,20842,20848,normal,aggressive,local_run_1s,local_runs,7,True
z,1.25,0.8522512562525731,0.9273983275289133,0.009896703582540233,20842,20848,normal,aggressive,local_run_1s,local_runs,7,True
z,1.3333333333333333,0.855983345334146,0.9314594927628121,0.00993775024783657,20842,20848,normal,aggressive,local_run_1s,local_runs,7,True
z,1.4166666666666665,0.8599946886080527,0.9358245353674111,0.009990690679228772,20842,20848,normal,aggressive,local_run_1s,local_runs,7,True
z,1.5,0.8645356779212082,0.9407659254368896,0.010034112512079979,20842,20848,normal,aggressive,local_run_1s,local_runs,7,True
z,1.5833333333333333,0.8659546185605416,0.9423099808620078,0.010058553172936639,20842,20848,normal,aggressive,local_run_1s,local_runs,7,True
z,1.6666666666666665,0.8688718268895382,0.9454844134081807,0.010100609714413757,20842,20848,normal,aggressive,local_run_1s,local_runs,7,True
z,1.75,0.8712349224721297,0.9480558744356747,0.010133397661580796,20842,20848,normal,aggressive,local_run_1s,local_runs,7,True
z,1.8333333333333333,0.874000010045946,0.9510647730117868,0.010153132455876521,20842,20848,normal,aggressive,local_run_1s,local_runs,7,True
z,1.9166666666666665,0.8756782501643882,0.952890991591832,0.010170414070068334,20842,20848,normal,aggressive,local_run_1s,local_runs,7,True
z,2.0,0.8785226593252028,0.955986205918821,0.010210010674498017,20842,20848,normal,aggressive,local_run_1s,local_runs,7,True
z,2.083333333333333,0.8810120915176473,0.958695143259578,0.010246106787537545,20842,20848,normal,aggressive,local_run_1s,local_runs,7,True
z,2.1666666666666665,0.8826650705364614,0.9604938733479668,0.010284300305605022,20842,20848,normal,aggressive,local_run_1s,local_runs,7,True
z,2.25,0.8836179646397494,0.9615307886839292,0.010326631376265976,20842,20848,normal,aggressive,local_run_1s,local_runs,7,True
z,2.333333333333333,0.8855130388031343,0.9635929606042078,0.010385734554634783,20842,20848,normal,aggressive,local_run_1s,local_runs,7,True
z,2.4166666666666665,0.8861864165717648,0.9643257133128035,0.010412362886217538,20842,20848,normal,aggressive,local_run_1s,local_runs,7,True
z,2.5,0.8891372256597615,0.9675367093576768,0.010475912065428493,20842,20848,normal,aggressive,local_run_1s,local_runs,7,True
z,2.583333333333333,0.8900255934977856,0.9685034088388095,0.01049761422914763,20842,20848,normal,aggressive,local_run_1s,local_runs,7,True
z,2.6666666666666665,0.8929392774447156,0.9716740062412847,0.010556135644233853,20842,20848,normal,aggressive,local_run_1s,local_runs,7,True
z,2.75,0.8946603177504168,0.9735467989058978,0.01059381797027553,20842,20848,normal,aggressive,local_run_1s,local_runs,7,True
z,2.833333333333333,0.8963880509293615,0.9754268745864136,0.010633326981854018,20842,20848,normal,aggressive,local_run_1s,local_runs,7,True
z,2.9166666666666665,0.8973121373645491,0.9764324421443348,0.010685278720047991,20842,20848,normal,aggressive,local_run_1s,local_runs,7,True
z,3.0,0.8993243378623852,0.9786220679884217,0.010743728940231703,20842,20848,normal,aggressive,local_run_1s,local_runs,7,True
seconds,0.1,2.120935008176974,1.02607009287689,0.012885081098650985,58703,59098,normal,fill,random_n6,random_traders,7,True
seconds,1.0,2.1505068238993417,1.0403764038141916,0.013308081124573474,58703,59098,normal,fill,random_n6,random_traders,7,True
seconds,5.0,2.051034654717629,0.9922535629551147,0.014083023283035559,58703,59098,normal,fill,random_n6,random_traders,7,True
seconds,15.0,1.835683882090187,0.8880707443307584,0.015852669117223824,58703,59098,normal,fill,random_n6,random_traders,7,True
seconds,30.0,1.6788674716070195,0.8122057940853532,0.018333619279246923,58703,59098,normal,fill,random_n6,random_traders,7,True
seconds,60.0,1.5901727035112254,0.7692968654350737,0.022665755370185423,58703,59098,normal,fill,random_n6,random_traders,7,True
seconds,180.0,1.5306491201760415,0.7405004296906356,0.035337767238070826,58703,59098,normal,fill,random_n6,random_traders,7,True
seconds,600.0,1.5145704711280603,0.7327218693583332,0.05919033860718394,58703,59098,normal,fill,random_n6,random_traders,7,True
z,1.0,1.6440778645462573,0.7964769784700059,0.012002491260580821,59006,59098,normal,fill,random_n6,random_traders,7,True
z,1.0833333333333333,2.1017868521723115,1.018215059946808,0.013280707127567713,59006,59098,normal,fill,random_n6,random_traders,7,True
z,1.1666666666666667,2.0570383415773636,0.9965365498967177,0.013550059181650996,59006,59098,normal,fill,random_n6,random_traders,7,True
z,1.25,2.020975364891164,0.9790657650117294,0.013913357638747915,59006,59098,normal,fill,random_n6,random_traders,7,True
z,1.3333333333333333,1.9871765270529627,0.9626918469524423,0.014311879154583646,59006,59098,normal,fill,random_n6,random_traders,7,True
z,1.4166666666666665,1.9520007251078257,0.9456508557362177,0.014688310557339226,59006,59098,normal,fill,random_n6,random_traders,7,True
z,1.5,1.9228799081886987,0.9315432147476166,0.015014598338643414,59006,59098,normal,fill,random_n6,random_traders,7,True
z,1.5833333333333333,1.8976452937367903,0.9193182527157492,0.015339469046164267,59006,59098,normal,fill,random_n6,random_traders,7,True
z,1.6666666666666665,1.8766552676520518,0.9091495904434225,0.015675522776305607,59006,59098,normal,fill,random_n6,random_traders,7,True
z,1.75,1.8572815272511776,0.8997639411691958,0.01605218150622566,59006,59098,normal,fill,random_n6,random_traders,7,True
z,1.8333333333333333,1.8434651615396151,0.8930705737486577,0.01641099841237115,59006,59098,normal,fill,random_n6,random_traders,7,True
z,1.9166666666666665,1.8254384055805017,0.8843374739195365,0.016741126929463203,59006,59098,normal,fill,random_n6,random_traders,7,True
z,2.0,1.8115473956063577,0.8776079449290367,0.017038051114707204,59006,59098,normal,fill,random_n6,random_traders,7,True
z,2.083333333333333,1.8022437597353087,0.8731007789686196,0.01739403245418543,59006,59098,normal,fill,random_n6,random_traders,7,True
z,2.1666666666666665,1.792269659540693,0.8682688051568701,0.017710960497610735,59006,59098,normal,fill,random_n6,random_traders,7,True
z,2.25,1.7815181158894295,0.8630601972278228,0.018043821814759282,59006,59098,normal,fill,random_n6,random_traders,7,True
z,2.333333333333333,1.775303386631987,0.8600494585713887,0.018373529303364493,59006,59098,normal,fill,random_n6,random_traders,7,True
z,2.4166666666666665,1.7626798689666778,0.8539339688950509,0.018632519538943685,59006,59098,normal,fill,random_n6,random_traders,7,True
z,2.5,1.7539003397732,0.8496807075166184,0.01887776215823152,59006,59098,normal,fill,random_n6,random_traders,7,True
z,2.583333333333333,1.7473263986820435,0.8464959479320295,0.01920411389237797,59006,59098,normal,fill,random_n6,random_traders,7,True
z,2.6666666666666665,1.746108794770596,0.8459060771568818,0.01958345281201798,59006,59098,normal,fill,random_n6,random_traders,7,True
z,2.75,1.7428187681002967,0.8443122168185402,0.01985607733642974,59006,59098,normal,fill,random_n6,random_traders,7,True
z,2.833333333333333,1.7357107783927217,0.8408687362587872,0.020104385894478417,59006,59098,normal,fill,random_n6,random_traders,7,True
z,2.9166666666666665,1.7312203817750174,0.838693354175416,0.020333870560392053,59006,59098,normal,fill,random_n6,random_traders,7,True
z,3.0,1.7271422972880899,0.8367177175707654,0.020641944797644782,59006,59098,normal,fill,random_n6,random_traders,7,True
seconds,0.1,2.1188149754598986,1.0266480535578961,0.012782477141814326,58768,59125,normal,fill,random_n6,random_traders,23,True
seconds,1.0,2.1482337103406235,1.0409025718868865,0.013176317838698862,58768,59125,normal,fill,random_n6,random_traders,23,True
seconds,5.0,2.0535792581287606,0.9950388177368549,0.013978426204698158,58768,59125,normal,fill,random_n6,random_traders,23,True
seconds,15.0,1.834925436523141,0.8890925586465913,0.015751901303119008,58768,59125,normal,fill,random_n6,random_traders,23,True
seconds,30.0,1.6750662607563183,0.8116345863624586,0.018213013599241698,58768,59125,normal,fill,random_n6,random_traders,23,True
seconds,60.0,1.5971488443156423,0.7738805753451837,0.02255020869508385,58768,59125,normal,fill,random_n6,random_traders,23,True
seconds,180.0,1.5424517624050735,0.7473777172244109,0.035277320456366425,58768,59125,normal,fill,random_n6,random_traders,23,True
seconds,600.0,1.521592432610998,0.7372705627160464,0.05931577606369803,58768,59125,normal,fill,random_n6,random_traders,23,True
z,1.0,1.6442588757712056,0.7972980133664613,0.011907936267557321,59029,59125,normal,fill,random_n6,random_traders,23,True
z,1.0833333333333333,2.0990561292051453,1.017828339819666,0.013175190491233217,59029,59125,normal,fill,random_n6,random_traders,23,True
z,1.1666666666666667,2.059853363565647,0.9988189930413596,0.013452594570732994,59029,59125,normal,fill,random_n6,random_traders,23,True
z,1.25,2.02174290647995,0.9803393046111163,0.013770045351452776,59029,59125,normal,fill,random_n6,random_traders,23,True
z,1.3333333333333333,1.9846786686414,0.9623669259114681,0.014154597699936362,59029,59125,normal,fill,random_n6,random_traders,23,True
z,1.4166666666666665,1.9588356650249261,0.9498357024244288,0.0144933355025294,59029,59125,normal,fill,random_n6,random_traders,23,True
z,1.5,1.9365909111181154,0.939049263403744,0.014856362442247362,59029,59125,normal,fill,random_n6,random_traders,23,True
z,1.5833333333333333,1.9085757372440966,0.9254647586745877,0.01521996583133331,59029,59125,normal,fill,random_n6,random_traders,23,True
z,1.6666666666666665,1.885988012310478,0.9145120136528554,0.015555781965426197,59029,59125,normal,fill,random_n6,random_traders,23,True
z,1.75,1.8577027632060117,0.900796549956186,0.015936889515267547,59029,59125,normal,fill,random_n6,random_traders,23,True
z,1.8333333333333333,1.8398681151515752,0.892148562907174,0.01628959184535866,59029,59125,normal,fill,random_n6,random_traders,23,True
z,1.9166666666666665,1.8257495614379304,0.8853025029628621,0.016657272370425087,59029,59125,normal,fill,random_n6,random_traders,23,True
z,2.0,1.8119108586819834,0.8785921422176841,0.01696069693127456,59029,59125,normal,fill,random_n6,random_traders,23,True
z,2.083333333333333,1.8051379626816724,0.8753079777802242,0.017289966575760343,59029,59125,normal,fill,random_n6,random_traders,23,True
z,2.1666666666666665,1.7924865212677925,0.8691733178102256,0.017594570318313837,59029,59125,normal,fill,random_n6,random_traders,23,True
z,2.25,1.7840885780128977,0.8651011710381113,0.01791572637044837,59029,59125,normal,fill,random_n6,random_traders,23,True
z,2.333333333333333,1.7788575954777441,0.8625646775183324,0.018203915956093088,59029,59125,normal,fill,random_n6,random_traders,23,True
z,2.4166666666666665,1.7717922024762933,0.8591386818392348,0.01851931944712689,59029,59125,normal,fill,random_n6,random_traders,23,True
z,2.5,1.7651658523276146,0.8559255772075605,0.01886868199120298,59029,59125,normal,fill,random_n6,random_traders,23,True
z,2.583333333333333,1.7538971266163599,0.8504613934618344,0.01912745096751613,59029,59125,normal,fill,random_n6,random_traders,23,True
z,2.6666666666666665,1.7506619365839813,0.8488926559450801,0.01942797698690871,59029,59125,normal,fill,random_n6,random_traders,23,True
z,2.75,1.7447496595684984,0.8460258040226869,0.019758571948127305,59029,59125,normal,fill,random_n6,random_traders,23,True
z,2.833333333333333,1.7367307759600208,0.842137462554889,0.020022244589802857,59029,59125,normal,fill,random_n6,random_traders,23,True
z,2.9166666666666665,1.7342740691546497,0.8409462100798628,0.020336384070308883,59029,59125,normal,fill,random_n6,random_traders,23,True
z,3.0,1.730102448057797,0.8389233989142679,0.020613062320168227,59029,59125,normal,fill,random_n6,random_traders,23,True
seconds,0.1,2.11870046615386,1.0253857095708385,0.012855796856911786,58403,58781,normal,fill,random_n6,random_traders,71,True
seconds,1.0,2.1504972360128045,1.0407743659404958,0.013283519305095953,58403,58781,normal,fill,random_n6,random_traders,71,True
seconds,5.0,2.047715561703334,0.9910312041645348,0.014129816831254414,58403,58781,normal,fill,random_n6,random_traders,71,True
seconds,15.0,1.8246210541739196,0.883060340156714,0.015891748800647025,58403,58781,normal,fill,random_n6,random_traders,71,True
seconds,30.0,1.668121209412788,0.8073192399249148,0.01842484318694504,58403,58781,normal,fill,random_n6,random_traders,71,True
seconds,60.0,1.5755984367106917,0.7625410702618743,0.022783160934367573,58403,58781,normal,fill,random_n6,random_traders,71,True
seconds,180.0,1.5320767077166664,0.7414778951320269,0.03547182893950821,58403,58781,normal,fill,random_n6,random_traders,71,True
seconds,600.0,1.5248890753609936,0.7379993026547547,0.05947536311828559,58403,58781,normal,fill,random_n6,random_traders,71,True
z,1.0,1.6433229509084597,0.7961247776587981,0.011981664240006821,58685,58781,normal,fill,random_n6,random_traders,71,True
z,1.0833333333333333,2.099803612069732,1.0172715490050244,0.013221633081949987,58685,58781,normal,fill,random_n6,random_traders,71,True
z,1.1666666666666667,2.0550947534913893,0.9956118806632752,0.01356902208794865,58685,58781,normal,fill,random_n6,random_traders,71,True
z,1.25,2.02112203621487,0.9791534468701597,0.013965512969625374,58685,58781,normal,fill,random_n6,random_traders,71,True
z,1.3333333333333333,1.9818240941958805,0.9601151529456327,0.014334581997339174,58685,58781,normal,fill,random_n6,random_traders,71,True
z,1.4166666666666665,1.9495929152945946,0.9445004254069698,0.0146863715071176,58685,58781,normal,fill,random_n6,random_traders,71,True
z,1.5,1.920384604692901,0.9303501576396344,0.015054322636106149,58685,58781,normal,fill,random_n6,random_traders,71,True
z,1.5833333333333333,1.8932560327400592,0.9172074407426195,0.015420294335610806,58685,58781,normal,fill,random_n6,random_traders,71,True
z,1.6666666666666665,1.869758726049722,0.9058239278098246,0.015771542478071724,58685,58781,normal,fill,random_n6,random_traders,71,True
z,1.75,1.8463085091766107,0.8944632280253814,0.016187265406974686,58685,58781,normal,fill,random_n6,random_traders,71,True
z,1.8333333333333333,1.827581857583654,0.8853909082312139,0.016587345727936388,58685,58781,normal,fill,random_n6,random_traders,71,True
z,1.9166666666666665,1.8107123919995973,0.8772183213821679,0.01700170113625177,58685,58781,normal,fill,random_n6,random_traders,71,True
z,2.0,1.7938154485243196,0.8690324225848973,0.017337655364090033,58685,58781,normal,fill,random_n6,random_traders,71,True
z,2.083333333333333,1.7816876337117844,0.8631569774292273,0.017714336319770915,58685,58781,normal,fill,random_n6,random_traders,71,True
z,2.1666666666666665,1.7734192993333908,0.8591512974349399,0.018010009105132983,58685,58781,normal,fill,random_n6,random_traders,71,True
z,2.25,1.764404230762784,0.8547838543481228,0.01834867559891977,58685,58781,normal,fill,random_n6,random_traders,71,True
z,2.333333333333333,1.759264250544851,0.8522937378400375,0.018636184081417585,58685,58781,normal,fill,random_n6,random_traders,71,True
z,2.4166666666666665,1.7525189104005614,0.8490258881336625,0.018923219335131938,58685,58781,normal,fill,random_n6,random_traders,71,True
z,2.5,1.7485569729602262,0.8471064866173378,0.019190767640640885,58685,58781,normal,fill,random_n6,random_traders,71,True
z,2.583333333333333,1.743076703448615,0.8444515134460387,0.01946470363053763,58685,58781,normal,fill,random_n6,random_traders,71,True
z,2.6666666666666665,1.7419762119568445,0.8439183689757344,0.019803768281239188,58685,58781,normal,fill,random_n6,random_traders,71,True
z,2.75,1.7389828021839737,0.842468180691958,0.02011481513608181,58685,58781,normal,fill,random_n6,random_traders,71,True
z,2.833333333333333,1.7351547838445374,0.840613657667331,0.020365082417375113,58685,58781,normal,fill,random_n6,random_traders,71,True
z,2.9166666666666665,1.727253439158032,0.8367857696199621,0.020578663971005953,58685,58781,normal,fill,random_n6,random_traders,71,True
z,3.0,1.7238501317916661,0.8351370022131326,0.020860154249520493,58685,58781,normal,fill,random_n6,random_traders,71,True
seconds,0.1,0.7384791565595125,1.0572333827726836,0.02114349248367763,9959,10024,normal,fill,threshold_wait5s,time_threshold,7,True
seconds,1.0,0.7927610018087715,1.1349452292970788,0.022300160760675366,9959,10024,normal,fill,threshold_wait5s,time_threshold,7,True
seconds,5.0,0.8045066538186098,1.1517607281462074,0.025817420666330644,9959,10024,normal,fill,threshold_wait5s,time_threshold,7,True
seconds,15.0,0.7911250668332153,1.1326031658104647,0.031054979384155232,9959,10024,normal,fill,threshold_wait5s,time_threshold,7,True
seconds,30.0,0.820936811528273,1.1752827342320706,0.03805019385409242,9959,10024,normal,fill,threshold_wait5s,time_threshold,7,True
seconds,60.0,0.8066714913842097,1.1548599876477152,0.04981578523696941,9959,10024,normal,fill,threshold_wait5s,time_threshold,7,True
seconds,180.0,0.8057127616159213,1.1534874355491367,0.08216381112748136,9959,10024,normal,fill,threshold_wait5s,time_threshold,7,True
seconds,600.0,0.7412090607660874,1.0611416120481163,0.14197770520540456,9959,10024,normal,fill,threshold_wait5s,time_threshold,7,True
z,1.0,0.4446728866826979,0.6354909551336698,0.019332356867272332,10018,10024,normal,fill,threshold_wait5s,time_threshold,7,True
z,1.0833333333333333,0.7727696093132306,1.1043805723895193,0.02186383213413825,10018,10024,normal,fill,threshold_wait5s,time_threshold,7,True
z,1.1666666666666667,0.7835158438449589,1.1197382320336782,0.022384028744430063,10018,10024,normal,fill,threshold_wait5s,time_threshold,7,True
z,1.25,0.7890012697985926,1.127577564457553,0.023025277435354426,10018,10024,normal,fill,threshold_wait5s,time_threshold,7,True
z,1.3333333333333333,0.7912598319331619,1.1308053209750093,0.023935146720350558,10018,10024,normal,fill,threshold_wait5s,time_threshold,7,True
z,1.4166666666666665,0.7902462103192622,1.1293567339645292,0.024801480174167913,10018,10024,normal,fill,threshold_wait5s,time_threshold,7,True
z,1.5,0.7879920435419956,1.1261352589404898,0.025508911965230797,10018,10024,normal,fill,threshold_wait5s,time_threshold,7,True
z,1.5833333333333333,0.789587754710188,1.128415721826269,0.025905569776947752,10018,10024,normal,fill,threshold_wait5s,time_threshold,7,True
z,1.6666666666666665,0.7949434600216131,1.1360696678744806,0.026285708562099188,10018,10024,normal,fill,threshold_wait5s,time_threshold,7,True
z,1.75,0.7940039962096702,1.13472706126849,0.02679374277125447,10018,10024,normal,fill,threshold_wait5s,time_threshold,7,True
z,1.8333333333333333,0.7981430763764045,1.140642303882348,0.027387841529091274,10018,10024,normal,fill,threshold_wait5s,time_threshold,7,True
z,1.9166666666666665,0.7955921867311543,1.1369967762469801,0.027872705435952484,10018,10024,normal,fill,threshold_wait5s,time_threshold,7,True
z,2.0,0.7865932705968283,1.1241362444254137,0.028325392512643384,10018,10024,normal,fill,threshold_wait5s,time_threshold,7,True
z,2.083333333333333,0.7859637021807115,1.123236515554907,0.028757020946101303,10018,10024,normal,fill,threshold_wait5s,time_threshold,7,True
z,2.1666666666666665,0.7919741212009263,1.1318261261165137,0.02915987500300015,10018,10024,normal,fill,threshold_wait5s,time_threshold,7,True
z,2.25,0.7845702510557943,1.121245106560057,0.029641900536926537,10018,10024,normal,fill,threshold_wait5s,time_threshold,7,True
z,2.333333333333333,0.7922906603912545,1.1322784986321837,0.03020518982814381,10018,10024,normal,fill,threshold_wait5s,time_threshold,7,True
z,2.4166666666666665,0.7940399085302644,1.134778384287273,0.03044345830691801,10018,10024,normal,fill,threshold_wait5s,time_threshold,7,True
z,2.5,0.7944263085547819,1.1353305963244766,0.031067435897335783,10018,10024,normal,fill,threshold_wait5s,time_threshold,7,True
z,2.583333333333333,0.7904438580082385,1.1296391962472747,0.03158627224114485,10018,10024,normal,fill,threshold_wait5s,time_threshold,7,True
z,2.6666666666666665,0.7918574993959494,1.1316594595522735,0.031723338432483955,10018,10024,normal,fill,threshold_wait5s,time_threshold,7,True
z,2.75,0.7942441987988087,1.1350703396139181,0.03211232239555551,10018,10024,normal,fill,threshold_wait5s,time_threshold,7,True
z,2.833333333333333,0.796328850407661,1.1380495571054847,0.03225108082363488,10018,10024,normal,fill,threshold_wait5s,time_threshold,7,True
z,2.9166666666666665,0.7956870057960602,1.1371322840774023,0.03272045429984005,10018,10024,normal,fill,threshold_wait5s,time_threshold,7,True
z,3.0,0.8004389696800953,1.1439234111235201,0.033319330845584604,10018,10024,normal,fill,threshold_wait5s,time_threshold,7,True
seconds,0.1,0.7248539367143867,1.056487342379649,0.021527163605807385,10153,10207,normal,fill,threshold_wait5s,time_threshold,23,True
seconds,1.0,0.7815297153927472,1.1390932851225544,0.022617603228088173,10153,10207,normal,fill,threshold_wait5s,time_threshold,23,True
seconds,5.0,0.7976012221089099,1.1625177884032558,0.024993814826388235,10153,10207,normal,fill,threshold_wait5s,time_threshold,23,True
seconds,15.0,0.7937324701733581,1.1568790145155894,0.029950020403911905,10153,10207,normal,fill,threshold_wait5s,time_threshold,23,True
seconds,30.0,0.8238914925137872,1.2008363192184308,0.037286234510858794,10153,10207,normal,fill,threshold_wait5s,time_threshold,23,True
seconds,60.0,0.861369040268562,1.2554605032379345,0.049783466798479246,10153,10207,normal,fill,threshold_wait5s,time_threshold,23,True
seconds,180.0,0.8759030773578628,1.276644117537008,0.08131775110784978,10153,10207,normal,fill,threshold_wait5s,time_threshold,23,True
seconds,600.0,0.9493824510617201,1.3837415951281353,0.1395790753133725,10153,10207,normal,fill,threshold_wait5s,time_threshold,23,True
z,1.0,0.43585299521606324,0.6349516161076615,0.019777625601154,10201,10207,normal,fill,threshold_wait5s,time_threshold,23,True
z,1.0833333333333333,0.7656806179858857,1.1154452330227635,0.022305241602552688,10201,10207,normal,fill,threshold_wait5s,time_threshold,23,True
z,1.1666666666666667,0.7778955908586994,1.1332400327635788,0.022760340969241212,10201,10207,normal,fill,threshold_wait5s,time_threshold,23,True
z,1.25,0.7856359125101368,1.1445161506191803,0.023207436857712,10201,10207,normal,fill,threshold_wait5s,time_threshold,23,True
z,1.3333333333333333,0.7908809336569385,1.1521571091309593,0.023692608173761457,10201,10207,normal,fill,threshold_wait5s,time_threshold,23,True
z,1.4166666666666665,0.792159937492007,1.1540203647721923,0.024223029890671068,10201,10207,normal,fill,threshold_wait5s,time_threshold,23,True
z,1.5,0.7928739404450514,1.1550605258676014,0.02481590564684945,10201,10207,normal,fill,threshold_wait5s,time_threshold,23,True
z,1.5833333333333333,0.7968029412439511,1.1607843029996432,0.025359309333668808,10201,10207,normal,fill,threshold_wait5s,time_threshold,23,True
z,1.6666666666666665,0.7952688448032238,1.1585494278812056,0.025934975729634494,10201,10207,normal,fill,threshold_wait5s,time_threshold,23,True
z,1.75,0.7939530164658788,1.1566325262228765,0.026416089359237237,10201,10207,normal,fill,threshold_wait5s,time_threshold,23,True
z,1.8333333333333333,0.7972551526506121,1.1614430855860503,0.027008642898696877,10201,10207,normal,fill,threshold_wait5s,time_threshold,23,True
z,1.9166666666666665,0.8080027763771024,1.177100247815873,0.027291226375337378,10201,10207,normal,fill,threshold_wait5s,time_threshold,23,True
z,2.0,0.8100573835555643,1.1800934041386468,0.027547036828976402,10201,10207,normal,fill,threshold_wait5s,time_threshold,23,True
z,2.083333333333333,0.8086630520736848,1.178062138924167,0.02792660194857718,10201,10207,normal,fill,threshold_wait5s,time_threshold,23,True
z,2.1666666666666665,0.8080017595702239,1.1770987665293433,0.028216300321194977,10201,10207,normal,fill,threshold_wait5s,time_threshold,23,True
z,2.25,0.8017948387392848,1.1680565104110772,0.028744490838856874,10201,10207,normal,fill,threshold_wait5s,time_threshold,23,True
z,2.333333333333333,0.8029578621449369,1.1697508055039072,0.02903648583502248,10201,10207,normal,fill,threshold_wait5s,time_threshold,23,True
z,2.4166666666666665,0.8021096521496753,1.1685151312898914,0.029459453718458945,10201,10207,normal,fill,threshold_wait5s,time_threshold,23,True
z,2.5,0.8058557715140576,1.1739724863399985,0.029932285380950212,10201,10207,normal,fill,threshold_wait5s,time_threshold,23,True
z,2.583333333333333,0.8063536755743854,1.1746978340862382,0.030360549728805253,10201,10207,normal,fill,threshold_wait5s,time_threshold,23,True
z,2.6666666666666665,0.8026340770721813,1.1692791146873376,0.030913025011186774,10201,10207,normal,fill,threshold_wait5s,time_threshold,23,True
z,2.75,0.8049297375302091,1.1726234379657325,0.03139371647002732,10201,10207,normal,fill,threshold_wait5s,time_threshold,23,True
z,2.833333333333333,0.8024189572052854,1.1689657275851688,0.031966369711756315,10201,10207,normal,fill,threshold_wait5s,time_threshold,23,True
z,2.9166666666666665,0.8074657950467663,1.1763179722154782,0.032446880989419336,10201,10207,normal,fill,threshold_wait5s,time_threshold,23,True
z,3.0,0.8123841990751622,1.1834831141802644,0.033162513098181017,10201,10207,normal,fill,threshold_wait5s,time_threshold,23,True
seconds,0.1,0.7779542112881107,1.0532485441821409,0.02108268022956432,10171,10234,normal,fill,threshold_wait5s,time_threshold,71,True
seconds,1.0,0.8347079768831341,1.130085741182255,0.02236513850687316,10171,10234,normal,fill,threshold_wait5s,time_threshold,71,True
seconds,5.0,0.8534428006106235,1.1554502491830727,0.02504191132576827,10171,10234,normal,fill,threshold_wait5s,time_threshold,71,True
seconds,15.0,0.8256297126026877,1.1177949553000768,0.030072926783776044,10171,10234,normal,fill,threshold_wait5s,time_threshold,71,True
seconds,30.0,0.8404655417002852,1.137880733064435,0.03739610092476765,10171,10234,normal,fill,threshold_wait5s,time_threshold,71,True
seconds,60.0,0.9260480102004325,1.2537482340656108,0.048906860640760025,10171,10234,normal,fill,threshold_wait5s,time_threshold,71,True
seconds,180.0,0.974799114736473,1.3197508716692266,0.08036342572644621,10171,10234,normal,fill,threshold_wait5s,time_threshold,71,True
seconds,600.0,0.8513858118161595,1.1526653546202155,0.1386392992100499,10171,10234,normal,fill,threshold_wait5s,time_threshold,71,True
z,1.0,0.48371218635513963,0.6548905661593547,0.019273574584722685,10229,10234,normal,fill,threshold_wait5s,time_threshold,71,True
z,1.0833333333333333,0.8191615691752953,1.109050379432299,0.021995460503128724,10229,10234,normal,fill,threshold_wait5s,time_threshold,71,True
z,1.1666666666666667,0.8371474751228275,1.1334012237176656,0.022923139163900916,10229,10234,normal,fill,threshold_wait5s,time_threshold,71,True
z,1.25,0.8439389318767966,1.1425960736389948,0.023404429019227974,10229,10234,normal,fill,threshold_wait5s,time_threshold,71,True
z,1.3333333333333333,0.8401198570157348,1.1374254863176132,0.023883298033574186,10229,10234,normal,fill,threshold_wait5s,time_threshold,71,True
z,1.4166666666666665,0.8388515521740799,1.1357083476983183,0.02448351904931139,10229,10234,normal,fill,threshold_wait5s,time_threshold,71,True
z,1.5,0.8354364288630084,1.1310846642316181,0.024870711139945174,10229,10234,normal,fill,threshold_wait5s,time_threshold,71,True
z,1.5833333333333333,0.839749066175672,1.1369234782433384,0.025244011827076186,10229,10234,normal,fill,threshold_wait5s,time_threshold,71,True
z,1.6666666666666665,0.8413817295187473,1.1391339162915317,0.025807585859759664,10229,10234,normal,fill,threshold_wait5s,time_threshold,71,True
z,1.75,0.8401540213376353,1.1374717408729935,0.026217427008990185,10229,10234,normal,fill,threshold_wait5s,time_threshold,71,True
z,1.8333333333333333,0.8439953563870236,1.1426724659245113,0.026739588570139243,10229,10234,normal,fill,threshold_wait5s,time_threshold,71,True
z,1.9166666666666665,0.8466161307102372,1.146220692387934,0.027345975143929505,10229,10234,normal,fill,threshold_wait5s,time_threshold,71,True
z,2.0,0.8455896117929408,1.1448309040512226,0.027642523666474055,10229,10234,normal,fill,threshold_wait5s,time_threshold,71,True
z,2.083333333333333,0.8506050770117729,1.1516212660668323,0.02798822212730675,10229,10234,normal,fill,threshold_wait5s,time_threshold,71,True
z,2.1666666666666665,0.8506232745773821,1.1516459034739117,0.028353696002214598,10229,10234,normal,fill,threshold_wait5s,time_threshold,71,True
z,2.25,0.8428427864399131,1.1411120190172521,0.02876393858902219,10229,10234,normal,fill,threshold_wait5s,time_threshold,71,True
z,2.333333333333333,0.8441027662835364,1.1428178865484333,0.029051089705870194,10229,10234,normal,fill,threshold_wait5s,time_threshold,71,True
z,2.4166666666666665,0.8432566188087501,1.1416723003621672,0.02958771391767513,10229,10234,normal,fill,threshold_wait5s,time_threshold,71,True
z,2.5,0.8448409104691104,1.1438172487254343,0.03008794789368123,10229,10234,normal,fill,threshold_wait5s,time_threshold,71,True
z,2.583333333333333,0.850615743334331,1.1516357070385836,0.03048252966900835,10229,10234,normal,fill,threshold_wait5s,time_threshold,71,True
z,2.6666666666666665,0.8533494823002502,1.1553368746122454,0.030832975775219137,10229,10234,normal,fill,threshold_wait5s,time_threshold,71,True
z,2.75,0.8537657324809187,1.1559004293957955,0.03114198126784395,10229,10234,normal,fill,threshold_wait5s,time_threshold,71,True
z,2.833333333333333,0.8548559290544371,1.1573764299419804,0.03164362760276622,10229,10234,normal,fill,threshold_wait5s,time_threshold,71,True
z,2.9166666666666665,0.8523197250421463,1.153942701935208,0.03197792470580985,10229,10234,normal,fill,threshold_wait5s,time_threshold,71,True
z,3.0,0.851426588905358,1.152733498514707,0.03224926813107444,10229,10234,normal,fill,threshold_wait5s,time_threshold,71,True
seconds,0.1,1.9633424714989958,1.0399718156477464,0.01875402462175777,42689,43003,stress,aggressive,random_n6,random_traders,7,True
seconds,1.0,2.0557688357778114,1.0889295574926385,0.019674060166995456,42689,43003,stress,aggressive,random_n6,random_traders,7,True
seconds,5.0,2.0176830097753844,1.0687557028579207,0.021080985399398875,42689,43003,stress,aggressive,random_n6,random_traders,7,True
seconds,15.0,1.8243951267610858,0.9663721637866058,0.02337742383547505,42689,43003,stress,aggressive,random_n6,random_traders,7,True
seconds,30.0,1.6322244862478825,0.8645804219841067,0.026491787349402954,42689,43003,stress,aggressive,random_n6,random_traders,7,True
seconds,60.0,1.5237939226169732,0.8071453428942877,0.03191066540437717,42689,43003,stress,aggressive,random_n6,random_traders,7,True
seconds,180.0,1.3834515869971862,0.7328067719595277,0.04733168069572506,42689,43003,stress,aggressive,random_n6,random_traders,7,True
seconds,600.0,1.3512982297434026,0.7157753137153336,0.07972440418615855,42689,43003,stress,aggressive,random_n6,random_traders,7,True
z,1.0,1.6232496977684954,0.8598352067310926,0.018010709599595907,42934,43003,stress,aggressive,random_n6,random_traders,7,True
z,1.0833333333333333,2.0002504692288436,1.0595324786369587,0.019841611945054974,42934,43003,stress,aggressive,random_n6,random_traders,7,True
z,1.1666666666666667,1.9659035254379256,1.0413389058578326,0.020587737847895214,42934,43003,stress,aggressive,random_n6,random_traders,7,True
z,1.25,1.9232798820578247,1.0187611661128362,0.021118467374299402,42934,43003,stress,aggressive,random_n6,random_traders,7,True
z,1.3333333333333333,1.8867515557705128,0.9994121152379343,0.021744459960900093,42934,43003,stress,aggressive,random_n6,random_traders,7,True
z,1.4166666666666665,1.8457487819857188,0.9776929499596267,0.022382059073095074,42934,43003,stress,aggressive,random_n6,random_traders,7,True
z,1.5,1.8212333612150584,0.9647071339663028,0.022982012443299542,42934,43003,stress,aggressive,random_n6,random_traders,7,True
z,1.5833333333333333,1.7959445913741787,0.9513116750458422,0.023575403913997855,42934,43003,stress,aggressive,random_n6,random_traders,7,True
z,1.6666666666666665,1.7691272848453456,0.9371065503907204,0.024101969541246167,42934,43003,stress,aggressive,random_n6,random_traders,7,True
z,1.75,1.7553877939442735,0.9298287433992615,0.024758546662160538,42934,43003,stress,aggressive,random_n6,random_traders,7,True
z,1.8333333333333333,1.7354161313453635,0.919249755666749,0.02532455243874886,42934,43003,stress,aggressive,random_n6,random_traders,7,True
z,1.9166666666666665,1.7219516408501654,0.9121176163634842,0.025887767712802386,42934,43003,stress,aggressive,random_n6,random_traders,7,True
z,2.0,1.7065067001195016,0.9039364327634772,0.026419713857277167,42934,43003,stress,aggressive,random_n6,random_traders,7,True
z,2.083333333333333,1.6942807123302737,0.8974603282228795,0.02695274038706126,42934,43003,stress,aggressive,random_n6,random_traders,7,True
z,2.1666666666666665,1.6816623912260775,0.8907764047635737,0.027383408495526056,42934,43003,stress,aggressive,random_n6,random_traders,7,True
z,2.25,1.6660785345506992,0.882521637401188,0.027815742974759448,42934,43003,stress,aggressive,random_n6,random_traders,7,True
z,2.333333333333333,1.652921978556357,0.8755526109730201,0.02825736102964744,42934,43003,stress,aggressive,random_n6,random_traders,7,True
z,2.4166666666666665,1.6471245845074263,0.872481731910226,0.028767583444534162,42934,43003,stress,aggressive,random_n6,random_traders,7,True
z,2.5,1.642759688571861,0.8701696469584925,0.029275561689442234,42934,43003,stress,aggressive,random_n6,random_traders,7,True
z,2.583333333333333,1.626868794664485,0.861752242004237,0.029702903811369787,42934,43003,stress,aggressive,random_n6,random_traders,7,True
z,2.6666666666666665,1.6140215981730097,0.8549470832745921,0.030225291692329553,42934,43003,stress,aggressive,random_n6,random_traders,7,True
z,2.75,1.608089526992208,0.8518048657481696,0.030661259030415142,42934,43003,stress,aggressive,random_n6,random_traders,7,True
z,2.833333333333333,1.5970551142007592,0.8459599383677828,0.03106909774958411,42934,43003,stress,aggressive,random_n6,random_traders,7,True
z,2.9166666666666665,1.5969291365601568,0.8458932080238316,0.03148502149766523,42934,43003,stress,aggressive,random_n6,random_traders,7,True
z,3.0,1.5960759658895465,0.8454412836027462,0.031879054331246943,42934,43003,stress,aggressive,random_n6,random_traders,7,True
seconds,0.1,1.9440169012633208,1.0419982745907825,0.018698430884045106,42738,43047,stress,aggressive,random_n6,random_traders,23,True
seconds,1.0,2.037210100355614,1.0919500793280044,0.019622318844839927,42738,43047,stress,aggressive,random_n6,random_traders,23,True
seconds,5.0,2.000686044045856,1.0723730871572612,0.02110261334230224,42738,43047,stress,aggressive,random_n6,random_traders,23,True
seconds,15.0,1.8085275089020891,0.9693755967868954,0.023519689593248693,42738,43047,stress,aggressive,random_n6,random_traders,23,True
seconds,30.0,1.6279368056938452,0.8725784953687749,0.02658305555400993,42738,43047,stress,aggressive,random_n6,random_traders,23,True
seconds,60.0,1.4842490058556472,0.795561449162103,0.031982917956639045,42738,43047,stress,aggressive,random_n6,random_traders,23,True
seconds,180.0,1.3552788888081115,0.7264331204166213,0.047680612960639385,42738,43047,stress,aggressive,random_n6,random_traders,23,True
seconds,600.0,1.3342205071994873,0.7151457713778341,0.07975522316880562,42738,43047,stress,aggressive,random_n6,random_traders,23,True
z,1.0,1.602043298558105,0.8582492843535272,0.017928868183697245,42987,43047,stress,aggressive,random_n6,random_traders,23,True
z,1.0833333333333333,1.9884025293277228,1.0652302901789308,0.019826975053354744,42987,43047,stress,aggressive,random_n6,random_traders,23,True
z,1.1666666666666667,1.9523238302411057,1.0459021498600238,0.020444876254154906,42987,43047,stress,aggressive,random_n6,random_traders,23,True
z,1.25,1.906636467384831,1.021426440301681,0.02110057114908385,42987,43047,stress,aggressive,random_n6,random_traders,23,True
z,1.3333333333333333,1.863747534794531,0.9984499104317073,0.021710148541664774,42987,43047,stress,aggressive,random_n6,random_traders,23,True
z,1.4166666666666665,1.8284599311864005,0.9795455770903506,0.022275949790611548,42987,43047,stress,aggressive,random_n6,random_traders,23,True
z,1.5,1.7975277307948856,0.9629745275604215,0.02291931324605109,42987,43047,stress,aggressive,random_n6,random_traders,23,True
z,1.5833333333333333,1.7738193489584488,0.950273434049019,0.023538134299243854,42987,43047,stress,aggressive,random_n6,random_traders,23,True
z,1.6666666666666665,1.753798892647559,0.9395480420969307,0.02414842506312868,42987,43047,stress,aggressive,random_n6,random_traders,23,True
z,1.75,1.7297986928852072,0.9266906154038324,0.02470041261608644,42987,43047,stress,aggressive,random_n6,random_traders,23,True
z,1.8333333333333333,1.710400781311443,0.9162987341474893,0.02528598897141501,42987,43047,stress,aggressive,random_n6,random_traders,23,True
z,1.9166666666666665,1.6930438584065926,0.9070002547149579,0.025933139174332553,42987,43047,stress,aggressive,random_n6,random_traders,23,True
z,2.0,1.6800207236345088,0.900023479425401,0.026432476446980598,42987,43047,stress,aggressive,random_n6,random_traders,23,True
z,2.083333333333333,1.6668839091112757,0.8929858034316264,0.026931007814551804,42987,43047,stress,aggressive,random_n6,random_traders,23,True
z,2.1666666666666665,1.6533861493696462,0.8857547612687486,0.027532663401085195,42987,43047,stress,aggressive,random_n6,random_traders,23,True
z,2.25,1.6422491019351089,0.8797884038056852,0.028107748117897454,42987,43047,stress,aggressive,random_n6,random_traders,23,True
z,2.333333333333333,1.6358092682768821,0.8763384454721599,0.02857831293152232,42987,43047,stress,aggressive,random_n6,random_traders,23,True
z,2.4166666666666665,1.6255283510862035,0.8708307355186653,0.029041884388460094,42987,43047,stress,aggressive,random_n6,random_traders,23,True
z,2.5,1.6206258933696904,0.8682043827661787,0.029427614797954072,42987,43047,stress,aggressive,random_n6,random_traders,23,True
z,2.583333333333333,1.6068155782617954,0.8608058979257781,0.029879944997255183,42987,43047,stress,aggressive,random_n6,random_traders,23,True
z,2.6666666666666665,1.601935724217028,0.8581916544496868,0.030231380306497288,42987,43047,stress,aggressive,random_n6,random_traders,23,True
z,2.75,1.5884236408091328,0.8509529387886378,0.030607139153846098,42987,43047,stress,aggressive,random_n6,random_traders,23,True
z,2.833333333333333,1.5889695039000413,0.8512453694661037,0.03113209123552115,42987,43047,stress,aggressive,random_n6,random_traders,23,True
z,2.9166666666666665,1.5807531665452954,0.8468436996354165,0.03157444733559604,42987,43047,stress,aggressive,random_n6,random_traders,23,True
z,3.0,1.5781942366226334,0.8454728254669017,0.03201897760800349,42987,43047,stress,aggressive,random_n6,random_traders,23,True
seconds,0.1,1.949432100116301,1.0401163632672306,0.01866748440109651,42841,43140,stress,aggressive,random_n6,random_traders,71,True
seconds,1.0,2.0470365950126386,1.0921930846180572,0.019559956982563534,42841,43140,stress,aggressive,random_n6,random_traders,71,True
seconds,5.0,2.0119507872144817,1.0734731082684656,0.021025302344736433,42841,43140,stress,aggressive,random_n6,random_traders,71,True
seconds,15.0,1.820744783222716,0.9714554522060102,0.0233757308377314,42841,43140,stress,aggressive,random_n6,random_traders,71,True
seconds,30.0,1.6401334069556326,0.87509054273499,0.02655994837616455,42841,43140,stress,aggressive,random_n6,random_traders,71,True
seconds,60.0,1.5237959773035854,0.8130188941588095,0.03183343572018257,42841,43140,stress,aggressive,random_n6,random_traders,71,True
seconds,180.0,1.4020463373922287,0.7480595694990071,0.04710991285346503,42841,43140,stress,aggressive,random_n6,random_traders,71,True
seconds,600.0,1.3985642795734652,0.7462017231472811,0.07951956549275387,42841,43140,stress,aggressive,random_n6,random_traders,71,True
z,1.0,1.6049479091315892,0.8554983422982824,0.01789743438017948,43068,43140,stress,aggressive,random_n6,random_traders,71,True
z,1.0833333333333333,1.9899124133400985,1.0606990801666274,0.01968222865251887,43068,43140,stress,aggressive,random_n6,random_traders,71,True
z,1.1666666666666667,1.9546032773476498,1.0418779663238307,0.02045353134093402,43068,43140,stress,aggressive,random_n6,random_traders,71,True
z,1.25,1.9106276314741315,1.0184372727460262,0.02115053871209845,43068,43140,stress,aggressive,random_n6,random_traders,71,True
z,1.3333333333333333,1.8719779348670296,0.99783551290723,0.02176932776444713,43068,43140,stress,aggressive,random_n6,random_traders,71,True
z,1.4166666666666665,1.839136884149622,0.9803299824858235,0.02250586524804644,43068,43140,stress,aggressive,random_n6,random_traders,71,True
z,1.5,1.8126955825185893,0.9662357619912798,0.02309754563302468,43068,43140,stress,aggressive,random_n6,random_traders,71,True
z,1.5833333333333333,1.7869097246080858,0.9524909179551199,0.02365833832432164,43068,43140,stress,aggressive,random_n6,random_traders,71,True
z,1.6666666666666665,1.7644091829218542,0.9404972725515129,0.024199233907452256,43068,43140,stress,aggressive,random_n6,random_traders,71,True
z,1.75,1.7437213361638484,0.9294698625611344,0.024601823596758013,43068,43140,stress,aggressive,random_n6,random_traders,71,True
z,1.8333333333333333,1.7293505143407466,0.9218096673752484,0.025145418489171012,43068,43140,stress,aggressive,random_n6,random_traders,71,True
z,1.9166666666666665,1.7111002108550581,0.9120815607559533,0.025721718555615825,43068,43140,stress,aggressive,random_n6,random_traders,71,True
z,2.0,1.694627773562976,0.903301124508266,0.026181775720408664,43068,43140,stress,aggressive,random_n6,random_traders,71,True
z,2.083333333333333,1.684107181971012,0.8976932486291092,0.02672902813846871,43068,43140,stress,aggressive,random_n6,random_traders,71,True
z,2.1666666666666665,1.6659844545659281,0.8880331449181034,0.027213394211247414,43068,43140,stress,aggressive,random_n6,random_traders,71,True
z,2.25,1.655176521220477,0.8822721049440978,0.02775306508869427,43068,43140,stress,aggressive,random_n6,random_traders,71,True
z,2.333333333333333,1.6435499660744586,0.8760747083822118,0.028189548836229976,43068,43140,stress,aggressive,random_n6,random_traders,71,True
z,2.4166666666666665,1.6312018019594556,0.8694926667653421,0.028716638739662858,43068,43140,stress,aggressive,random_n6,random_traders,71,True
z,2.5,1.6244311662383089,0.8658836601410207,0.029186858436182975,43068,43140,stress,aggressive,random_n6,random_traders,71,True
z,2.583333333333333,1.612480563969939,0.8595135341251625,0.0296202502420199,43068,43140,stress,aggressive,random_n6,random_traders,71,True
z,2.6666666666666665,1.6037167371608294,0.8548420807622684,0.030059264014127368,43068,43140,stress,aggressive,random_n6,random_traders,71,True
z,2.75,1.5940453602379792,0.849686868634719,0.030565876141751908,43068,43140,stress,aggressive,random_n6,random_traders,71,True
z,2.833333333333333,1.5895800992533096,0.8473067145196979,0.031070309637639064,43068,43140,stress,aggressive,random_n6,random_traders,71,True
z,2.9166666666666665,1.5903890368880773,0.8477379090784926,0.03165548117837822,43068,43140,stress,aggressive,random_n6,random_traders,71,True
z,3.0,1.5907422527548702,0.8479261865838219,0.03215500935813214,43068,43140,stress,aggressive,random_n6,random_traders,71,True
seconds,0.1,2.507784458662513,1.0397603421020427,0.032059145109093,44613,44963,stress,aggressive,random_n20,random_traders,7,False
seconds,1.0,2.649880150311867,1.0986750803484693,0.03296307533328133,44613,44963,stress,aggressive,random_n20,random_traders,7,False
seconds,5.0,2.7021014289352143,1.1203267076798615,0.033983212281261006,44613,44963,stress,aggressive,random_n20,random_traders,7,False
seconds,15.0,2.5863227794440795,1.0723233604275946,0.03524664110899487,44613,44963,stress,aggressive,random_n20,random_traders,7,False
seconds,30.0,2.4074240603033665,0.9981496040775089,0.03718472626459552,44613,44963,stress,aggressive,random_n20,random_traders,7,False
seconds,60.0,2.1939283682835344,0.9096314888124334,0.04096484785070592,44613,44963,stress,aggressive,random_n20,random_traders,7,False
seconds,180.0,1.8484859401745921,0.7664065254442994,0.05384253977840803,44613,44963,stress,aggressive,random_n20,random_traders,7,False
seconds,600.0,1.7258643806662124,0.7155660179106028,0.08371728363659149,44613,44963,stress,aggressive,random_n20,random_traders,7,False
z,1.0,2.153736445112998,0.894015118986452,0.031433193148930075,44732,44963,stress,aggressive,random_n20,random_traders,7,False
z,1.0833333333333333,2.6019100388795517,1.080051794767722,0.03398833217984378,44732,44963,stress,aggressive,random_n20,random_traders,7,False
z,1.1666666666666667,2.537039946050465,1.053124245721109,0.035094875358546246,44732,44963,stress,aggressive,random_n20,random_traders,7,False
z,1.25,2.4602609327225116,1.0212533086378803,0.03631157288185745,44732,44963,stress,aggressive,random_n20,random_traders,7,False
z,1.3333333333333333,2.4019118274628064,0.99703261886877,0.03749701256450989,44732,44963,stress,aggressive,random_n20,random_traders,7,False
z,1.4166666666666665,2.347747147168452,0.9745488821942581,0.03841138039429887,44732,44963,stress,aggressive,random_n20,random_traders,7,False
z,1.5,2.2984764739603465,0.9540966458630035,0.03924673588764745,44732,44963,stress,aggressive,random_n20,random_traders,7,False
z,1.5833333333333333,2.263615851758167,0.9396260158206223,0.04020804976688319,44732,44963,stress,aggressive,random_n20,random_traders,7,False
z,1.6666666666666665,2.2390131434304386,0.929413441639175,0.04120931426524123,44732,44963,stress,aggressive,random_n20,random_traders,7,False
z,1.75,2.206282152696855,0.9158268207498703,0.04214161061418847,44732,44963,stress,aggressive,random_n20,random_traders,7,False
z,1.8333333333333333,2.179357669118859,0.9046504786100279,0.04319508488652773,44732,44963,stress,aggressive,random_n20,random_traders,7,False
z,1.9166666666666665,2.162073353629089,0.8974757663074855,0.044139606733128396,44732,44963,stress,aggressive,random_n20,random_traders,7,False
z,2.0,2.1589086062071594,0.8961620809448226,0.045158484188726984,44732,44963,stress,aggressive,random_n20,random_traders,7,False
z,2.083333333333333,2.1562519250597396,0.8950592936852632,0.04627888567598611,44732,44963,stress,aggressive,random_n20,random_traders,7,False
z,2.1666666666666665,2.148182268510927,0.8917095825467269,0.04703832762087001,44732,44963,stress,aggressive,random_n20,random_traders,7,False
z,2.25,2.1355780330795424,0.8864775695655233,0.04779564647513423,44732,44963,stress,aggressive,random_n20,random_traders,7,False
z,2.333333333333333,2.1113601565928732,0.8764247389241712,0.04891849715051944,44732,44963,stress,aggressive,random_n20,random_traders,7,False
z,2.4166666666666665,2.104380951540711,0.8735276737566584,0.049834334752401475,44732,44963,stress,aggressive,random_n20,random_traders,7,False
z,2.5,2.0950819821224202,0.8696676753479355,0.05053973072982131,44732,44963,stress,aggressive,random_n20,random_traders,7,False
z,2.583333333333333,2.0790904559799883,0.8630295993756216,0.05146466181436697,44732,44963,stress,aggressive,random_n20,random_traders,7,False
z,2.6666666666666665,2.067649598109667,0.8582805039450032,0.052317997109559485,44732,44963,stress,aggressive,random_n20,random_traders,7,False
z,2.75,2.0425079256489567,0.8478442059720166,0.05316322120009181,44732,44963,stress,aggressive,random_n20,random_traders,7,False
z,2.833333333333333,2.030618525725287,0.8429089209181949,0.054039678816499945,44732,44963,stress,aggressive,random_n20,random_traders,7,False
z,2.9166666666666665,2.014105812975616,0.8360545005980189,0.05474412921753916,44732,44963,stress,aggressive,random_n20,random_traders,7,False
z,3.0,2.0052917514677673,0.8323957872649306,0.05555004857970713,44732,44963,stress,aggressive,random_n20,random_traders,7,False
seconds,0.1,2.5031117071150573,1.0416436375620066,0.03198260079657614,44716,45061,stress,aggressive,random_n20,random_traders,23,False
seconds,1.0,2.6517163926455627,1.103483916106011,0.03287020741131813,44716,45061,stress,aggressive,random_n20,random_traders,23,False
seconds,5.0,2.7036105646708477,1.125079130559699,0.03402984767077086,44716,45061,stress,aggressive,random_n20,random_traders,23,False
seconds,15.0,2.6152848283526313,1.0883233033997166,0.03528377722335181,44716,45061,stress,aggressive,random_n20,random_traders,23,False
seconds,30.0,2.436841922051366,1.0140661627821235,0.037357683016300804,44716,45061,stress,aggressive,random_n20,random_traders,23,False
seconds,60.0,2.191819947419256,0.9121028424025568,0.04095719943626806,44716,45061,stress,aggressive,random_n20,random_traders,23,False
seconds,180.0,1.8042753544788983,0.7508302318512907,0.05388252027207757,44716,45061,stress,aggressive,random_n20,random_traders,23,False
seconds,600.0,1.7387267375707829,0.7235528636222789,0.08384359312178295,44716,45061,stress,aggressive,random_n20,random_traders,23,False
z,1.0,2.142182204630392,0.8936415866092485,0.03131571288494716,44830,45061,stress,aggressive,random_n20,random_traders,23,False
z,1.0833333333333333,2.628585618852187,1.0965516462100457,0.03401171593512995,44830,45061,stress,aggressive,random_n20,random_traders,23,False
z,1.1666666666666667,2.5599410171865045,1.067915580327282,0.035107798731745465,44830,45061,stress,aggressive,random_n20,random_traders,23,False
z,1.25,2.4728490737318185,1.0315839450623177,0.03619244610128689,44830,45061,stress,aggressive,random_n20,random_traders,23,False
z,1.3333333333333333,2.4114484275597587,1.005969797607713,0.03729114377062701,44830,45061,stress,aggressive,random_n20,random_traders,23,False
z,1.4166666666666665,2.358019878961371,0.9836813233423176,0.03830472625259864,44830,45061,stress,aggressive,random_n20,random_traders,23,False
z,1.5,2.321255086450552,0.9683443704726169,0.039276892974253824,44830,45061,stress,aggressive,random_n20,random_traders,23,False
z,1.5833333333333333,2.2883227843109144,0.9546061951338676,0.04028957480503775,44830,45061,stress,aggressive,random_n20,random_traders,23,False
z,1.6666666666666665,2.247323817060394,0.9375028964210408,0.041318041471201064,44830,45061,stress,aggressive,random_n20,random_traders,23,False
z,1.75,2.232277181278778,0.9312259796191225,0.042283370917679336,44830,45061,stress,aggressive,random_n20,random_traders,23,False
z,1.8333333333333333,2.2075969511867153,0.9209302727788363,0.043319879730216164,44830,45061,stress,aggressive,random_n20,random_traders,23,False
z,1.9166666666666665,2.1802215098980766,0.9095102204908339,0.04438413086001647,44830,45061,stress,aggressive,random_n20,random_traders,23,False
z,2.0,2.1631922254064277,0.9024062137545987,0.04529379878146446,44830,45061,stress,aggressive,random_n20,random_traders,23,False
z,2.083333333333333,2.140197958124133,0.8928138301316508,0.04617612469749607,44830,45061,stress,aggressive,random_n20,random_traders,23,False
z,2.1666666666666665,2.1193413145741484,0.8841131864641494,0.04701008971755116,44830,45061,stress,aggressive,random_n20,random_traders,23,False
z,2.25,2.094435257871949,0.8737232728613643,0.04776422708806189,44830,45061,stress,aggressive,random_n20,random_traders,23,False
z,2.333333333333333,2.0819094655361714,0.8684979615352376,0.048595305302273774,44830,45061,stress,aggressive,random_n20,random_traders,23,False
z,2.4166666666666665,2.0656285837821358,0.8617061615797412,0.04948994568492241,44830,45061,stress,aggressive,random_n20,random_traders,23,False
z,2.5,2.0527039191425245,0.8563144550339726,0.0502990405002355,44830,45061,stress,aggressive,random_n20,random_traders,23,False
z,2.583333333333333,2.0453331394895287,0.8532396301150592,0.05117101628152587,44830,45061,stress,aggressive,random_n20,random_traders,23,False
z,2.6666666666666665,2.0521689541860857,0.856091286840614,0.052050421219075355,44830,45061,stress,aggressive,random_n20,random_traders,23,False
z,2.75,2.038920506355815,0.850564509560156,0.052788410206700456,44830,45061,stress,aggressive,random_n20,random_traders,23,False
z,2.833333333333333,2.0173783133068826,0.8415778792288614,0.053634342226597596,44830,45061,stress,aggressive,random_n20,random_traders,23,False
z,2.9166666666666665,2.0075587034006506,0.8374814901553638,0.05463248044251796,44830,45061,stress,aggressive,random_n20,random_traders,23,False
z,3.0,2.002448570905064,0.8353497261526246,0.05542609300058338,44830,45061,stress,aggressive,random_n20,random_traders,23,False
seconds,0.1,2.520914654725362,1.0402671973175421,0.031826668411350865,44855,45208,stress,aggressive,random_n20,random_traders,71,False
seconds,1.0,2.6644796004668763,1.0995099421917593,0.03274473623293994,44855,45208,stress,aggressive,random_n20,random_traders,71,False
seconds,5.0,2.713619687135186,1.1197878282909826,0.033820612607221266,44855,45208,stress,aggressive,random_n20,random_traders,71,False
seconds,15.0,2.6177457817285483,1.0802250137838347,0.03510457929661185,44855,45208,stress,aggressive,random_n20,random_traders,71,False
seconds,30.0,2.4271454156204517,1.0015728831822266,0.037174164542877954,44855,45208,stress,aggressive,random_n20,random_traders,71,False
seconds,60.0,2.1898821464706253,0.903665087865857,0.04099315514793516,44855,45208,stress,aggressive,random_n20,random_traders,71,False
seconds,180.0,1.8393850693547522,0.7590308332329718,0.05353198495045225,44855,45208,stress,aggressive,random_n20,random_traders,71,False
seconds,600.0,1.7663161827854197,0.7288786161794858,0.08345691367280339,44855,45208,stress,aggressive,random_n20,random_traders,71,False
z,1.0,2.167921067987302,0.8960373028667543,0.031206477994923373,44963,45208,stress,aggressive,random_n20,random_traders,71,False
z,1.0833333333333333,2.6148969358868026,1.0807797536106025,0.0337976180077521,44963,45208,stress,aggressive,random_n20,random_traders,71,False
z,1.1666666666666667,2.5403972127362846,1.049987797214291,0.03499525879976094,44963,45208,stress,aggressive,random_n20,random_traders,71,False
z,1.25,2.478328981747699,1.0243339802419063,0.03614941744707942,44963,45208,stress,aggressive,random_n20,random_traders,71,False
z,1.3333333333333333,2.421192351400672,1.0007184746282376,0.037293269374607925,44963,45208,stress,aggressive,random_n20,random_traders,71,False
z,1.4166666666666665,2.361294528191484,0.975961722757295,0.038292854329488785,44963,45208,stress,aggressive,random_n20,random_traders,71,False
z,1.5,2.317036872440169,0.9576693083902762,0.03928675002299527,44963,45208,stress,aggressive,random_n20,random_traders,71,False
z,1.5833333333333333,2.2691094112289463,0.9378601032900071,0.040108003901217146,44963,45208,stress,aggressive,random_n20,random_traders,71,False
z,1.6666666666666665,2.2343990045399895,0.9235137234101087,0.0409943863263797,44963,45208,stress,aggressive,random_n20,random_traders,71,False
z,1.75,2.2009116353422455,0.9096728449671,0.04186805257834281,44963,45208,stress,aggressive,random_n20,random_traders,71,False
z,1.8333333333333333,2.1617838229400532,0.8935006789184134,0.04269162128940756,44963,45208,stress,aggressive,random_n20,random_traders,71,False
z,1.9166666666666665,2.1226988260721686,0.8773462092316693,0.04359789568077657,44963,45208,stress,aggressive,random_n20,random_traders,71,False
z,2.0,2.097538801105351,0.8669471586185131,0.04438417140973543,44963,45208,stress,aggressive,random_n20,random_traders,71,False
z,2.083333333333333,2.071986176249649,0.8563858400377928,0.045388884823032404,44963,45208,stress,aggressive,random_n20,random_traders,71,False
z,2.1666666666666665,2.0495924367888705,0.847130140555078,0.04634953924296608,44963,45208,stress,aggressive,random_n20,random_traders,71,False
z,2.25,2.0301844795737534,0.8391085138021575,0.04701160712348917,44963,45208,stress,aggressive,random_n20,random_traders,71,False
z,2.333333333333333,2.0149120501736477,0.8327961684635892,0.04794133942901456,44963,45208,stress,aggressive,random_n20,random_traders,71,False
z,2.4166666666666665,2.0114104473092196,0.8313488986193667,0.048773373710691445,44963,45208,stress,aggressive,random_n20,random_traders,71,False
z,2.5,2.0045705345853513,0.8285218506057465,0.04975849619213444,44963,45208,stress,aggressive,random_n20,random_traders,71,False
z,2.583333333333333,2.0030763263754054,0.8279042698671616,0.05054763077881806,44963,45208,stress,aggressive,random_n20,random_traders,71,False
z,2.6666666666666665,2.0028895852315656,0.8278270866923074,0.051360340698098673,44963,45208,stress,aggressive,random_n20,random_traders,71,False
z,2.75,1.9922083671681257,0.8234123642348234,0.05229914988014877,44963,45208,stress,aggressive,random_n20,random_traders,71,False
z,2.833333333333333,1.9776703115698513,0.8174035476226491,0.053143486979866296,44963,45208,stress,aggressive,random_n20,random_traders,71,False
z,2.9166666666666665,1.971403622699217,0.8148134224209225,0.05417760792043632,44963,45208,stress,aggressive,random_n20,random_traders,71,False
z,3.0,1.960102743437566,0.8101425838359025,0.055143307894146315,44963,45208,stress,aggressive,random_n20,random_traders,71,False
seconds,0.1,0.8147832941983846,1.0641610422152312,0.023690043261263602,9918,9981,stress,aggressive,threshold_wait5s,time_threshold,7,True
seconds,1.0,0.8891340295099915,1.1612680356232281,0.024906689794730246,9918,9981,stress,aggressive,threshold_wait5s,time_threshold,7,True
seconds,5.0,0.8999870151604442,1.175442754966603,0.028244437043692554,9918,9981,stress,aggressive,threshold_wait5s,time_threshold,7,True
seconds,15.0,0.8676944777788403,1.1332665585712278,0.034958109084026766,9918,9981,stress,aggressive,threshold_wait5s,time_threshold,7,True
seconds,30.0,0.8700364102502668,1.1363252777636026,0.04365089120801194,9918,9981,stress,aggressive,threshold_wait5s,time_threshold,7,True
seconds,60.0,0.8867561534558331,1.1581623717269875,0.05690520886833151,9918,9981,stress,aggressive,threshold_wait5s,time_threshold,7,True
seconds,180.0,0.8449814771554964,1.1036018727740644,0.08889677703930594,9918,9981,stress,aggressive,threshold_wait5s,time_threshold,7,True
seconds,600.0,0.6913850122865307,0.9029946986955341,0.1592621104227455,9918,9981,stress,aggressive,threshold_wait5s,time_threshold,7,True
z,1.0,0.5083869433810076,0.6621340459960906,0.022045585552935457,9979,9981,stress,aggressive,threshold_wait5s,time_threshold,7,True
z,1.0833333333333333,0.8618491640323025,1.1224908142288368,0.02446008550746402,9979,9981,stress,aggressive,threshold_wait5s,time_threshold,7,True
z,1.1666666666666667,0.8830404907106857,1.1500908520666828,0.025239927375961698,9979,9981,stress,aggressive,threshold_wait5s,time_threshold,7,True
z,1.25,0.8897555649957837,1.1588367086695028,0.02572333937473484,9979,9981,stress,aggressive,threshold_wait5s,time_threshold,7,True
z,1.3333333333333333,0.8839301780925796,1.1512495999722199,0.026588339388302924,9979,9981,stress,aggressive,threshold_wait5s,time_threshold,7,True
z,1.4166666666666665,0.88757771232861,1.1560002267006526,0.027266607366180994,9979,9981,stress,aggressive,threshold_wait5s,time_threshold,7,True
z,1.5,0.8873459598226056,1.1556983872721065,0.027852650944613287,9979,9981,stress,aggressive,threshold_wait5s,time_threshold,7,True
z,1.5833333333333333,0.8931216578820594,1.1632207801548282,0.02855805128319918,9979,9981,stress,aggressive,threshold_wait5s,time_threshold,7,True
z,1.6666666666666665,0.8940862749263132,1.164477118057806,0.029181452132299796,9979,9981,stress,aggressive,threshold_wait5s,time_threshold,7,True
z,1.75,0.898896491260873,1.1707420468589604,0.029926341390338257,9979,9981,stress,aggressive,threshold_wait5s,time_threshold,7,True
z,1.8333333333333333,0.8969191537747871,1.1681667201575023,0.03084234373182314,9979,9981,stress,aggressive,threshold_wait5s,time_threshold,7,True
z,1.9166666666666665,0.9020300827585505,1.1748233035550064,0.03133667859349489,9979,9981,stress,aggressive,threshold_wait5s,time_threshold,7,True
z,2.0,0.9032828223792474,1.1764548984738594,0.031715877720739784,9979,9981,stress,aggressive,threshold_wait5s,time_threshold,7,True
z,2.083333333333333,0.8923536691343629,1.162220535157563,0.03235016737992954,9979,9981,stress,aggressive,threshold_wait5s,time_threshold,7,True
z,2.1666666666666665,0.8903232488618685,1.1595760722979187,0.032822430056532834,9979,9981,stress,aggressive,threshold_wait5s,time_threshold,7,True
z,2.25,0.8848239839547153,1.152413711874652,0.03303721986656828,9979,9981,stress,aggressive,threshold_wait5s,time_threshold,7,True
z,2.333333333333333,0.8870927999612835,1.1553686664453948,0.033516696990437946,9979,9981,stress,aggressive,threshold_wait5s,time_threshold,7,True
z,2.4166666666666665,0.8936803244991463,1.1639483995249769,0.03417645297559732,9979,9981,stress,aggressive,threshold_wait5s,time_threshold,7,True
z,2.5,0.8942734465372975,1.164720894373642,0.034709992530812035,9979,9981,stress,aggressive,threshold_wait5s,time_threshold,7,True
z,2.583333333333333,0.8933733919413809,1.16354864398647,0.035471579984540785,9979,9981,stress,aggressive,threshold_wait5s,time_threshold,7,True
z,2.6666666666666665,0.8928174570279308,1.162824582445658,0.03596915631952583,9979,9981,stress,aggressive,threshold_wait5s,time_threshold,7,True
z,2.75,0.8968355899914919,1.1680578848959906,0.03640150392607138,9979,9981,stress,aggressive,threshold_wait5s,time_threshold,7,True
z,2.833333333333333,0.8885257951759526,1.157235030111369,0.03695548917950521,9979,9981,stress,aggressive,threshold_wait5s,time_threshold,7,True
z,2.9166666666666665,0.8855906533171248,1.1534122384762548,0.03741671665856335,9979,9981,stress,aggressive,threshold_wait5s,time_threshold,7,True
z,3.0,0.8803893188416798,1.1466379090296697,0.03792213911294749,9979,9981,stress,aggressive,threshold_wait5s,time_threshold,7,True
seconds,0.1,0.7631580632881951,1.0767429940882904,0.023003194632535084,10138,10204,stress,aggressive,threshold_wait5s,time_threshold,23,True
seconds,1.0,0.8428124363552563,1.1891276916683833,0.024366887319379558,10138,10204,stress,aggressive,threshold_wait5s,time_threshold,23,True
seconds,5.0,0.8732745792555874,1.2321068601142018,0.02729454961116437,10138,10204,stress,aggressive,threshold_wait5s,time_threshold,23,True
seconds,15.0,0.8418244578720915,1.1877337485768642,0.03367753694871015,10138,10204,stress,aggressive,threshold_wait5s,time_threshold,23,True
seconds,30.0,0.8482442836300521,1.1967915083525624,0.04212443083959265,10138,10204,stress,aggressive,threshold_wait5s,time_threshold,23,True
seconds,60.0,0.8995053562256752,1.2691159761685369,0.05530997616467352,10138,10204,stress,aggressive,threshold_wait5s,time_threshold,23,True
seconds,180.0,0.816469622894919,1.151960502848049,0.08903784301055698,10138,10204,stress,aggressive,threshold_wait5s,time_threshold,23,True
seconds,600.0,0.7673795842675654,1.0826991561962405,0.15417908483409382,10138,10204,stress,aggressive,threshold_wait5s,time_threshold,23,True
z,1.0,0.4664134055622361,0.6572384796908981,0.02153699656744737,10203,10204,stress,aggressive,threshold_wait5s,time_threshold,23,True
z,1.0833333333333333,0.8159960286263466,1.1498468588005208,0.023982846142489384,10203,10204,stress,aggressive,threshold_wait5s,time_threshold,23,True
z,1.1666666666666667,0.8387169457336863,1.181863650853935,0.024568307818695272,10203,10204,stress,aggressive,threshold_wait5s,time_threshold,23,True
z,1.25,0.8551166118426353,1.204972960089786,0.025194349400187468,10203,10204,stress,aggressive,threshold_wait5s,time_threshold,23,True
z,1.3333333333333333,0.8597546058417721,1.211508510072818,0.026118061099498203,10203,10204,stress,aggressive,threshold_wait5s,time_threshold,23,True
z,1.4166666666666665,0.8683166777653977,1.223573607402738,0.02649201627980448,10203,10204,stress,aggressive,threshold_wait5s,time_threshold,23,True
z,1.5,0.8717510671456845,1.2284131185060805,0.02673250617373914,10203,10204,stress,aggressive,threshold_wait5s,time_threshold,23,True
z,1.5833333333333333,0.8745468934973988,1.2323528094304128,0.027303205313862582,10203,10204,stress,aggressive,threshold_wait5s,time_threshold,23,True
z,1.6666666666666665,0.8785513547414877,1.237995627558407,0.028272373783145947,10203,10204,stress,aggressive,threshold_wait5s,time_threshold,23,True
z,1.75,0.8776769484376271,1.2367634728584607,0.029002238100903896,10203,10204,stress,aggressive,threshold_wait5s,time_threshold,23,True
z,1.8333333333333333,0.8769557879009927,1.2357472618125125,0.02947412840900639,10203,10204,stress,aggressive,threshold_wait5s,time_threshold,23,True
z,1.9166666666666665,0.8808712233070444,1.2412646307022408,0.030057162919383658,10203,10204,stress,aggressive,threshold_wait5s,time_threshold,23,True
z,2.0,0.8900956190467436,1.2542630303188191,0.030848886160173224,10203,10204,stress,aggressive,threshold_wait5s,time_threshold,23,True
z,2.083333333333333,0.8873977057154291,1.2504613118539016,0.031199978009706454,10203,10204,stress,aggressive,threshold_wait5s,time_threshold,23,True
z,2.1666666666666665,0.8801322752514056,1.2402233546778667,0.031600722301518926,10203,10204,stress,aggressive,threshold_wait5s,time_threshold,23,True
z,2.25,0.8798857194826452,1.239875924829825,0.03242540503181221,10203,10204,stress,aggressive,threshold_wait5s,time_threshold,23,True
z,2.333333333333333,0.8788559832192901,1.2384248895719636,0.03289320829741895,10203,10204,stress,aggressive,threshold_wait5s,time_threshold,23,True
z,2.4166666666666665,0.8840755487407144,1.2457799511268788,0.0334576974869176,10203,10204,stress,aggressive,threshold_wait5s,time_threshold,23,True
z,2.5,0.888232259335152,1.2516373088250565,0.033787979938801435,10203,10204,stress,aggressive,threshold_wait5s,time_threshold,23,True
z,2.583333333333333,0.8906511790961317,1.2550458882681883,0.03423878180285814,10203,10204,stress,aggressive,threshold_wait5s,time_threshold,23,True
z,2.6666666666666665,0.8852214908453884,1.247394735860139,0.034306807690758355,10203,10204,stress,aggressive,threshold_wait5s,time_threshold,23,True
z,2.75,0.878955380315464,1.2385649532913936,0.03457357387703682,10203,10204,stress,aggressive,threshold_wait5s,time_threshold,23,True
z,2.833333333333333,0.8802583053664822,1.2404009478607394,0.03497097064395577,10203,10204,stress,aggressive,threshold_wait5s,time_threshold,23,True
z,2.9166666666666665,0.8810627779010246,1.241534556584782,0.03527623262573159,10203,10204,stress,aggressive,threshold_wait5s,time_threshold,23,True
z,3.0,0.8861417367916824,1.248691484708845,0.0357484625171652,10203,10204,stress,aggressive,threshold_wait5s,time_threshold,23,True
seconds,0.1,0.7941784735653905,1.0573800841583638,0.02433261640146535,10122,10183,stress,aggressive,threshold_wait5s,time_threshold,71,True
seconds,1.0,0.8685905600963647,1.1564533541316557,0.02541630318716002,10122,10183,stress,aggressive,threshold_wait5s,time_threshold,71,True
seconds,5.0,0.8950175575754326,1.1916386200996698,0.028123240365142646,10122,10183,stress,aggressive,threshold_wait5s,time_threshold,71,True
seconds,15.0,0.89550351482457,1.1922856302291227,0.033525927720294245,10122,10183,stress,aggressive,threshold_wait5s,time_threshold,71,True
seconds,30.0,0.9029096364809736,1.2021462419190596,0.04083790746253916,10122,10183,stress,aggressive,threshold_wait5s,time_threshold,71,True
seconds,60.0,0.9405090120349977,1.252206564895495,0.053413845223258406,10122,10183,stress,aggressive,threshold_wait5s,time_threshold,71,True
seconds,180.0,0.9619234444789592,1.2807180332032988,0.0869516253629314,10122,10183,stress,aggressive,threshold_wait5s,time_threshold,71,True
seconds,600.0,1.1166269426535236,1.4866923870346678,0.154303297308018,10122,10183,stress,aggressive,threshold_wait5s,time_threshold,71,True
z,1.0,0.4783001525474292,0.6364918452809089,0.022977401524245402,10180,10183,stress,aggressive,threshold_wait5s,time_threshold,71,True
z,1.0833333333333333,0.8382662402237955,1.1155121386331261,0.02463244207520474,10180,10183,stress,aggressive,threshold_wait5s,time_threshold,71,True
z,1.1666666666666667,0.8562707753334473,1.1394714447599015,0.025146208193852992,10180,10183,stress,aggressive,threshold_wait5s,time_threshold,71,True
z,1.25,0.867428275692021,1.1543191464679765,0.025924860851804944,10180,10183,stress,aggressive,threshold_wait5s,time_threshold,71,True
z,1.3333333333333333,0.8699460502478956,1.1576696429387276,0.026309901204973663,10180,10183,stress,aggressive,threshold_wait5s,time_threshold,71,True
z,1.4166666666666665,0.8730224597348815,1.1617635357396863,0.02663533480762037,10180,10183,stress,aggressive,threshold_wait5s,time_threshold,71,True
z,1.5,0.8734172910876169,1.1622889525411213,0.027363207619415734,10180,10183,stress,aggressive,threshold_wait5s,time_threshold,71,True
z,1.5833333333333333,0.8759692596263686,1.1656849522197286,0.028055737808895267,10180,10183,stress,aggressive,threshold_wait5s,time_threshold,71,True
z,1.6666666666666665,0.8767878572310203,1.1667742905717076,0.028575583492140576,10180,10183,stress,aggressive,threshold_wait5s,time_threshold,71,True
z,1.75,0.8832515204493476,1.1753757281986787,0.02885013173655059,10180,10183,stress,aggressive,threshold_wait5s,time_threshold,71,True
z,1.8333333333333333,0.8829054409490441,1.174915187304872,0.02946378411638064,10180,10183,stress,aggressive,threshold_wait5s,time_threshold,71,True
z,1.9166666666666665,0.8945821283784638,1.1904537906047794,0.029894586649165705,10180,10183,stress,aggressive,threshold_wait5s,time_threshold,71,True
z,2.0,0.8915324881162144,1.1863955206092047,0.03049148624038496,10180,10183,stress,aggressive,threshold_wait5s,time_threshold,71,True
z,2.083333333333333,0.8851708140017851,1.1779298036852124,0.03140486054891344,10180,10183,stress,aggressive,threshold_wait5s,time_threshold,71,True
z,2.1666666666666665,0.8865657742165713,1.1797861292508094,0.03184380078762665,10180,10183,stress,aggressive,threshold_wait5s,time_threshold,71,True
z,2.25,0.8798101559726181,1.1707961761863876,0.03257694376977575,10180,10183,stress,aggressive,threshold_wait5s,time_threshold,71,True
z,2.333333333333333,0.890895419949473,1.1855477502481473,0.03330654459316429,10180,10183,stress,aggressive,threshold_wait5s,time_threshold,71,True
z,2.4166666666666665,0.8973900288502573,1.1941903684485002,0.03420053206278766,10180,10183,stress,aggressive,threshold_wait5s,time_threshold,71,True
z,2.5,0.9020873845162519,1.200441314762997,0.03467010102440323,10180,10183,stress,aggressive,threshold_wait5s,time_threshold,71,True
z,2.583333333333333,0.9149558162168563,1.2175658165959269,0.03504891952816578,10180,10183,stress,aggressive,threshold_wait5s,time_threshold,71,True
z,2.6666666666666665,0.9203508829315468,1.2247452330154238,0.03515159933859552,10180,10183,stress,aggressive,threshold_wait5s,time_threshold,71,True
z,2.75,0.9252056217759826,1.2312056149931307,0.03566115849448317,10180,10183,stress,aggressive,threshold_wait5s,time_threshold,71,True
z,2.833333333333333,0.9272718708539363,1.2339552496763568,0.035933652443193485,10180,10183,stress,aggressive,threshold_wait5s,time_threshold,71,True
z,2.9166666666666665,0.9279399682049602,1.2348443117297885,0.03648583234659671,10180,10183,stress,aggressive,threshold_wait5s,time_threshold,71,True
z,3.0,0.9340112686668668,1.2429236176084764,0.03692557751088808,10180,10183,stress,aggressive,threshold_wait5s,time_threshold,71,True
seconds,0.1,0.714562506145309,1.050800352406532,0.045979238272711075,6218,6260,stress,aggressive,threshold_wait20s,time_threshold,7,False
seconds,1.0,0.7928140566375489,1.1658732202472666,0.04711362333586415,6218,6260,stress,aggressive,threshold_wait20s,time_threshold,7,False
seconds,5.0,0.8618603352214143,1.2674092695701948,0.04975375068899389,6218,6260,stress,aggressive,threshold_wait20s,time_threshold,7,False
seconds,15.0,0.8187658567477998,1.2040366565693648,0.055085733348705236,6218,6260,stress,aggressive,threshold_wait20s,time_threshold,7,False
seconds,30.0,0.7734665341794994,1.1374217086688274,0.06116853985053704,6218,6260,stress,aggressive,threshold_wait20s,time_threshold,7,False
seconds,60.0,0.7799711832719147,1.1469871245698975,0.07152088848077244,6218,6260,stress,aggressive,threshold_wait20s,time_threshold,7,False
seconds,180.0,0.8680804699273927,1.2765562926575342,0.10993544727039138,6218,6260,stress,aggressive,threshold_wait20s,time_threshold,7,False
seconds,600.0,1.0908308004086986,1.6041219342290352,0.19452821944756796,6218,6260,stress,aggressive,threshold_wait20s,time_threshold,7,False
z,1.0,0.4412573990919017,0.646864449156352,0.04483243660465362,6256,6260,stress,aggressive,threshold_wait20s,time_threshold,7,False
z,1.0833333333333333,0.8078875582832401,1.184328560710019,0.0472145182921043,6256,6260,stress,aggressive,threshold_wait20s,time_threshold,7,False
z,1.1666666666666667,0.8259572715024562,1.210817986410339,0.048862180542309765,6256,6260,stress,aggressive,threshold_wait20s,time_threshold,7,False
z,1.25,0.8324461245880848,1.2203303671330867,0.0510743619300533,6256,6260,stress,aggressive,threshold_wait20s,time_threshold,7,False
z,1.3333333333333333,0.8288095059039825,1.2149992398891591,0.052295489081643436,6256,6260,stress,aggressive,threshold_wait20s,time_threshold,7,False
z,1.4166666666666665,0.8063608785789059,1.1820905136472055,0.05334830747374619,6256,6260,stress,aggressive,threshold_wait20s,time_threshold,7,False
z,1.5,0.7747611142915407,1.1357666125380483,0.05387110449246085,6256,6260,stress,aggressive,threshold_wait20s,time_threshold,7,False
z,1.5833333333333333,0.7665744080296807,1.1237652517736028,0.05503465228650138,6256,6260,stress,aggressive,threshold_wait20s,time_threshold,7,False
z,1.6666666666666665,0.7635401508521883,1.1193171607007808,0.05594296670017453,6256,6260,stress,aggressive,threshold_wait20s,time_threshold,7,False
z,1.75,0.7700964403368707,1.128928400296415,0.056651912141978816,6256,6260,stress,aggressive,threshold_wait20s,time_threshold,7,False
z,1.8333333333333333,0.7865714717923699,1.1530800908272187,0.05822249410683891,6256,6260,stress,aggressive,threshold_wait20s,time_threshold,7,False
z,1.9166666666666665,0.7782885012258637,1.1409376107149127,0.058992919905196985,6256,6260,stress,aggressive,threshold_wait20s,time_threshold,7,False
z,2.0,0.7827023882072388,1.147408179994253,0.05990944052166391,6256,6260,stress,aggressive,threshold_wait20s,time_threshold,7,False
z,2.083333333333333,0.7938779744283961,1.1637911107730357,0.06049625747324979,6256,6260,stress,aggressive,threshold_wait20s,time_threshold,7,False
z,2.1666666666666665,0.7969714019398998,1.1683259430214057,0.061378281896299486,6256,6260,stress,aggressive,threshold_wait20s,time_threshold,7,False
z,2.25,0.7906464196518076,1.1590537898696842,0.06249585722364029,6256,6260,stress,aggressive,threshold_wait20s,time_threshold,7,False
z,2.333333333333333,0.784277877914477,1.1497177804309175,0.06413347083888572,6256,6260,stress,aggressive,threshold_wait20s,time_threshold,7,False
z,2.4166666666666665,0.7853195147019274,1.1512447753507122,0.06567669351804631,6256,6260,stress,aggressive,threshold_wait20s,time_threshold,7,False
z,2.5,0.7722003905417739,1.1320127011900611,0.06736389755930922,6256,6260,stress,aggressive,threshold_wait20s,time_threshold,7,False
z,2.583333333333333,0.7565241332588217,1.1090319793867804,0.06815445357591955,6256,6260,stress,aggressive,threshold_wait20s,time_threshold,7,False
z,2.6666666666666665,0.7668337633127745,1.1241454555111028,0.06997089233275525,6256,6260,stress,aggressive,threshold_wait20s,time_threshold,7,False
z,2.75,0.7726760786832851,1.1327100396330245,0.0712334699934708,6256,6260,stress,aggressive,threshold_wait20s,time_threshold,7,False
z,2.833333333333333,0.7794783001570883,1.1426818049920793,0.07245661952695795,6256,6260,stress,aggressive,threshold_wait20s,time_threshold,7,False
z,2.9166666666666665,0.7804376815838214,1.1440882170758464,0.07355863028203007,6256,6260,stress,aggressive,threshold_wait20s,time_threshold,7,False
z,3.0,0.7928833027369808,1.162332964672635,0.07492575341822391,6256,6260,stress,aggressive,threshold_wait20s,time_threshold,7,False
seconds,0.1,0.6713413660468661,1.0535941260648998,0.04383140484399329,6289,6325,stress,aggressive,threshold_wait20s,time_threshold,23,False
seconds,1.0,0.7366702411147632,1.1561203854540152,0.045102629553933016,6289,6325,stress,aggressive,threshold_wait20s,time_threshold,23,False
seconds,5.0,0.7738385832652489,1.2144518825817945,0.04794994406323506,6289,6325,stress,aggressive,threshold_wait20s,time_threshold,23,False
seconds,15.0,0.7332609331574642,1.1507698633211279,0.05361694405964065,6289,6325,stress,aggressive,threshold_wait20s,time_threshold,23,False
seconds,30.0,0.7224281279024538,1.1337690042012876,0.05993987005608935,6289,6325,stress,aggressive,threshold_wait20s,time_threshold,23,False
seconds,60.0,0.7555125421863033,1.1856912397682942,0.07342671861162355,6289,6325,stress,aggressive,threshold_wait20s,time_threshold,23,False
seconds,180.0,0.6551849382734626,1.0282384452426616,0.10864695819020027,6289,6325,stress,aggressive,threshold_wait20s,time_threshold,23,False
seconds,600.0,0.7411119330186631,1.1630911170913267,0.18880943689439805,6289,6325,stress,aggressive,threshold_wait20s,time_threshold,23,False
z,1.0,0.3909282708373227,0.6126067917809163,0.04252894386326932,6322,6325,stress,aggressive,threshold_wait20s,time_threshold,23,False
z,1.0833333333333333,0.7416980676364406,1.1622829751137185,0.046125990429162114,6322,6325,stress,aggressive,threshold_wait20s,time_threshold,23,False
z,1.1666666666666667,0.7472097259035497,1.1709200564922906,0.04715899596249847,6322,6325,stress,aggressive,threshold_wait20s,time_threshold,23,False
z,1.25,0.7495349051689817,1.1745637443920192,0.04875134833724636,6322,6325,stress,aggressive,threshold_wait20s,time_threshold,23,False
z,1.3333333333333333,0.7565821379377079,1.18560715818283,0.0500975431649695,6322,6325,stress,aggressive,threshold_wait20s,time_threshold,23,False
z,1.4166666666666665,0.762128847914105,1.1942991675795969,0.051784202122754114,6322,6325,stress,aggressive,threshold_wait20s,time_threshold,23,False
z,1.5,0.7631857024893648,1.195955318692286,0.05331228557493596,6322,6325,stress,aggressive,threshold_wait20s,time_threshold,23,False
z,1.5833333333333333,0.7414928976558526,1.161961462107487,0.05432529485184281,6322,6325,stress,aggressive,threshold_wait20s,time_threshold,23,False
z,1.6666666666666665,0.73662723117198,1.1543366865235245,0.05487728497265336,6322,6325,stress,aggressive,threshold_wait20s,time_threshold,23,False
z,1.75,0.7314925595961096,1.1462903646900964,0.05588494988304257,6322,6325,stress,aggressive,threshold_wait20s,time_threshold,23,False
z,1.8333333333333333,0.7227643503999759,1.1326127654154683,0.05763760709460645,6322,6325,stress,aggressive,threshold_wait20s,time_threshold,23,False
z,1.9166666666666665,0.720926953909042,1.129733460812786,0.059062926710952764,6322,6325,stress,aggressive,threshold_wait20s,time_threshold,23,False
z,2.0,0.734886718161086,1.1516092038337384,0.060001123043209946,6322,6325,stress,aggressive,threshold_wait20s,time_threshold,23,False
z,2.083333333333333,0.7539800345045329,1.18152951439241,0.060994226872316606,6322,6325,stress,aggressive,threshold_wait20s,time_threshold,23,False
z,2.1666666666666665,0.7444364442649243,1.166574166736852,0.06254783103395764,6322,6325,stress,aggressive,threshold_wait20s,time_threshold,23,False
z,2.25,0.7438163354913926,1.1656024210877212,0.06406067204438123,6322,6325,stress,aggressive,threshold_wait20s,time_threshold,23,False
z,2.333333333333333,0.7329164967653079,1.1485217550652456,0.06477695533350664,6322,6325,stress,aggressive,threshold_wait20s,time_threshold,23,False
z,2.4166666666666665,0.7376719438061773,1.155973810525321,0.06510124265040063,6322,6325,stress,aggressive,threshold_wait20s,time_threshold,23,False
z,2.5,0.7262507386394168,1.138076133694493,0.06613674469629609,6322,6325,stress,aggressive,threshold_wait20s,time_threshold,23,False
z,2.583333333333333,0.7159270816060315,1.1218983770919257,0.0670313082133587,6322,6325,stress,aggressive,threshold_wait20s,time_threshold,23,False
z,2.6666666666666665,0.718578632667379,1.1260535081226293,0.06771308929199203,6322,6325,stress,aggressive,threshold_wait20s,time_threshold,23,False
z,2.75,0.7043825353919779,1.1038074178384292,0.06934755212001455,6322,6325,stress,aggressive,threshold_wait20s,time_threshold,23,False
z,2.833333333333333,0.7013839555865181,1.0991084730663174,0.07038554882757769,6322,6325,stress,aggressive,threshold_wait20s,time_threshold,23,False
z,2.9166666666666665,0.7079987697297457,1.1094742623243574,0.07123952549715827,6322,6325,stress,aggressive,threshold_wait20s,time_threshold,23,False
z,3.0,0.7083318877619736,1.1099962771905896,0.0723194003781681,6322,6325,stress,aggressive,threshold_wait20s,time_threshold,23,False
seconds,0.1,0.6786624553578925,1.043608062140729,0.0423814711012475,6262,6300,stress,aggressive,threshold_wait20s,time_threshold,71,False
seconds,1.0,0.7430190820619031,1.142571978518081,0.04361718718825776,6262,6300,stress,aggressive,threshold_wait20s,time_threshold,71,False
seconds,5.0,0.7801017126305542,1.1995955134452079,0.04636604220963558,6262,6300,stress,aggressive,threshold_wait20s,time_threshold,71,False
seconds,15.0,0.7156938063415103,1.100552742273486,0.051658996820404764,6262,6300,stress,aggressive,threshold_wait20s,time_threshold,71,False
seconds,30.0,0.6423848479540266,0.9878224455017692,0.058323438352871786,6262,6300,stress,aggressive,threshold_wait20s,time_threshold,71,False
seconds,60.0,0.6216487843505428,0.9559357203959188,0.07129311251655636,6262,6300,stress,aggressive,threshold_wait20s,time_threshold,71,False
seconds,180.0,0.5142287080016881,0.7907513097534894,0.10897671074105197,6262,6300,stress,aggressive,threshold_wait20s,time_threshold,71,False
seconds,600.0,0.39906889009917373,0.6136651700253908,0.19036284131789405,6262,6300,stress,aggressive,threshold_wait20s,time_threshold,71,False
z,1.0,0.41101165732751804,0.6303545184256472,0.041250360626940374,6294,6300,stress,aggressive,threshold_wait20s,time_threshold,71,False
z,1.0833333333333333,0.760469647488105,1.1663062832247109,0.04502403502835122,6294,6300,stress,aggressive,threshold_wait20s,time_threshold,71,False
z,1.1666666666666667,0.769414511619429,1.1800247153454586,0.04641764891729172,6294,6300,stress,aggressive,threshold_wait20s,time_threshold,71,False
z,1.25,0.7764262634298766,1.190778399230081,0.04801169464670796,6294,6300,stress,aggressive,threshold_wait20s,time_threshold,71,False
z,1.3333333333333333,0.7951053355436057,1.2194258531330857,0.04918362079339289,6294,6300,stress,aggressive,threshold_wait20s,time_threshold,71,False
z,1.4166666666666665,0.7788115628024178,1.1944366512783462,0.05016778581521193,6294,6300,stress,aggressive,threshold_wait20s,time_threshold,71,False
z,1.5,0.7677183749305999,1.1774234085294357,0.05152250896356855,6294,6300,stress,aggressive,threshold_wait20s,time_threshold,71,False
z,1.5833333333333333,0.7590967146229808,1.1642006630565305,0.053064372448240756,6294,6300,stress,aggressive,threshold_wait20s,time_threshold,71,False
z,1.6666666666666665,0.75355701298054,1.1557046121567869,0.05481847139227055,6294,6300,stress,aggressive,threshold_wait20s,time_threshold,71,False
z,1.75,0.7412905491579315,1.136891956219088,0.05564203878454779,6294,6300,stress,aggressive,threshold_wait20s,time_threshold,71,False
z,1.8333333333333333,0.7240798839574025,1.1104965477656983,0.05732032752437139,6294,6300,stress,aggressive,threshold_wait20s,time_threshold,71,False
z,1.9166666666666665,0.7092015825790707,1.0876782059178987,0.05854557554252356,6294,6300,stress,aggressive,threshold_wait20s,time_threshold,71,False
z,2.0,0.7036844913737506,1.07921683187208,0.059381896109981076,6294,6300,stress,aggressive,threshold_wait20s,time_threshold,71,False
z,2.083333333333333,0.702983789527576,1.0781421894211158,0.06009960386738821,6294,6300,stress,aggressive,threshold_wait20s,time_threshold,71,False
z,2.1666666666666665,0.7117338851754378,1.0915619117816693,0.061642389424065816,6294,6300,stress,aggressive,threshold_wait20s,time_threshold,71,False
z,2.25,0.7117327643766604,1.0915601928509262,0.06359421248115983,6294,6300,stress,aggressive,threshold_wait20s,time_threshold,71,False
z,2.333333333333333,0.7224896171378957,1.1080576099465218,0.06509891767872239,6294,6300,stress,aggressive,threshold_wait20s,time_threshold,71,False
z,2.4166666666666665,0.7085475988628552,1.0866752134646585,0.06559405614774165,6294,6300,stress,aggressive,threshold_wait20s,time_threshold,71,False
z,2.5,0.693453587450068,1.063526044516302,0.06593186557793046,6294,6300,stress,aggressive,threshold_wait20s,time_threshold,71,False
z,2.583333333333333,0.67347916266669,1.0328919525369538,0.06675463581955506,6294,6300,stress,aggressive,threshold_wait20s,time_threshold,71,False
z,2.6666666666666665,0.6691961337053927,1.026323217538398,0.0675500399354123,6294,6300,stress,aggressive,threshold_wait20s,time_threshold,71,False
z,2.75,0.6761271680522921,1.0369531078104637,0.06884728444123187,6294,6300,stress,aggressive,threshold_wait20s,time_threshold,71,False
z,2.833333333333333,0.6688326855550328,1.0257658095434947,0.06943677657461497,6294,6300,stress,aggressive,threshold_wait20s,time_threshold,71,False
z,2.9166666666666665,0.6635168319815867,1.0176130667694847,0.0702302636042787,6294,6300,stress,aggressive,threshold_wait20s,time_threshold,71,False
z,3.0,0.6658584697479718,1.0212043565060207,0.07099285385921916,6294,6300,stress,aggressive,threshold_wait20s,time_threshold,71,False
seconds,0.1,0.9721868391264661,0.9816957843855414,0.008766716821469839,27948,28138,stress,aggressive,local_run_1s,local_runs,7,True
seconds,1.0,0.9815742877069953,0.9911750514633821,0.009275479785158573,27948,28138,stress,aggressive,local_run_1s,local_runs,7,True
seconds,5.0,1.1408081167299096,1.1519663442397992,0.012581016068945534,27948,28138,stress,aggressive,local_run_1s,local_runs,7,True
seconds,15.0,1.268966798988676,1.2813785446959203,0.018629644389833916,27948,28138,stress,aggressive,local_run_1s,local_runs,7,True
seconds,30.0,1.3148864056470528,1.3277472903556284,0.024936649643416384,27948,28138,stress,aggressive,local_run_1s,local_runs,7,True
seconds,60.0,1.3579866662269608,1.3712691139540962,0.03415581075500749,27948,28138,stress,aggressive,local_run_1s,local_runs,7,True
seconds,180.0,1.2926790487999498,1.3053227236758995,0.05663326490588787,27948,28138,stress,aggressive,local_run_1s,local_runs,7,True
seconds,600.0,1.2795659622173396,1.2920813781851523,0.10062220829343847,27948,28138,stress,aggressive,local_run_1s,local_runs,7,True
z,1.0,0.5864764939277476,0.5924030438776201,0.007442230756706314,28137,28138,stress,aggressive,local_run_1s,local_runs,7,True
z,1.0833333333333333,0.8906897882632022,0.8996905198775771,0.008528367110009125,28137,28138,stress,aggressive,local_run_1s,local_runs,7,True
z,1.1666666666666667,0.9092278186430537,0.9184158835336229,0.008601524117380457,28137,28138,stress,aggressive,local_run_1s,local_runs,7,True
z,1.25,0.9208269748972858,0.930132253315812,0.008696293470940173,28137,28138,stress,aggressive,local_run_1s,local_runs,7,True
z,1.3333333333333333,0.927688183518778,0.9370627968484776,0.008713811150047065,28137,28138,stress,aggressive,local_run_1s,local_runs,7,True
z,1.4166666666666665,0.9319203873528925,0.9413377685815285,0.008769847041473365,28137,28138,stress,aggressive,local_run_1s,local_runs,7,True
z,1.5,0.9355321925336499,0.9449860723159954,0.008770635918772633,28137,28138,stress,aggressive,local_run_1s,local_runs,7,True
z,1.5833333333333333,0.9388316904724535,0.9483189128346744,0.008827759048000792,28137,28138,stress,aggressive,local_run_1s,local_runs,7,True
z,1.6666666666666665,0.9419381273472494,0.9514567413398173,0.008854227794463543,28137,28138,stress,aggressive,local_run_1s,local_runs,7,True
z,1.75,0.9445914414997015,0.9541368681591368,0.008880044729256704,28137,28138,stress,aggressive,local_run_1s,local_runs,7,True
z,1.8333333333333333,0.9479123499030063,0.9574913355025438,0.008942615036227352,28137,28138,stress,aggressive,local_run_1s,local_runs,7,True
z,1.9166666666666665,0.950718160398821,0.9603254996940743,0.009032529503042288,28137,28138,stress,aggressive,local_run_1s,local_runs,7,True
z,2.0,0.9524825471068272,0.9621077161464339,0.00908703953862498,28137,28138,stress,aggressive,local_run_1s,local_runs,7,True
z,2.083333333333333,0.9552342332110588,0.9648872090004874,0.009173671976963291,28137,28138,stress,aggressive,local_run_1s,local_runs,7,True
z,2.1666666666666665,0.9573216204297111,0.9669956899965445,0.009155052633041387,28137,28138,stress,aggressive,local_run_1s,local_runs,7,True
z,2.25,0.9597651957535076,0.9694639585030391,0.009187791742285782,28137,28138,stress,aggressive,local_run_1s,local_runs,7,True
z,2.333333333333333,0.960977396895307,0.9706884093610515,0.009211204491945395,28137,28138,stress,aggressive,local_run_1s,local_runs,7,True
z,2.4166666666666665,0.9620383763556745,0.9717601103896877,0.009253366059220842,28137,28138,stress,aggressive,local_run_1s,local_runs,7,True
z,2.5,0.9646498371335823,0.974397960891485,0.009303703150924035,28137,28138,stress,aggressive,local_run_1s,local_runs,7,True
z,2.583333333333333,0.9662152035796853,0.9759791459126352,0.009283457521298645,28137,28138,stress,aggressive,local_run_1s,local_runs,7,True
z,2.6666666666666665,0.9670633485688317,0.9768358617033311,0.009315965278518093,28137,28138,stress,aggressive,local_run_1s,local_runs,7,True
z,2.75,0.9699209298075314,0.9797223197991979,0.009350388680314634,28137,28138,stress,aggressive,local_run_1s,local_runs,7,True
z,2.833333333333333,0.9709352749859184,0.9807469152901351,0.00937307545138132,28137,28138,stress,aggressive,local_run_1s,local_runs,7,True
z,2.9166666666666665,0.9720045440035775,0.9818269896449366,0.009378135529003677,28137,28138,stress,aggressive,local_run_1s,local_runs,7,True
z,3.0,0.9741047775856677,0.9839484468214241,0.009443193732555756,28137,28138,stress,aggressive,local_run_1s,local_runs,7,True
seconds,0.1,2.1346152177962456,1.0320506235132392,0.012065790858000263,69212,69698,stress,fill,random_n6,random_traders,7,True
seconds,1.0,2.1911253726938864,1.0593723347568937,0.012630167977344522,69212,69698,stress,fill,random_n6,random_traders,7,True
seconds,5.0,2.0850704760727026,1.0080965726092201,0.013736500267843151,69212,69698,stress,fill,random_n6,random_traders,7,True
seconds,15.0,1.8306830397049803,0.8851045175875724,0.015854184298508184,69212,69698,stress,fill,random_n6,random_traders,7,True
seconds,30.0,1.6807301030262034,0.8126047899988482,0.018717338598626766,69212,69698,stress,fill,random_n6,random_traders,7,True
seconds,60.0,1.5938913495633742,0.7706197104822925,0.02345960959986084,69212,69698,stress,fill,random_n6,random_traders,7,True
seconds,180.0,1.505776307497622,0.7280175668515826,0.03596122735500476,69212,69698,stress,fill,random_n6,random_traders,7,True
seconds,600.0,1.5135229539251946,0.7317629403545256,0.06171713989113478,69212,69698,stress,fill,random_n6,random_traders,7,True
z,1.0,1.6955209460963212,0.819975794245948,0.01134585067029106,69625,69698,stress,fill,random_n6,random_traders,7,True
z,1.0833333333333333,2.1372893068738255,1.0336206703739992,0.012493595871328953,69625,69698,stress,fill,random_n6,random_traders,7,True
z,1.1666666666666667,2.0957185044535924,1.013516494244266,0.012815999439353784,69625,69698,stress,fill,random_n6,random_traders,7,True
z,1.25,2.0517262677519543,0.9922412812702637,0.01314501002179576,69625,69698,stress,fill,random_n6,random_traders,7,True
z,1.3333333333333333,2.0158283197862903,0.9748805707094678,0.013518142787150222,69625,69698,stress,fill,random_n6,random_traders,7,True
z,1.4166666666666665,1.984716752752819,0.9598346156906038,0.013868459867837989,69625,69698,stress,fill,random_n6,random_traders,7,True
z,1.5,1.9564620671792674,0.9461702853868801,0.014234901374692688,69625,69698,stress,fill,random_n6,random_traders,7,True
z,1.5833333333333333,1.9294756338179004,0.9331192982078074,0.014602032109879976,69625,69698,stress,fill,random_n6,random_traders,7,True
z,1.6666666666666665,1.907637320764917,0.9225580083978292,0.014944509544856925,69625,69698,stress,fill,random_n6,random_traders,7,True
z,1.75,1.8838638230773672,0.9110608383432603,0.0152245753061496,69625,69698,stress,fill,random_n6,random_traders,7,True
z,1.8333333333333333,1.8689158197900317,0.9038317911904405,0.015608318419392383,69625,69698,stress,fill,random_n6,random_traders,7,True
z,1.9166666666666665,1.853153513687195,0.8962089366951431,0.01595717828534068,69625,69698,stress,fill,random_n6,random_traders,7,True
z,2.0,1.8450529298218121,0.8922913898761751,0.016321469833925142,69625,69698,stress,fill,random_n6,random_traders,7,True
z,2.083333333333333,1.829311971073594,0.8846788592368575,0.016569829338643087,69625,69698,stress,fill,random_n6,random_traders,7,True
z,2.1666666666666665,1.8178541732251534,0.8791377204424856,0.016873611704169764,69625,69698,stress,fill,random_n6,random_traders,7,True
z,2.25,1.8074530389951453,0.8741075978002701,0.01716185122575627,69625,69698,stress,fill,random_n6,random_traders,7,True
z,2.333333333333333,1.8027211503644154,0.871819195438035,0.017495181399745905,69625,69698,stress,fill,random_n6,random_traders,7,True
z,2.4166666666666665,1.7990677478891526,0.8700523628882804,0.017762231336600705,69625,69698,stress,fill,random_n6,random_traders,7,True
z,2.5,1.7929581061087987,0.8670976613359709,0.018094191756812268,69625,69698,stress,fill,random_n6,random_traders,7,True
z,2.583333333333333,1.7799354657875865,0.8607997445422266,0.018350696551020954,69625,69698,stress,fill,random_n6,random_traders,7,True
z,2.6666666666666665,1.771284104430898,0.856615834625872,0.018651743170655637,69625,69698,stress,fill,random_n6,random_traders,7,True
z,2.75,1.7626025244068981,0.8524173105723186,0.018930692635480754,69625,69698,stress,fill,random_n6,random_traders,7,True
z,2.833333333333333,1.7547329025444223,0.8486114599563438,0.019186845416953088,69625,69698,stress,fill,random_n6,random_traders,7,True
z,2.9166666666666665,1.7474183730505461,0.8450740591680578,0.01947425602263458,69625,69698,stress,fill,random_n6,random_traders,7,True
z,3.0,1.7419565315089396,0.8424326421649617,0.019726238519104558,69625,69698,stress,fill,random_n6,random_traders,7,True
seconds,0.1,2.140116461919275,1.0317917982013307,0.01206184282265526,69146,69639,stress,fill,random_n6,random_traders,23,True
seconds,1.0,2.1983856335922103,1.0598844999257042,0.012612852724709979,69146,69639,stress,fill,random_n6,random_traders,23,True
seconds,5.0,2.091431809852616,1.0083199799173785,0.0137304577954944,69146,69639,stress,fill,random_n6,random_traders,23,True
seconds,15.0,1.8385214519935864,0.886386974138297,0.015838817833481705,69146,69639,stress,fill,random_n6,random_traders,23,True
seconds,30.0,1.6842639823282937,0.8120164457843391,0.01869677563830307,69146,69639,stress,fill,random_n6,random_traders,23,True
seconds,60.0,1.60847485577283,0.7754770328298491,0.023500768468998918,69146,69639,stress,fill,random_n6,random_traders,23,True
seconds,180.0,1.5130309864106084,0.7294616858387685,0.03601691702332316,69146,69639,stress,fill,random_n6,random_traders,23,True
seconds,600.0,1.4986405692478075,0.7225237856518049,0.0619979819692114,69146,69639,stress,fill,random_n6,random_traders,23,True
z,1.0,1.7015234203913256,0.8204568113557954,0.011341098806506297,69574,69639,stress,fill,random_n6,random_traders,23,True
z,1.0833333333333333,2.1451339511077387,1.0343611732668023,0.012471803533145557,69574,69639,stress,fill,random_n6,random_traders,23,True
z,1.1666666666666667,2.107731044943116,1.0163258827973896,0.012823336922552586,69574,69639,stress,fill,random_n6,random_traders,23,True
z,1.25,2.0644054649985795,0.9954347409268532,0.013197847439561823,69574,69639,stress,fill,random_n6,random_traders,23,True
z,1.3333333333333333,2.0250383133766108,0.9764523118254705,0.013570980659947057,69574,69639,stress,fill,random_n6,random_traders,23,True
z,1.4166666666666665,1.9970342774758059,0.9629490583733474,0.013931445738812933,69574,69639,stress,fill,random_n6,random_traders,23,True
z,1.5,1.9681117395896934,0.9490029128628146,0.014285614567309096,69574,69639,stress,fill,random_n6,random_traders,23,True
z,1.5833333333333333,1.9430286041540412,0.9369080870897977,0.014668844443756579,69574,69639,stress,fill,random_n6,random_traders,23,True
z,1.6666666666666665,1.921213353808072,0.9263890013556348,0.014986118252149532,69574,69639,stress,fill,random_n6,random_traders,23,True
z,1.75,1.8948105230557017,0.9136578322925171,0.015257035569680765,69574,69639,stress,fill,random_n6,random_traders,23,True
z,1.8333333333333333,1.874346939161302,0.9037905059955627,0.01558752274601428,69574,69639,stress,fill,random_n6,random_traders,23,True
z,1.9166666666666665,1.8614424932319327,0.8975681170277466,0.015913979367277183,69574,69639,stress,fill,random_n6,random_traders,23,True
z,2.0,1.8490030030582498,0.8915699248662515,0.016232211042447323,69574,69639,stress,fill,random_n6,random_traders,23,True
z,2.083333333333333,1.834507039685972,0.8845801228197924,0.01653927702220071,69574,69639,stress,fill,random_n6,random_traders,23,True
z,2.1666666666666665,1.8208157723980627,0.8779783368156512,0.01685071404889746,69574,69639,stress,fill,random_n6,random_traders,23,True
z,2.25,1.8123651822837181,0.873903550576332,0.017159305705513654,69574,69639,stress,fill,random_n6,random_traders,23,True
z,2.333333333333333,1.8040166012817138,0.8698779520649258,0.017409745222816513,69574,69639,stress,fill,random_n6,random_traders,23,True
z,2.4166666666666665,1.7975570416126636,0.8667632198988457,0.017692276962680324,69574,69639,stress,fill,random_n6,random_traders,23,True
z,2.5,1.789286627661203,0.8627753127223184,0.01801255291394313,69574,69639,stress,fill,random_n6,random_traders,23,True
z,2.583333333333333,1.7812982530896357,0.8589234019872922,0.018255218400408498,69574,69639,stress,fill,random_n6,random_traders,23,True
z,2.6666666666666665,1.7715341633587667,0.8542152599597566,0.018551174174351835,69574,69639,stress,fill,random_n6,random_traders,23,True
z,2.75,1.7668354202731298,0.8519495751485918,0.0188170365548178,69574,69639,stress,fill,random_n6,random_traders,23,True
z,2.833333333333333,1.7608599572490395,0.8490682693256064,0.01903903512660693,69574,69639,stress,fill,random_n6,random_traders,23,True
z,2.9166666666666665,1.757483945936162,0.8474403919519129,0.01931648045118444,69574,69639,stress,fill,random_n6,random_traders,23,True
z,3.0,1.7493761182243266,0.8435308821610076,0.019585845901629973,69574,69639,stress,fill,random_n6,random_traders,23,True
seconds,0.1,2.13386298478295,1.032185477986416,0.012071102863926389,69351,69863,stress,fill,random_n6,random_traders,71,True
seconds,1.0,2.192362005209659,1.060482439783624,0.012624869336259533,69351,69863,stress,fill,random_n6,random_traders,71,True
seconds,5.0,2.0823870745927784,1.0072857129390211,0.01376093375716162,69351,69863,stress,fill,random_n6,random_traders,71,True
seconds,15.0,1.8317992761110076,0.8860721728017289,0.015834617334069392,69351,69863,stress,fill,random_n6,random_traders,71,True
seconds,30.0,1.681541057039411,0.8133897406213051,0.018688783843393023,69351,69863,stress,fill,random_n6,random_traders,71,True
seconds,60.0,1.5963990163997521,0.7722051010539599,0.02342486846342113,69351,69863,stress,fill,random_n6,random_traders,71,True
seconds,180.0,1.5102679876726095,0.7305420712857996,0.0360928163665576,69351,69863,stress,fill,random_n6,random_traders,71,True
seconds,600.0,1.5269399537140895,0.7386065821565614,0.06205720467428933,69351,69863,stress,fill,random_n6,random_traders,71,True
z,1.0,1.697074732246465,0.8212136629855369,0.01133369065677501,69794,69863,stress,fill,random_n6,random_traders,71,True
z,1.0833333333333333,2.1359604880056318,1.03359027332023,0.012542532844569573,69794,69863,stress,fill,random_n6,random_traders,71,True
z,1.1666666666666667,2.0955174745028313,1.0140199181498102,0.012840706101858052,69794,69863,stress,fill,random_n6,random_traders,71,True
z,1.25,2.0543955964462586,0.9941210607418158,0.013120260474751472,69794,69863,stress,fill,random_n6,random_traders,71,True
z,1.3333333333333333,2.016883830850414,0.9759691350518723,0.013488742041747452,69794,69863,stress,fill,random_n6,random_traders,71,True
z,1.4166666666666665,1.9845455084710222,0.9603206360957695,0.013892611552765532,69794,69863,stress,fill,random_n6,random_traders,71,True
z,1.5,1.956532010572408,0.9467649176673264,0.01426762819579467,69794,69863,stress,fill,random_n6,random_traders,71,True
z,1.5833333333333333,1.9326489643282203,0.9352079228474931,0.014603569824219934,69794,69863,stress,fill,random_n6,random_traders,71,True
z,1.6666666666666665,1.9074707901427652,0.9230242162273637,0.014866455650024552,69794,69863,stress,fill,random_n6,random_traders,71,True
z,1.75,1.8882354182416243,0.9137162288313609,0.01519604298326079,69794,69863,stress,fill,random_n6,random_traders,71,True
z,1.8333333333333333,1.8730285377032256,0.9063576265068829,0.015580789800327321,69794,69863,stress,fill,random_n6,random_traders,71,True
z,1.9166666666666665,1.8602139860286586,0.9001566709919431,0.015908283592035506,69794,69863,stress,fill,random_n6,random_traders,71,True
z,2.0,1.8486422843728423,0.8945571300152357,0.01625022871202776,69794,69863,stress,fill,random_n6,random_traders,71,True
z,2.083333333333333,1.8287510009815144,0.8849317473583078,0.016534281902378305,69794,69863,stress,fill,random_n6,random_traders,71,True
z,2.1666666666666665,1.8181903000983253,0.8798214291789203,0.016834847707262318,69794,69863,stress,fill,random_n6,random_traders,71,True
z,2.25,1.8084165320751688,0.8750919074395668,0.01718724117856242,69794,69863,stress,fill,random_n6,random_traders,71,True
z,2.333333333333333,1.798918000235836,0.8704955723598277,0.01749315544240803,69794,69863,stress,fill,random_n6,random_traders,71,True
z,2.4166666666666665,1.7887701816455808,0.8655850477273709,0.017778396518248172,69794,69863,stress,fill,random_n6,random_traders,71,True
z,2.5,1.7800401619404183,0.861360595307104,0.01808013395581576,69794,69863,stress,fill,random_n6,random_traders,71,True
z,2.583333333333333,1.7684067784860074,0.8557312065371316,0.01831704124051729,69794,69863,stress,fill,random_n6,random_traders,71,True
z,2.6666666666666665,1.7587339389367966,0.8510505240387458,0.01859354858872975,69794,69863,stress,fill,random_n6,random_traders,71,True
z,2.75,1.7492227572394297,0.8464480676986668,0.018832406488044604,69794,69863,stress,fill,random_n6,random_traders,71,True
z,2.833333333333333,1.7446758165669558,0.8442478052505439,0.019117911685107875,69794,69863,stress,fill,random_n6,random_traders,71,True
z,2.9166666666666665,1.7383344804180112,0.8411792356771792,0.01937956152958839,69794,69863,stress,fill,random_n6,random_traders,71,True
z,3.0,1.7279216767316723,0.8361404848816334,0.01964304225447934,69794,69863,stress,fill,random_n6,random_traders,71,True
seconds,0.1,0.8007261961902015,1.0535268660135533,0.020372954644335556,12130,12213,stress,fill,threshold_wait5s,time_threshold,7,True
seconds,1.0,0.8713340926942769,1.1464266815480986,0.02161852311196013,12130,12213,stress,fill,threshold_wait5s,time_threshold,7,True
seconds,5.0,0.880588562211528,1.1586029189604834,0.02485300606482941,12130,12213,stress,fill,threshold_wait5s,time_threshold,7,True
seconds,15.0,0.825430894028692,1.086031188981169,0.03052839500120588,12130,12213,stress,fill,threshold_wait5s,time_threshold,7,True
seconds,30.0,0.8616150231613733,1.133639163274954,0.038171526193807315,12130,12213,stress,fill,threshold_wait5s,time_threshold,7,True
seconds,60.0,0.8912424961566072,1.172620451661772,0.05036396565926132,12130,12213,stress,fill,threshold_wait5s,time_threshold,7,True
seconds,180.0,0.8528068583791584,1.12205013536193,0.08070311416823633,12130,12213,stress,fill,threshold_wait5s,time_threshold,7,True
seconds,600.0,0.9687460923216002,1.2745930374982042,0.14623376054663637,12130,12213,stress,fill,threshold_wait5s,time_threshold,7,True
z,1.0,0.4879512472177836,0.6428785052646331,0.018958462564416988,12211,12213,stress,fill,threshold_wait5s,time_threshold,7,True
z,1.0833333333333333,0.8498069190331956,1.1196253826312443,0.021260019887411132,12211,12213,stress,fill,threshold_wait5s,time_threshold,7,True
z,1.1666666666666667,0.8564530886036387,1.1283817483205296,0.02214371674747826,12211,12213,stress,fill,threshold_wait5s,time_threshold,7,True
z,1.25,0.8665912949326782,1.141738892027078,0.02305188258534807,12211,12213,stress,fill,threshold_wait5s,time_threshold,7,True
z,1.3333333333333333,0.8667399801595633,1.1419347856475162,0.02338366338367712,12211,12213,stress,fill,threshold_wait5s,time_threshold,7,True
z,1.4166666666666665,0.8680288551698193,1.1436328857031892,0.02380248283640721,12211,12213,stress,fill,threshold_wait5s,time_threshold,7,True
z,1.5,0.864935776184333,1.1395577367898648,0.02449096134804195,12211,12213,stress,fill,threshold_wait5s,time_threshold,7,True
z,1.5833333333333333,0.8664641080910391,1.1415713226497917,0.024990344349391413,12211,12213,stress,fill,threshold_wait5s,time_threshold,7,True
z,1.6666666666666665,0.8628354497966907,1.136790544992827,0.025516340776884642,12211,12213,stress,fill,threshold_wait5s,time_threshold,7,True
z,1.75,0.8615061999234328,1.135039250828675,0.025965095492276092,12211,12213,stress,fill,threshold_wait5s,time_threshold,7,True
z,1.8333333333333333,0.8613346774853728,1.1348132690544137,0.026564675091893253,12211,12213,stress,fill,threshold_wait5s,time_threshold,7,True
z,1.9166666666666665,0.8602745252626098,1.1334165125542326,0.027198063171295667,12211,12213,stress,fill,threshold_wait5s,time_threshold,7,True
z,2.0,0.8558553159843054,1.127594179541484,0.02791739028200645,12211,12213,stress,fill,threshold_wait5s,time_threshold,7,True
z,2.083333333333333,0.8578882629799516,1.1302725986116169,0.028307259437372664,12211,12213,stress,fill,threshold_wait5s,time_threshold,7,True
z,2.1666666666666665,0.8569851890674588,1.1290827936663133,0.028572542767499397,12211,12213,stress,fill,threshold_wait5s,time_threshold,7,True
z,2.25,0.8517143965872862,1.1221384950083346,0.02890116564456614,12211,12213,stress,fill,threshold_wait5s,time_threshold,7,True
z,2.333333333333333,0.8558756567708339,1.1276209786418325,0.02957389627076352,12211,12213,stress,fill,threshold_wait5s,time_threshold,7,True
z,2.4166666666666665,0.8569454640599514,1.1290304557460935,0.030069820809303323,12211,12213,stress,fill,threshold_wait5s,time_threshold,7,True
z,2.5,0.8560015833982897,1.1277868876798631,0.030476703767478068,12211,12213,stress,fill,threshold_wait5s,time_threshold,7,True
z,2.583333333333333,0.8622070509880179,1.1359626260375357,0.030859331035799464,12211,12213,stress,fill,threshold_wait5s,time_threshold,7,True
z,2.6666666666666665,0.8698396769143847,1.1460186535090604,0.03120135345136182,12211,12213,stress,fill,threshold_wait5s,time_threshold,7,True
z,2.75,0.8731260713882104,1.150348496662633,0.0318102979785854,12211,12213,stress,fill,threshold_wait5s,time_threshold,7,True
z,2.833333333333333,0.8698321791307098,1.1460087751370116,0.03216171108031115,12211,12213,stress,fill,threshold_wait5s,time_threshold,7,True
z,2.9166666666666665,0.8737738926393676,1.1512020047948432,0.03273123062027508,12211,12213,stress,fill,threshold_wait5s,time_threshold,7,True
z,3.0,0.8720760333527016,1.1489650656608925,0.03324068842878327,12211,12213,stress,fill,threshold_wait5s,time_threshold,7,True
seconds,0.1,0.7893555072839501,1.0619782341620323,0.021121227537713956,11993,12085,stress,fill,threshold_wait5s,time_threshold,23,True
seconds,1.0,0.8726538691363278,1.174045669445988,0.02242175522711377,11993,12085,stress,fill,threshold_wait5s,time_threshold,23,True
seconds,5.0,0.8705025760036763,1.1711513759862018,0.024968315385121124,11993,12085,stress,fill,threshold_wait5s,time_threshold,23,True
seconds,15.0,0.8085613820119526,1.0878173152110284,0.0309638773396008,11993,12085,stress,fill,threshold_wait5s,time_threshold,23,True
seconds,30.0,0.8008935639050557,1.0775012334735905,0.03864284411698241,11993,12085,stress,fill,threshold_wait5s,time_threshold,23,True
seconds,60.0,0.8030930321072991,1.0804603404107815,0.04989908163901043,11993,12085,stress,fill,threshold_wait5s,time_threshold,23,True
seconds,180.0,0.7450937659030703,1.0024296460811812,0.07995790276724571,11993,12085,stress,fill,threshold_wait5s,time_threshold,23,True
seconds,600.0,0.7779163475765034,1.0465882881689885,0.1424676460192891,11993,12085,stress,fill,threshold_wait5s,time_threshold,23,True
z,1.0,0.4812581013475993,0.6475330743672354,0.01974050840811317,12082,12085,stress,fill,threshold_wait5s,time_threshold,23,True
z,1.0833333333333333,0.8453345717999957,1.137398191560422,0.021869861043412743,12082,12085,stress,fill,threshold_wait5s,time_threshold,23,True
z,1.1666666666666667,0.8556225376936394,1.1512406560621982,0.02247231969544885,12082,12085,stress,fill,threshold_wait5s,time_threshold,23,True
z,1.25,0.8647116939158555,1.1634701214062522,0.02303547269078439,12082,12085,stress,fill,threshold_wait5s,time_threshold,23,True
z,1.3333333333333333,0.8647708602969756,1.163549729808809,0.0239235855595179,12082,12085,stress,fill,threshold_wait5s,time_threshold,23,True
z,1.4166666666666665,0.8626016042235906,1.160630994414318,0.02454339126331492,12082,12085,stress,fill,threshold_wait5s,time_threshold,23,True
z,1.5,0.8556424477710362,1.1512674450837057,0.025050888585856603,12082,12085,stress,fill,threshold_wait5s,time_threshold,23,True
z,1.5833333333333333,0.8498937202679437,1.1435325286566298,0.025410422523327227,12082,12085,stress,fill,threshold_wait5s,time_threshold,23,True
z,1.6666666666666665,0.8431094817137467,1.134404331466933,0.025779643105827626,12082,12085,stress,fill,threshold_wait5s,time_threshold,23,True
z,1.75,0.8369791800469714,1.126156006765551,0.026224812364051456,12082,12085,stress,fill,threshold_wait5s,time_threshold,23,True
z,1.8333333333333333,0.8302894648156178,1.1171549907654672,0.026714969030183118,12082,12085,stress,fill,threshold_wait5s,time_threshold,23,True
z,1.9166666666666665,0.8278142839149182,1.1138246333257542,0.027242746765952945,12082,12085,stress,fill,threshold_wait5s,time_threshold,23,True
z,2.0,0.8252693186349525,1.110400380960382,0.02786567503350272,12082,12085,stress,fill,threshold_wait5s,time_threshold,23,True
z,2.083333333333333,0.8258843121671967,1.11122785514011,0.028239225407912884,12082,12085,stress,fill,threshold_wait5s,time_threshold,23,True
z,2.1666666666666665,0.827989475830231,1.1140603541566538,0.028808667010687187,12082,12085,stress,fill,threshold_wait5s,time_threshold,23,True
z,2.25,0.826674165005579,1.1122906026248864,0.02929072944734616,12082,12085,stress,fill,threshold_wait5s,time_threshold,23,True
z,2.333333333333333,0.8296326213287206,1.1162712074457524,0.029602691128390382,12082,12085,stress,fill,threshold_wait5s,time_threshold,23,True
z,2.4166666666666665,0.8275974815594267,1.1135329256217419,0.030147720952020635,12082,12085,stress,fill,threshold_wait5s,time_threshold,23,True
z,2.5,0.8291227830317931,1.1155852197004756,0.03067771252199135,12082,12085,stress,fill,threshold_wait5s,time_threshold,23,True
z,2.583333333333333,0.8205540551841701,1.104055991057777,0.031195157800400445,12082,12085,stress,fill,threshold_wait5s,time_threshold,23,True
z,2.6666666666666665,0.8255002130651695,1.110711049559693,0.03190992186724443,12082,12085,stress,fill,threshold_wait5s,time_threshold,23,True
z,2.75,0.825683878791256,1.1109581719082533,0.03222658622145376,12082,12085,stress,fill,threshold_wait5s,time_threshold,23,True
z,2.833333333333333,0.8272917952221198,1.1131216244649735,0.03264731259951079,12082,12085,stress,fill,threshold_wait5s,time_threshold,23,True
z,2.9166666666666665,0.8281428907936681,1.1142667740852745,0.03323642713716918,12082,12085,stress,fill,threshold_wait5s,time_threshold,23,True
z,3.0,0.8283903997951677,1.1145997976005688,0.033550397954924774,12082,12085,stress,fill,threshold_wait5s,time_threshold,23,True
seconds,0.1,0.7949622263416262,1.0587728805155419,0.021744845371052927,12116,12204,stress,fill,threshold_wait5s,time_threshold,71,True
seconds,1.0,0.8659746695141209,1.153351020858374,0.022861411089567338,12116,12204,stress,fill,threshold_wait5s,time_threshold,71,True
seconds,5.0,0.8848473119003236,1.1784866075316363,0.0258245762487546,12116,12204,stress,fill,threshold_wait5s,time_threshold,71,True
seconds,15.0,0.8162959468176271,1.0871862615945846,0.03132063846525141,12116,12204,stress,fill,threshold_wait5s,time_threshold,71,True
seconds,30.0,0.8347520289880775,1.1117670512662714,0.0386129755747561,12116,12204,stress,fill,threshold_wait5s,time_threshold,71,True
seconds,60.0,0.8155254683418001,1.086160097472321,0.05068657832790074,12116,12204,stress,fill,threshold_wait5s,time_threshold,71,True
seconds,180.0,0.762475227739123,1.0155049717395905,0.07972435628460225,12116,12204,stress,fill,threshold_wait5s,time_threshold,71,True
seconds,600.0,0.7697122464873619,1.0251436173664144,0.1411242941937923,12116,12204,stress,fill,threshold_wait5s,time_threshold,71,True
z,1.0,0.49083198427978875,0.6532766575174146,0.020534391789965124,12203,12204,stress,fill,threshold_wait5s,time_threshold,71,True
z,1.0833333333333333,0.8411038117355715,1.1194736780693468,0.022311629194124716,12203,12204,stress,fill,threshold_wait5s,time_threshold,71,True
z,1.1666666666666667,0.8587717559572035,1.1429889662249217,0.023182337398494613,12203,12204,stress,fill,threshold_wait5s,time_threshold,71,True
z,1.25,0.8564640066984283,1.139917449350623,0.02374840024046619,12203,12204,stress,fill,threshold_wait5s,time_threshold,71,True
z,1.3333333333333333,0.866111108243564,1.1527573343906836,0.024190208293982777,12203,12204,stress,fill,threshold_wait5s,time_threshold,71,True
z,1.4166666666666665,0.872188629284597,1.160846258419348,0.02467745282244982,12203,12204,stress,fill,threshold_wait5s,time_threshold,71,True
z,1.5,0.8699499620352061,1.1578666867842156,0.025285495217398066,12203,12204,stress,fill,threshold_wait5s,time_threshold,71,True
z,1.5833333333333333,0.8704275651332796,1.1585023563524635,0.025822122353038882,12203,12204,stress,fill,threshold_wait5s,time_threshold,71,True
z,1.6666666666666665,0.8723787968021106,1.1610993633599154,0.02641551912115555,12203,12204,stress,fill,threshold_wait5s,time_threshold,71,True
z,1.75,0.8743576592946124,1.1637331458276268,0.027179685021755665,12203,12204,stress,fill,threshold_wait5s,time_threshold,71,True
z,1.8333333333333333,0.8797485961055489,1.1709082552205157,0.027430821254102077,12203,12204,stress,fill,threshold_wait5s,time_threshold,71,True
z,1.9166666666666665,0.8808127145684972,1.1723245519879266,0.027976026375885088,12203,12204,stress,fill,threshold_wait5s,time_threshold,71,True
z,2.0,0.8763195797459651,1.1663443791535384,0.02853427848976773,12203,12204,stress,fill,threshold_wait5s,time_threshold,71,True
z,2.083333333333333,0.8717210915126002,1.1602239853753422,0.028763412119454414,12203,12204,stress,fill,threshold_wait5s,time_threshold,71,True
z,2.1666666666666665,0.8671332716304871,1.1541177907224478,0.02929389361874413,12203,12204,stress,fill,threshold_wait5s,time_threshold,71,True
z,2.25,0.867883075457011,1.1551157479731433,0.029687162496432187,12203,12204,stress,fill,threshold_wait5s,time_threshold,71,True
z,2.333333333333333,0.8635981860210752,1.1494127409601689,0.03015563779965731,12203,12204,stress,fill,threshold_wait5s,time_threshold,71,True
z,2.4166666666666665,0.8646243853149618,1.1507785689137824,0.03043066150339408,12203,12204,stress,fill,threshold_wait5s,time_threshold,71,True
z,2.5,0.8640783887731871,1.150051870558234,0.0308870810123218,12203,12204,stress,fill,threshold_wait5s,time_threshold,71,True
z,2.583333333333333,0.8639732815301555,1.149911977253381,0.03135882445811602,12203,12204,stress,fill,threshold_wait5s,time_threshold,71,True
z,2.6666666666666665,0.8636764629465471,1.149516924244614,0.03170524796756837,12203,12204,stress,fill,threshold_wait5s,time_threshold,71,True
z,2.75,0.862191863196505,1.1475409846287763,0.03237412516357914,12203,12204,stress,fill,threshold_wait5s,time_threshold,71,True
z,2.833333333333333,0.8581933113621092,1.1422190808797426,0.032671233122810985,12203,12204,stress,fill,threshold_wait5s,time_threshold,71,True
z,2.9166666666666665,0.8640534084672165,1.150018622825179,0.0329806324822844,12203,12204,stress,fill,threshold_wait5s,time_threshold,71,True
z,3.0,0.8662147016566738,1.152895212851796,0.033352822239086484,12203,12204,stress,fill,threshold_wait5s,time_threshold,71,True
