bin,x,y,sem_iid,n,regime,granularity,variant,method,seed,primary,selection
2.0,7.849347910689398e-09,0.0,,1,normal,aggressive,random_n6,random_traders,7,True,all_signed
3.0,1.309346216088054e-08,0.03124633572086395,,1,normal,aggressive,random_n6,random_traders,7,True,all_signed
4.0,2.4435404104889317e-08,0.002255892788551118,0.002328819060142148,8,normal,aggressive,random_n6,random_traders,7,True,all_signed
5.0,4.980921856538835e-08,0.00222129320088564,0.0011420681871230484,53,normal,aggressive,random_n6,random_traders,7,True,all_signed
6.0,9.853305821256218e-08,0.0007466722873722224,0.0004613969555723836,254,normal,aggressive,random_n6,random_traders,7,True,all_signed
7.0,1.8784744040095978e-07,0.0006682293665506817,0.000326759085978483,573,normal,aggressive,random_n6,random_traders,7,True,all_signed
8.0,3.739805247179999e-07,0.002015326064353921,0.00022692851587171846,1458,normal,aggressive,random_n6,random_traders,7,True,all_signed
9.0,7.319515804895578e-07,0.0026635733353610517,0.00021172545813148052,2407,normal,aggressive,random_n6,random_traders,7,True,all_signed
10.0,1.4884039268894423e-06,0.004511301165292059,0.0001945237285136765,3518,normal,aggressive,random_n6,random_traders,7,True,all_signed
11.0,2.8500837373056982e-06,0.0054559894396959685,0.00020444752409548892,4056,normal,aggressive,random_n6,random_traders,7,True,all_signed
12.0,5.75387249379153e-06,0.005510461301074411,0.00025176435712389526,3695,normal,aggressive,random_n6,random_traders,7,True,all_signed
13.0,1.1409814891835327e-05,0.006400267881101998,0.0002601564661240782,3906,normal,aggressive,random_n6,random_traders,7,True,all_signed
14.0,2.2807005718962898e-05,0.007896888669540582,0.0002941545654889875,3599,normal,aggressive,random_n6,random_traders,7,True,all_signed
15.0,4.505834035168799e-05,0.008614734870322912,0.00032543266406691757,3171,normal,aggressive,random_n6,random_traders,7,True,all_signed
16.0,8.890764737308924e-05,0.009587961846442963,0.0003850653050423903,2694,normal,aggressive,random_n6,random_traders,7,True,all_signed
17.0,0.00017828852877867257,0.012467557892058341,0.0005398082608963732,2015,normal,aggressive,random_n6,random_traders,7,True,all_signed
18.0,0.0003574709735865123,0.01372401832052218,0.0005770144839797412,1656,normal,aggressive,random_n6,random_traders,7,True,all_signed
19.0,0.0006998351053829004,0.01352034963326928,0.0006450753519118967,1383,normal,aggressive,random_n6,random_traders,7,True,all_signed
20.0,0.0013701311657687068,0.015243623888580691,0.0009361788905078711,871,normal,aggressive,random_n6,random_traders,7,True,all_signed
21.0,0.0027312712354598248,0.01798025990736673,0.0016171328343404106,407,normal,aggressive,random_n6,random_traders,7,True,all_signed
22.0,0.005315058076009843,0.02132985501069403,0.0029200469744623788,134,normal,aggressive,random_n6,random_traders,7,True,all_signed
23.0,0.009992331256228103,0.028486067605447526,0.008807634440557393,28,normal,aggressive,random_n6,random_traders,7,True,all_signed
24.0,0.018751024523386516,0.03940750178351713,0.01540131957940433,3,normal,aggressive,random_n6,random_traders,7,True,all_signed
3.0,1.309346216088054e-08,0.03124633572086395,,1,normal,aggressive,random_n6,random_traders,7,True,positive_only
4.0,2.534655947146078e-08,0.007100442257038359,0.002600586509549727,4,normal,aggressive,random_n6,random_traders,7,True,positive_only
5.0,4.863380109281422e-08,0.010082864878450682,0.0014321628024586302,20,normal,aggressive,random_n6,random_traders,7,True,positive_only
6.0,9.633903802958063e-08,0.007586533529444326,0.0008033879393637835,78,normal,aggressive,random_n6,random_traders,7,True,positive_only
7.0,1.922246605360313e-07,0.007804324295171214,0.0005544537090116068,178,normal,aggressive,random_n6,random_traders,7,True,positive_only
8.0,3.7879445398682756e-07,0.007925029373878028,0.0003153011535803936,657,normal,aggressive,random_n6,random_traders,7,True,positive_only
9.0,7.324785681143945e-07,0.009088567623834764,0.0002552552396412932,1173,normal,aggressive,random_n6,random_traders,7,True,positive_only
10.0,1.5051337957339114e-06,0.01079811713874496,0.0002383256085156344,1974,normal,aggressive,random_n6,random_traders,7,True,positive_only
11.0,2.845156791080542e-06,0.012463323654380676,0.00024481003081022176,2344,normal,aggressive,random_n6,random_traders,7,True,positive_only
12.0,5.730387379948045e-06,0.013366860081284999,0.00030556008781719944,2137,normal,aggressive,random_n6,random_traders,7,True,positive_only
13.0,1.139491918638751e-05,0.013922222390741808,0.00031972872648942214,2359,normal,aggressive,random_n6,random_traders,7,True,positive_only
14.0,2.2846496429735438e-05,0.015135422989253102,0.0003546826453986493,2327,normal,aggressive,random_n6,random_traders,7,True,positive_only
15.0,4.499489159724988e-05,0.016129516732845694,0.0003769764632871232,2089,normal,aggressive,random_n6,random_traders,7,True,positive_only
16.0,8.931438916791731e-05,0.017007158026621817,0.00044639002816659965,1824,normal,aggressive,random_n6,random_traders,7,True,positive_only
17.0,0.00017793966529524623,0.020516205496482653,0.0006207510867792875,1429,normal,aggressive,random_n6,random_traders,7,True,positive_only
18.0,0.00035674938924198094,0.020920216376804624,0.0006590225502003767,1214,normal,aggressive,random_n6,random_traders,7,True,positive_only
19.0,0.0006983590365949021,0.021737037237087597,0.0007537205680359106,967,normal,aggressive,random_n6,random_traders,7,True,positive_only
20.0,0.0013801439624596633,0.023748902127586183,0.0011127509838896586,625,normal,aggressive,random_n6,random_traders,7,True,positive_only
21.0,0.0027477098162426387,0.026979605057317634,0.001935856007630969,298,normal,aggressive,random_n6,random_traders,7,True,positive_only
22.0,0.005262427085381878,0.02919333122399395,0.0032404679014185296,106,normal,aggressive,random_n6,random_traders,7,True,positive_only
23.0,0.010201782183461797,0.03872057711150658,0.008878345775809236,23,normal,aggressive,random_n6,random_traders,7,True,positive_only
24.0,0.018751024523386516,0.03940750178351713,0.01540131957940433,3,normal,aggressive,random_n6,random_traders,7,True,positive_only
3.0,1.2088860989212392e-08,-0.000726932900724185,0.000726932900724185,2,normal,aggressive,random_n6,random_traders,23,True,all_signed
4.0,2.2858880278707024e-08,-1.2394892497649816e-05,0.0011548689163638646,11,normal,aggressive,random_n6,random_traders,23,True,all_signed
5.0,4.7755007388816874e-08,0.0027632449185481544,0.0009361535873594775,60,normal,aggressive,random_n6,random_traders,23,True,all_signed
6.0,9.732890166967433e-08,0.00037544780612672234,0.0004859510708691938,234,normal,aggressive,random_n6,random_traders,23,True,all_signed
7.0,1.9034349959249225e-07,0.0010132663962712678,0.0003370851956821162,571,normal,aggressive,random_n6,random_traders,23,True,all_signed
8.0,3.745687870719024e-07,0.0020892014063889,0.00024317962195797557,1445,normal,aggressive,random_n6,random_traders,23,True,all_signed
9.0,7.356969637399024e-07,0.0026655948828900287,0.0001985325878490921,2291,normal,aggressive,random_n6,random_traders,23,True,all_signed
10.0,1.4862782879607232e-06,0.00431893785341455,0.00018944530426988655,3568,normal,aggressive,random_n6,random_traders,23,True,all_signed
11.0,2.845662066946579e-06,0.005471796706129818,0.00021164511864340526,3979,normal,aggressive,random_n6,random_traders,23,True,all_signed
12.0,5.7147707398799586e-06,0.005781021686807037,0.00025401981072887246,3637,normal,aggressive,random_n6,random_traders,23,True,all_signed
13.0,1.148208845765384e-05,0.006385143545439866,0.00026140077510935014,3920,normal,aggressive,random_n6,random_traders,23,True,all_signed
14.0,2.272049963112101e-05,0.007263896183210711,0.0002870812695441368,3567,normal,aggressive,random_n6,random_traders,23,True,all_signed
15.0,4.502713509797709e-05,0.008235688744893216,0.00032537292462416346,3194,normal,aggressive,random_n6,random_traders,23,True,all_signed
16.0,8.976929085584825e-05,0.01031117589209191,0.00039191455110934803,2758,normal,aggressive,random_n6,random_traders,23,True,all_signed
17.0,0.00017777554924395034,0.012647882612985282,0.0005118228508258657,2006,normal,aggressive,random_n6,random_traders,23,True,all_signed
18.0,0.00035755606355323676,0.014015716381359098,0.0006130496612868924,1642,normal,aggressive,random_n6,random_traders,23,True,all_signed
19.0,0.0006980169998937171,0.01366884435267155,0.000694537037194608,1397,normal,aggressive,random_n6,random_traders,23,True,all_signed
20.0,0.001374724196414177,0.014930791218261854,0.0009575188841368544,875,normal,aggressive,random_n6,random_traders,23,True,all_signed
21.0,0.002694965076636819,0.017180183073577215,0.001547311648663999,388,normal,aggressive,random_n6,random_traders,23,True,all_signed
22.0,0.005365212459404532,0.022800193385370163,0.002946345056515834,145,normal,aggressive,random_n6,random_traders,23,True,all_signed
23.0,0.009698503304591965,0.024946931939427073,0.005574025584222828,34,normal,aggressive,random_n6,random_traders,23,True,all_signed
24.0,0.02065228512122607,0.033166692107393245,0.010420908076189827,4,normal,aggressive,random_n6,random_traders,23,True,all_signed
4.0,1.6416046347558507e-08,0.010010253170853675,,1,normal,aggressive,random_n6,random_traders,23,True,positive_only
5.0,4.77993467109045e-08,0.007471451313993736,0.0015339363070330462,27,normal,aggressive,random_n6,random_traders,23,True,positive_only
6.0,9.840866317832516e-08,0.007855862046055222,0.0009076758351050899,65,normal,aggressive,random_n6,random_traders,23,True,positive_only
7.0,1.8933146566303593e-07,0.008448352430723421,0.0006862444745080957,175,normal,aggressive,random_n6,random_traders,23,True,positive_only
8.0,3.8124438471654134e-07,0.00846439028919785,0.00036668904881263906,628,normal,aggressive,random_n6,random_traders,23,True,positive_only
9.0,7.397380692330544e-07,0.00845222220130132,0.00021803144494667598,1148,normal,aggressive,random_n6,random_traders,23,True,positive_only
10.0,1.5080554928000503e-06,0.010367969303941117,0.00022469255237512762,2021,normal,aggressive,random_n6,random_traders,23,True,positive_only
11.0,2.8309583959704986e-06,0.012586755311953846,0.00025525003021321425,2284,normal,aggressive,random_n6,random_traders,23,True,positive_only
12.0,5.7120204561832185e-06,0.013804540402522436,0.0003161833460088465,2074,normal,aggressive,random_n6,random_traders,23,True,positive_only
13.0,1.1483784529083602e-05,0.013886562877102588,0.00032009644707427877,2390,normal,aggressive,random_n6,random_traders,23,True,positive_only
14.0,2.280161143977991e-05,0.014870677289436394,0.00033774322047381596,2248,normal,aggressive,random_n6,random_traders,23,True,positive_only
15.0,4.4991189333020104e-05,0.01608210318564241,0.0003921370155284088,2038,normal,aggressive,random_n6,random_traders,23,True,positive_only
16.0,9.022406103616258e-05,0.01824995880706902,0.0004435272392428064,1880,normal,aggressive,random_n6,random_traders,23,True,positive_only
17.0,0.0001781462414258276,0.020419583516428082,0.0005916320065805213,1424,normal,aggressive,random_n6,random_traders,23,True,positive_only
18.0,0.0003554240091484283,0.021728599700094643,0.0007048561402352842,1196,normal,aggressive,random_n6,random_traders,23,True,positive_only
19.0,0.0006972644050000028,0.021674925128036985,0.0008076910367490139,1005,normal,aggressive,random_n6,random_traders,23,True,positive_only
20.0,0.0013709874695145565,0.022958653626898962,0.001170795403016373,626,normal,aggressive,random_n6,random_traders,23,True,positive_only
21.0,0.0027414298125232896,0.026803938919533577,0.0018187529929082223,279,normal,aggressive,random_n6,random_traders,23,True,positive_only
22.0,0.00544383902287064,0.030981093672047936,0.003333699038435983,114,normal,aggressive,random_n6,random_traders,23,True,positive_only
23.0,0.009823090758496364,0.031360809550412774,0.00607922929060577,28,normal,aggressive,random_n6,random_traders,23,True,positive_only
24.0,0.02065228512122607,0.033166692107393245,0.010420908076189827,4,normal,aggressive,random_n6,random_traders,23,True,positive_only
0.0,1.0644745600362464e-09,0.007269232048782681,,1,normal,aggressive,random_n6,random_traders,71,True,all_signed
3.0,1.4019966189698597e-08,0.0020273112814854864,0.0019673186266621523,3,normal,aggressive,random_n6,random_traders,71,True,all_signed
4.0,2.7079654120215714e-08,0.0018002324260449748,0.0013130873440869379,12,normal,aggressive,random_n6,random_traders,71,True,all_signed
5.0,4.966163650029562e-08,0.0015309920780081018,0.0008744256392448186,60,normal,aggressive,random_n6,random_traders,71,True,all_signed
6.0,9.742491553044297e-08,0.00044285353601322604,0.0004932745205788015,234,normal,aggressive,random_n6,random_traders,71,True,all_signed
7.0,1.8934160841273545e-07,0.0004580410463745765,0.0003759003312114493,552,normal,aggressive,random_n6,random_traders,71,True,all_signed
8.0,3.707536004097186e-07,0.002001117528562455,0.00021684435406431994,1464,normal,aggressive,random_n6,random_traders,71,True,all_signed
9.0,7.300041880521493e-07,0.0029985535600108586,0.0002016584676877791,2342,normal,aggressive,random_n6,random_traders,71,True,all_signed
10.0,1.485862683190178e-06,0.004075137221240147,0.00017839152542840656,3548,normal,aggressive,random_n6,random_traders,71,True,all_signed
11.0,2.85647398355933e-06,0.005255696758513044,0.00020629732370871641,4028,normal,aggressive,random_n6,random_traders,71,True,all_signed
12.0,5.7519192552281975e-06,0.006011504126047657,0.00025688531663751844,3713,normal,aggressive,random_n6,random_traders,71,True,all_signed
13.0,1.144821226550042e-05,0.006161980627166805,0.00025104905310493266,3859,normal,aggressive,random_n6,random_traders,71,True,all_signed
14.0,2.2758137762028125e-05,0.007232242920803952,0.000290531293778796,3633,normal,aggressive,random_n6,random_traders,71,True,all_signed
15.0,4.514833911909451e-05,0.00893343711800055,0.00033740978952197194,3160,normal,aggressive,random_n6,random_traders,71,True,all_signed
16.0,8.895404740295227e-05,0.010202555531784431,0.0003865543506086343,2775,normal,aggressive,random_n6,random_traders,71,True,all_signed
17.0,0.00017873982801889837,0.01264478536170818,0.0005499933942396161,1989,normal,aggressive,random_n6,random_traders,71,True,all_signed
18.0,0.0003566569072588822,0.013353042517143783,0.0005690303294464439,1660,normal,aggressive,random_n6,random_traders,71,True,all_signed
19.0,0.0007016414044662055,0.01499873161295519,0.0007305709705620078,1396,normal,aggressive,random_n6,random_traders,71,True,all_signed
20.0,0.0013737174315310787,0.014703299112177605,0.0008952885652187488,846,normal,aggressive,random_n6,random_traders,71,True,all_signed
21.0,0.002744459816689529,0.01702685453767958,0.0015280195526650685,419,normal,aggressive,random_n6,random_traders,71,True,all_signed
22.0,0.0054496978353373105,0.022936640695611146,0.002896801921707584,147,normal,aggressive,random_n6,random_traders,71,True,all_signed
23.0,0.009507112621543764,0.026305958376583834,0.00598379825354912,28,normal,aggressive,random_n6,random_traders,71,True,all_signed
24.0,0.02064505932203403,0.027775534622977698,0.009686458404081257,3,normal,aggressive,random_n6,random_traders,71,True,all_signed
0.0,1.0644745600362464e-09,0.007269232048782681,,1,normal,aggressive,random_n6,random_traders,71,True,positive_only
3.0,1.3882380182775003e-08,0.0030409669222282295,0.0029203654672672096,2,normal,aggressive,random_n6,random_traders,71,True,positive_only
4.0,2.7894256721858124e-08,0.004836979781218558,0.0017886929148388394,6,normal,aggressive,random_n6,random_traders,71,True,positive_only
5.0,4.926554177690571e-08,0.006849723196236889,0.0013502441899562792,23,normal,aggressive,random_n6,random_traders,71,True,positive_only
6.0,9.596925004045303e-08,0.007718155292665544,0.0008653628118725689,67,normal,aggressive,random_n6,random_traders,71,True,positive_only
7.0,1.925732406112679e-07,0.007917158693895164,0.0006864634810410224,174,normal,aggressive,random_n6,random_traders,71,True,positive_only
8.0,3.7624844662145163e-07,0.007677600200587011,0.00027900173685162336,675,normal,aggressive,random_n6,random_traders,71,True,positive_only
9.0,7.325018834194449e-07,0.009092749057455527,0.0002583465888286447,1172,normal,aggressive,random_n6,random_traders,71,True,positive_only
10.0,1.504447580830108e-06,0.010090076413917314,0.000207119890295905,1972,normal,aggressive,random_n6,random_traders,71,True,positive_only
11.0,2.856634989921755e-06,0.012182922080338629,0.0002458508505214218,2329,normal,aggressive,random_n6,random_traders,71,True,positive_only
12.0,5.728775811153549e-06,0.01430035025656141,0.0003222392756923017,2105,normal,aggressive,random_n6,random_traders,71,True,positive_only
13.0,1.1418289413698886e-05,0.01368168955086118,0.000314076012718567,2288,normal,aggressive,random_n6,random_traders,71,True,positive_only
14.0,2.274353515459052e-05,0.014976254930781429,0.0003482490942321117,2267,normal,aggressive,random_n6,random_traders,71,True,positive_only
15.0,4.5238470617144616e-05,0.016611478305451843,0.0003922908903257131,2083,normal,aggressive,random_n6,random_traders,71,True,positive_only
16.0,8.925093499073578e-05,0.017934038539545328,0.0004359004508300148,1902,normal,aggressive,random_n6,random_traders,71,True,positive_only
17.0,0.00017901769285888703,0.02051611125026269,0.0006403986276639303,1420,normal,aggressive,random_n6,random_traders,71,True,positive_only
18.0,0.000355722997693225,0.020912550762510224,0.0006442332252657879,1201,normal,aggressive,random_n6,random_traders,71,True,positive_only
19.0,0.0007015274200680645,0.023173398260422078,0.0008794980604869535,999,normal,aggressive,random_n6,random_traders,71,True,positive_only
20.0,0.0013826343252357068,0.023342184873166,0.001051170619935659,599,normal,aggressive,random_n6,random_traders,71,True,positive_only
21.0,0.0027520099805300046,0.027215942945630917,0.001849727186462957,294,normal,aggressive,random_n6,random_traders,71,True,positive_only
22.0,0.005477037384491104,0.029815370758906452,0.0032571859516651743,119,normal,aggressive,random_n6,random_traders,71,True,positive_only
23.0,0.009610667215938609,0.0297403739603154,0.006364959356706348,25,normal,aggressive,random_n6,random_traders,71,True,positive_only
24.0,0.02064505932203403,0.027775534622977698,0.009686458404081257,3,normal,aggressive,random_n6,random_traders,71,True,positive_only
3.0,1.3678064167049063e-08,0.009118001911444665,0.004800721906914066,3,normal,aggressive,random_n20,random_traders,7,False,all_signed
4.0,2.5114446146718153e-08,0.006484144311593981,0.0044493902895715535,11,normal,aggressive,random_n20,random_traders,7,False,all_signed
5.0,4.843419520826357e-08,0.00023590130251072977,0.001641283780393838,70,normal,aggressive,random_n20,random_traders,7,False,all_signed
6.0,9.915990927960041e-08,-0.00013880827017157863,0.0008490474047146927,281,normal,aggressive,random_n20,random_traders,7,False,all_signed
7.0,1.892238896660564e-07,0.000524261610280046,0.0005674819172816142,612,normal,aggressive,random_n20,random_traders,7,False,all_signed
8.0,3.7339352604903946e-07,0.0023697259927197394,0.0004251595080151027,1506,normal,aggressive,random_n20,random_traders,7,False,all_signed
9.0,7.33795063057134e-07,0.0033432800926584826,0.0003911661633770409,2402,normal,aggressive,random_n20,random_traders,7,False,all_signed
10.0,1.4661387582534875e-06,0.00541143699970174,0.00035432641806498066,3722,normal,aggressive,random_n20,random_traders,7,False,all_signed
11.0,2.8341035402901742e-06,0.006779940902163796,0.00037783114582067646,4079,normal,aggressive,random_n20,random_traders,7,False,all_signed
12.0,5.745602455460114e-06,0.007726746923472251,0.0004541414665695019,3794,normal,aggressive,random_n20,random_traders,7,False,all_signed
13.0,1.1441735442867763e-05,0.007641651685639301,0.0004387693336404884,4167,normal,aggressive,random_n20,random_traders,7,False,all_signed
14.0,2.283075674559969e-05,0.010289443518109443,0.0005077405282151344,3668,normal,aggressive,random_n20,random_traders,7,False,all_signed
15.0,4.528049344300728e-05,0.011174824877411024,0.0005669665092974412,3399,normal,aggressive,random_n20,random_traders,7,False,all_signed
16.0,8.955482767127584e-05,0.012874321704519777,0.0006748335618613931,2887,normal,aggressive,random_n20,random_traders,7,False,all_signed
17.0,0.0001794089856792967,0.015798093013079273,0.0008004743799558997,2105,normal,aggressive,random_n20,random_traders,7,False,all_signed
18.0,0.00035832614927398636,0.018397412796416622,0.0008950558061425975,1998,normal,aggressive,random_n20,random_traders,7,False,all_signed
19.0,0.0006928451012536401,0.019669733623118798,0.001026833430302797,1708,normal,aggressive,random_n20,random_traders,7,False,all_signed
20.0,0.0013488174377519378,0.021276138483653395,0.0015106806112878501,857,normal,aggressive,random_n20,random_traders,7,False,all_signed
21.0,0.0026933193695444207,0.027326285558489916,0.002756829561408005,336,normal,aggressive,random_n20,random_traders,7,False,all_signed
22.0,0.0052339114388369155,0.03779502939199144,0.006025315246810596,96,normal,aggressive,random_n20,random_traders,7,False,all_signed
23.0,0.009801114691424922,0.03616582251263588,0.011064879325873784,21,normal,aggressive,random_n20,random_traders,7,False,all_signed
24.0,0.020642598217388612,0.06487758806073894,0.013659417912810775,3,normal,aggressive,random_n20,random_traders,7,False,all_signed
3.0,1.2595647777324279e-08,0.013677002867166997,0.0026052491895675687,2,normal,aggressive,random_n20,random_traders,7,False,positive_only
4.0,2.517082885024449e-08,0.015130295175271261,0.0037187212990194888,7,normal,aggressive,random_n20,random_traders,7,False,positive_only
5.0,4.584279469769242e-08,0.0108865453141594,0.0017769547492774765,29,normal,aggressive,random_n20,random_traders,7,False,positive_only
6.0,9.78950155264069e-08,0.011651365932967013,0.0013107219900514789,100,normal,aggressive,random_n20,random_traders,7,False,positive_only
7.0,1.9137916102957321e-07,0.01129188148456436,0.0006296413965492127,264,normal,aggressive,random_n20,random_traders,7,False,positive_only
8.0,3.778110119702461e-07,0.012688860174777961,0.0005084574075089076,758,normal,aggressive,random_n20,random_traders,7,False,positive_only
9.0,7.420979641321522e-07,0.01481470635069872,0.0004023780063551728,1272,normal,aggressive,random_n20,random_traders,7,False,positive_only
10.0,1.4779701680466373e-06,0.016830306658460522,0.0003764552000161443,2180,normal,aggressive,random_n20,random_traders,7,False,positive_only
11.0,2.828299718211927e-06,0.01963127988106564,0.00041753134624212743,2400,normal,aggressive,random_n20,random_traders,7,False,positive_only
12.0,5.7509474731833174e-06,0.02220661744100364,0.0005241862503202852,2220,normal,aggressive,random_n20,random_traders,7,False,positive_only
13.0,1.1521305538651458e-05,0.02192966637488115,0.0004800453779255602,2497,normal,aggressive,random_n20,random_traders,7,False,positive_only
14.0,2.2819751008154783e-05,0.024474602999565137,0.0005618838028508208,2322,normal,aggressive,random_n20,random_traders,7,False,positive_only
15.0,4.5493575960271467e-05,0.026590230482848486,0.0006235033993197646,2138,normal,aggressive,random_n20,random_traders,7,False,positive_only
16.0,8.947653733935032e-05,0.028215073498571934,0.0007371110368080105,1903,normal,aggressive,random_n20,random_traders,7,False,positive_only
17.0,0.00017993104180539704,0.030448859748807934,0.0008377174216205686,1447,normal,aggressive,random_n20,random_traders,7,False,positive_only
18.0,0.0003557540991402521,0.033075462103794126,0.001021658086339812,1386,normal,aggressive,random_n20,random_traders,7,False,positive_only
19.0,0.0006944652947589601,0.034381062425290085,0.0012037347605020723,1189,normal,aggressive,random_n20,random_traders,7,False,positive_only
20.0,0.0013446042578938995,0.03620689255787757,0.0017519901613530504,606,normal,aggressive,random_n20,random_traders,7,False,positive_only
21.0,0.0027594946846600642,0.043995283439533586,0.0032589042422978922,237,normal,aggressive,random_n20,random_traders,7,False,positive_only
22.0,0.005198143231756975,0.05001715883300449,0.006086563944046929,81,normal,aggressive,random_n20,random_traders,7,False,positive_only
23.0,0.01006835223914782,0.05460244937177308,0.012517217302778685,15,normal,aggressive,random_n20,random_traders,7,False,positive_only
24.0,0.020642598217388612,0.06487758806073894,0.013659417912810775,3,normal,aggressive,random_n20,random_traders,7,False,positive_only
3.0,8.33482503192616e-09,-0.00145386580144837,,1,normal,aggressive,random_n20,random_traders,23,False,all_signed
4.0,2.4838166547334887e-08,-0.000943673325849554,0.0023045992315340303,9,normal,aggressive,random_n20,random_traders,23,False,all_signed
5.0,4.973398122219435e-08,0.002298487596187297,0.0015235998673691219,68,normal,aggressive,random_n20,random_traders,23,False,all_signed
6.0,9.628393962318406e-08,0.0009886806588947888,0.00088078787829583,278,normal,aggressive,random_n20,random_traders,23,False,all_signed
7.0,1.9257519127172623e-07,0.001555182032778309,0.0006269950361288229,558,normal,aggressive,random_n20,random_traders,23,False,all_signed
8.0,3.7228106590001925e-07,0.002256741369598742,0.0004534244020635165,1592,normal,aggressive,random_n20,random_traders,23,False,all_signed
9.0,7.326215635156282e-07,0.0038406059751268725,0.0003723352699228726,2368,normal,aggressive,random_n20,random_traders,23,False,all_signed
10.0,1.4622463798839e-06,0.005019576944256366,0.00031708580762432987,3682,normal,aggressive,random_n20,random_traders,23,False,all_signed
11.0,2.8429821015697532e-06,0.0069397415775905216,0.00039786145133690075,4022,normal,aggressive,random_n20,random_traders,23,False,all_signed
12.0,5.75455188421861e-06,0.007575670878522274,0.00044775705249202897,3777,normal,aggressive,random_n20,random_traders,23,False,all_signed
13.0,1.14746871356244e-05,0.008256027189510453,0.0004455763686257382,4104,normal,aggressive,random_n20,random_traders,23,False,all_signed
14.0,2.2752916010428816e-05,0.010068261493112062,0.0004809096293397443,3838,normal,aggressive,random_n20,random_traders,23,False,all_signed
15.0,4.521198577422357e-05,0.009574152583254267,0.0005790307375417198,3311,normal,aggressive,random_n20,random_traders,23,False,all_signed
16.0,8.969391821857229e-05,0.012854628818110309,0.0006783262148844212,2883,normal,aggressive,random_n20,random_traders,23,False,all_signed
17.0,0.00017898750365761312,0.016488484881845396,0.0007794890713415255,2213,normal,aggressive,random_n20,random_traders,23,False,all_signed
18.0,0.00036053558435312534,0.018553518433382467,0.0009123017457185506,2049,normal,aggressive,random_n20,random_traders,23,False,all_signed
19.0,0.0006893621232379491,0.018843501445588745,0.0010271902151218384,1683,normal,aggressive,random_n20,random_traders,23,False,all_signed
20.0,0.0013376131602456434,0.01883364574291176,0.0015470817010520303,880,normal,aggressive,random_n20,random_traders,23,False,all_signed
21.0,0.0027530702839584976,0.026584050643463215,0.0028387210079653066,337,normal,aggressive,random_n20,random_traders,23,False,all_signed
22.0,0.005305234940118316,0.026655360633024067,0.004703232375516942,96,normal,aggressive,random_n20,random_traders,23,False,all_signed
23.0,0.00975646347891332,0.04855477639642825,0.012055700381376365,22,normal,aggressive,random_n20,random_traders,23,False,all_signed
24.0,0.024513589380486176,0.05631102167798918,,1,normal,aggressive,random_n20,random_traders,23,False,all_signed
4.0,2.434651171722035e-08,0.004250036629647686,0.0011651456460297503,4,normal,aggressive,random_n20,random_traders,23,False,positive_only
5.0,5.135898522703289e-08,0.01080535302428738,0.001989964658737669,32,normal,aggressive,random_n20,random_traders,23,False,positive_only
6.0,9.525942807803898e-08,0.012539012178224077,0.0012991999927697,107,normal,aggressive,random_n20,random_traders,23,False,positive_only
7.0,1.9456969504542657e-07,0.013696194530276446,0.000911459314248519,215,normal,aggressive,random_n20,random_traders,23,False,positive_only
8.0,3.710329640519291e-07,0.013153456204766779,0.0005155572804403855,790,normal,aggressive,random_n20,random_traders,23,False,positive_only
9.0,7.275021122325405e-07,0.014619079688863192,0.00041117176332729026,1271,normal,aggressive,random_n20,random_traders,23,False,positive_only
10.0,1.4716056008894257e-06,0.01592196770305055,0.000343617221195626,2116,normal,aggressive,random_n20,random_traders,23,False,positive_only
11.0,2.851153442011886e-06,0.02006504626915923,0.00043316405825447426,2383,normal,aggressive,random_n20,random_traders,23,False,positive_only
12.0,5.75003896635017e-06,0.022109378675574894,0.0005094894856802825,2205,normal,aggressive,random_n20,random_traders,23,False,positive_only
13.0,1.151608789619765e-05,0.022567206185234535,0.00048317186017198785,2512,normal,aggressive,random_n20,random_traders,23,False,positive_only
14.0,2.2832502911496147e-05,0.024612247968300263,0.0005248152880547137,2388,normal,aggressive,random_n20,random_traders,23,False,positive_only
15.0,4.5141858330587616e-05,0.0249692190189988,0.0006331807369054624,2062,normal,aggressive,random_n20,random_traders,23,False,positive_only
16.0,8.995868493310526e-05,0.02847750285132204,0.0007516088856557703,1887,normal,aggressive,random_n20,random_traders,23,False,positive_only
17.0,0.00017953321637757233,0.031012346859727067,0.0008422163396939186,1527,normal,aggressive,random_n20,random_traders,23,False,positive_only
18.0,0.0003607189416557343,0.03259065916638121,0.001042700388725361,1449,normal,aggressive,random_n20,random_traders,23,False,positive_only
19.0,0.0006922431874835855,0.03262366589433329,0.001123656839876503,1206,normal,aggressive,random_n20,random_traders,23,False,positive_only
20.0,0.001344021107882631,0.03643554083210435,0.001798012841549505,595,normal,aggressive,random_n20,random_traders,23,False,positive_only
21.0,0.0028115507046408304,0.046167669153140245,0.0032476260430879277,234,normal,aggressive,random_n20,random_traders,23,False,positive_only
22.0,0.005282818012244582,0.04063803454543786,0.0051360361612938325,72,normal,aggressive,random_n20,random_traders,23,False,positive_only
23.0,0.009916564850759207,0.05742277700263966,0.012789055580793598,19,normal,aggressive,random_n20,random_traders,23,False,positive_only
24.0,0.024513589380486176,0.05631102167798918,,1,normal,aggressive,random_n20,random_traders,23,False,positive_only
2.0,7.878188135713364e-09,-0.00948680365661355,,1,normal,aggressive,random_n20,random_traders,71,False,all_signed
3.0,1.3731934439888458e-08,0.008716674078737274,0.00937191621317597,5,normal,aggressive,random_n20,random_traders,71,False,all_signed
4.0,2.3986072986146714e-08,0.00502432759875574,0.004464059261365593,16,normal,aggressive,random_n20,random_traders,71,False,all_signed
5.0,4.866873898598064e-08,0.0033650485834740462,0.0018427977010570412,60,normal,aggressive,random_n20,random_traders,71,False,all_signed
6.0,9.79903854589266e-08,0.0017194047897285208,0.0008716092113195652,270,normal,aggressive,random_n20,random_traders,71,False,all_signed
7.0,1.8787423266177062e-07,0.000905525826348641,0.0007004516994761304,614,normal,aggressive,random_n20,random_traders,71,False,all_signed
8.0,3.7608030731276794e-07,0.002547606935435578,0.00046942398850926463,1551,normal,aggressive,random_n20,random_traders,71,False,all_signed
9.0,7.305626694307534e-07,0.0032921909326724705,0.000396051985060481,2509,normal,aggressive,random_n20,random_traders,71,False,all_signed
10.0,1.478885772113295e-06,0.006013258406854165,0.0003436428269276057,3585,normal,aggressive,random_n20,random_traders,71,False,all_signed
11.0,2.850986203832712e-06,0.006403126371609957,0.0003921837336658936,4036,normal,aggressive,random_n20,random_traders,71,False,all_signed
12.0,5.73619703957118e-06,0.007357835071042041,0.0004468366041382438,3794,normal,aggressive,random_n20,random_traders,71,False,all_signed
13.0,1.1391579113891353e-05,0.008521852933970155,0.0004515133120094423,4015,normal,aggressive,random_n20,random_traders,71,False,all_signed
14.0,2.2703443495795375e-05,0.010033275176847375,0.0005028267316956515,3775,normal,aggressive,random_n20,random_traders,71,False,all_signed
15.0,4.517395441471753e-05,0.01089774325011139,0.0005572338162674624,3414,normal,aggressive,random_n20,random_traders,71,False,all_signed
16.0,8.931501191220115e-05,0.013501145982900503,0.0006822208611794525,2868,normal,aggressive,random_n20,random_traders,71,False,all_signed
17.0,0.00018003995298191463,0.016760168302772847,0.0008321806200995644,2091,normal,aggressive,random_n20,random_traders,71,False,all_signed
18.0,0.00035684370039946106,0.017317724404895984,0.0009217497365131449,2003,normal,aggressive,random_n20,random_traders,71,False,all_signed
19.0,0.0006941185376279008,0.01851412591830576,0.0009263537658048435,1682,normal,aggressive,random_n20,random_traders,71,False,all_signed
20.0,0.001351462657864216,0.019547338062842486,0.0014695864063318253,913,normal,aggressive,random_n20,random_traders,71,False,all_signed
21.0,0.0027034499584525236,0.028207313110577305,0.0030823924126851753,314,normal,aggressive,random_n20,random_traders,71,False,all_signed
22.0,0.005309379566709436,0.025625516073595388,0.004059793772165868,102,normal,aggressive,random_n20,random_traders,71,False,all_signed
23.0,0.009302454392070168,0.032844293268801034,0.0118131126796707,21,normal,aggressive,random_n20,random_traders,71,False,all_signed
24.0,0.020557082789088427,0.04096181024224248,,1,normal,aggressive,random_n20,random_traders,71,False,all_signed
3.0,1.2398328899431815e-08,0.016423876284808545,0.014691102092412957,3,normal,aggressive,random_n20,random_traders,71,False,positive_only
4.0,2.4306083256535597e-08,0.013722537912477054,0.005107272012023845,10,normal,aggressive,random_n20,random_traders,71,False,positive_only
5.0,4.867941349855991e-08,0.015056782890853403,0.00239743997430995,26,normal,aggressive,random_n20,random_traders,71,False,positive_only
6.0,9.966916774926044e-08,0.013003285780669935,0.0012473026407041018,106,normal,aggressive,random_n20,random_traders,71,False,positive_only
7.0,1.898691528779833e-07,0.013644733845286822,0.0009601441544989143,249,normal,aggressive,random_n20,random_traders,71,False,positive_only
8.0,3.7704885645914033e-07,0.013692076811049553,0.0005339003321453012,800,normal,aggressive,random_n20,random_traders,71,False,positive_only
9.0,7.305999201189586e-07,0.014517651734852111,0.0004270196606953744,1359,normal,aggressive,random_n20,random_traders,71,False,positive_only
10.0,1.488861454130348e-06,0.016985770360274953,0.0003586924903402799,2127,normal,aggressive,random_n20,random_traders,71,False,positive_only
11.0,2.8437256138326084e-06,0.019674637915296386,0.0004236388724680854,2355,normal,aggressive,random_n20,random_traders,71,False,positive_only
12.0,5.744208372316138e-06,0.021805071506903164,0.0005133345681159567,2205,normal,aggressive,random_n20,random_traders,71,False,positive_only
13.0,1.1383563898850074e-05,0.022644028820328937,0.0005018634368394779,2453,normal,aggressive,random_n20,random_traders,71,False,positive_only
14.0,2.268381541254281e-05,0.02441739487253972,0.0005638529711902532,2370,normal,aggressive,random_n20,random_traders,71,False,positive_only
15.0,4.522860614463959e-05,0.026267072393545848,0.0006377325023699924,2127,normal,aggressive,random_n20,random_traders,71,False,positive_only
16.0,8.943124804281999e-05,0.02864265591817641,0.0007647936480612756,1897,normal,aggressive,random_n20,random_traders,71,False,positive_only
17.0,0.00018019660312544928,0.031230975272983824,0.0009043094329654515,1457,normal,aggressive,random_n20,random_traders,71,False,positive_only
18.0,0.000355644048732185,0.03162439914602385,0.0010563125149527723,1389,normal,aggressive,random_n20,random_traders,71,False,positive_only
19.0,0.0006954034048676463,0.03282087791874422,0.0010048855845583235,1183,normal,aggressive,random_n20,random_traders,71,False,positive_only
20.0,0.0013638424293429972,0.0364319371028224,0.0016975887351092572,617,normal,aggressive,random_n20,random_traders,71,False,positive_only
21.0,0.0027180601821440516,0.046177623766074316,0.00337218290577694,230,normal,aggressive,random_n20,random_traders,71,False,positive_only
22.0,0.005325679550581151,0.038120908479112245,0.004456803630798718,77,normal,aggressive,random_n20,random_traders,71,False,positive_only
23.0,0.009473775278724589,0.046679762979893805,0.01220153588487568,17,normal,aggressive,random_n20,random_traders,71,False,positive_only
24.0,0.020557082789088427,0.04096181024224248,,1,normal,aggressive,random_n20,random_traders,71,False,positive_only
4.0,2.4058163900764034e-08,0.002930173081726171,0.0018589349437738484,6,normal,aggressive,threshold_wait5s,time_threshold,7,True,all_signed
5.0,4.994541664142754e-08,-0.00031181494358578204,0.0012627306733160523,26,normal,aggressive,threshold_wait5s,time_threshold,7,True,all_signed
6.0,9.623255777093999e-08,-0.0002480012891763727,0.0007942179013787796,96,normal,aggressive,threshold_wait5s,time_threshold,7,True,all_signed
7.0,1.905317413731286e-07,-0.00037703305448935073,0.0004324675138667853,223,normal,aggressive,threshold_wait5s,time_threshold,7,True,all_signed
8.0,3.732602127647846e-07,0.0007750253894239733,0.00020760111834664392,562,normal,aggressive,threshold_wait5s,time_threshold,7,True,all_signed
9.0,7.226946314590461e-07,0.0014747758570019037,0.0002300727715014145,810,normal,aggressive,threshold_wait5s,time_threshold,7,True,all_signed
10.0,1.4820002494712202e-06,0.002597704614769424,0.0002188130091799271,1134,normal,aggressive,threshold_wait5s,time_threshold,7,True,all_signed
11.0,2.840918124508884e-06,0.003363569171455443,0.0002680740644835156,1099,normal,aggressive,threshold_wait5s,time_threshold,7,True,all_signed
12.0,5.750915419598769e-06,0.0025367046753224823,0.00038107697338513453,956,normal,aggressive,threshold_wait5s,time_threshold,7,True,all_signed
13.0,1.1465642022155264e-05,0.0028250435327211152,0.00028336662489879207,904,normal,aggressive,threshold_wait5s,time_threshold,7,True,all_signed
14.0,2.265635393872353e-05,0.0033869636741012533,0.00048467665342486865,708,normal,aggressive,threshold_wait5s,time_threshold,7,True,all_signed
15.0,4.579085547519724e-05,0.004107834600217392,0.0004167612624138555,629,normal,aggressive,threshold_wait5s,time_threshold,7,True,all_signed
16.0,8.941042676940191e-05,0.0038123302237531155,0.000600802148124314,456,normal,aggressive,threshold_wait5s,time_threshold,7,True,all_signed
17.0,0.00017694963192916937,0.005221925749034878,0.0006778903164995862,342,normal,aggressive,threshold_wait5s,time_threshold,7,True,all_signed
18.0,0.00034977527364869054,0.0035738160038538717,0.0007360675863213584,220,normal,aggressive,threshold_wait5s,time_threshold,7,True,all_signed
19.0,0.0006898072382073153,0.005146699299950815,0.0010078697946692625,167,normal,aggressive,threshold_wait5s,time_threshold,7,True,all_signed
20.0,0.0012992950511418024,0.00552741703726942,0.0014692007649956384,84,normal,aggressive,threshold_wait5s,time_threshold,7,True,all_signed
21.0,0.0026827196896837603,0.004645996377082371,0.0023428008415644127,31,normal,aggressive,threshold_wait5s,time_threshold,7,True,all_signed
22.0,0.005318824440272641,0.0032950532754786677,0.0041368458422483085,8,normal,aggressive,threshold_wait5s,time_threshold,7,True,all_signed
23.0,0.010856882822117168,0.009334149469101789,0.002799369270208332,5,normal,aggressive,threshold_wait5s,time_threshold,7,True,all_signed
4.0,2.2602725245171535e-08,0.005860346163452342,0.0029482675144980918,3,normal,aggressive,threshold_wait5s,time_threshold,7,True,positive_only
5.0,5.4092454926717636e-08,0.008843137574935576,0.002746239469453593,4,normal,aggressive,threshold_wait5s,time_threshold,7,True,positive_only
6.0,9.533672060457209e-08,0.0074358204199677,0.0022595336531383357,17,normal,aggressive,threshold_wait5s,time_threshold,7,True,positive_only
7.0,1.919792008570207e-07,0.006394154001279672,0.0010981182618116088,41,normal,aggressive,threshold_wait5s,time_threshold,7,True,positive_only
8.0,3.799015636608108e-07,0.0052883195477054735,0.00033734080652342275,180,normal,aggressive,threshold_wait5s,time_threshold,7,True,positive_only
9.0,7.292642877670501e-07,0.006337970099821681,0.0003064253057975019,333,normal,aggressive,threshold_wait5s,time_threshold,7,True,positive_only
10.0,1.5250866321580506e-06,0.007084699405272968,0.00028734949511448587,557,normal,aggressive,threshold_wait5s,time_threshold,7,True,positive_only
11.0,2.8349729204855527e-06,0.008479121702164768,0.0003375589448357486,567,normal,aggressive,threshold_wait5s,time_threshold,7,True,positive_only
12.0,5.744756251289854e-06,0.009290944269511867,0.0005562017360301953,437,normal,aggressive,threshold_wait5s,time_threshold,7,True,positive_only
13.0,1.1436565200891262e-05,0.008049517501746173,0.00038844019973689303,443,normal,aggressive,threshold_wait5s,time_threshold,7,True,positive_only
14.0,2.2562260515775634e-05,0.009026088296053128,0.0006966763694344328,374,normal,aggressive,threshold_wait5s,time_threshold,7,True,positive_only
15.0,4.630640399470973e-05,0.008912173458567745,0.0005358039264512565,371,normal,aggressive,threshold_wait5s,time_threshold,7,True,positive_only
16.0,8.919070680673714e-05,0.009663215909482627,0.0006764656013151968,272,normal,aggressive,threshold_wait5s,time_threshold,7,True,positive_only
17.0,0.00017785030159248158,0.010790402406831061,0.0009041011658855503,204,normal,aggressive,threshold_wait5s,time_threshold,7,True,positive_only
18.0,0.0003463250855656398,0.009577030581158781,0.0007966746309078667,124,normal,aggressive,threshold_wait5s,time_threshold,7,True,positive_only
19.0,0.0006816996467566633,0.010987751089913834,0.001375797760550017,97,normal,aggressive,threshold_wait5s,time_threshold,7,True,positive_only
20.0,0.0012870849209774718,0.012699566240314653,0.002064871966960343,46,normal,aggressive,threshold_wait5s,time_threshold,7,True,positive_only
21.0,0.0025897040406156467,0.011103557706064087,0.002154677013264182,20,normal,aggressive,threshold_wait5s,time_threshold,7,True,positive_only
22.0,0.005669141768770643,0.008866425997188176,0.004287808567484836,5,normal,aggressive,threshold_wait5s,time_threshold,7,True,positive_only
23.0,0.010016705794490176,0.011667686836377235,0.0019962763947392603,4,normal,aggressive,threshold_wait5s,time_threshold,7,True,positive_only
3.0,1.5246865629336663e-08,0.0,,1,normal,aggressive,threshold_wait5s,time_threshold,23,True,all_signed
4.0,2.767834026189711e-08,0.00024472537198244994,0.0034400749450994887,4,normal,aggressive,threshold_wait5s,time_threshold,23,True,all_signed
5.0,4.855324706096197e-08,0.001340110021254337,0.0014998870557726054,24,normal,aggressive,threshold_wait5s,time_threshold,23,True,all_signed
6.0,9.496121191738188e-08,-0.00021824957590523906,0.0005436984919145399,94,normal,aggressive,threshold_wait5s,time_threshold,23,True,all_signed
7.0,1.899473659682538e-07,-9.693427707028594e-05,0.00036707948269411675,226,normal,aggressive,threshold_wait5s,time_threshold,23,True,all_signed
8.0,3.721914548813521e-07,0.0006983573321273441,0.00029321513872210855,556,normal,aggressive,threshold_wait5s,time_threshold,23,True,all_signed
9.0,7.196203270646801e-07,0.0015606748608938711,0.0002250817295269595,816,normal,aggressive,threshold_wait5s,time_threshold,23,True,all_signed
10.0,1.472640129834111e-06,0.002409702212988036,0.00021964077132857534,1081,normal,aggressive,threshold_wait5s,time_threshold,23,True,all_signed
11.0,2.8145961596034193e-06,0.0035356309649515875,0.00022686935980079898,1165,normal,aggressive,threshold_wait5s,time_threshold,23,True,all_signed
12.0,5.717041315056659e-06,0.002579236150559077,0.000291123651816872,934,normal,aggressive,threshold_wait5s,time_threshold,23,True,all_signed
13.0,1.1391836521490688e-05,0.0029887858607373892,0.00027548312042521806,905,normal,aggressive,threshold_wait5s,time_threshold,23,True,all_signed
14.0,2.2569321689897848e-05,0.003729326222779784,0.0004186446228229025,707,normal,aggressive,threshold_wait5s,time_threshold,23,True,all_signed
15.0,4.491979306820625e-05,0.003943274689906261,0.000392556586704023,569,normal,aggressive,threshold_wait5s,time_threshold,23,True,all_signed
16.0,8.845222707823888e-05,0.004712075392232241,0.0005319311956468592,488,normal,aggressive,threshold_wait5s,time_threshold,23,True,all_signed
17.0,0.0001770984809304774,0.005401984142193702,0.0008655905594537555,314,normal,aggressive,threshold_wait5s,time_threshold,23,True,all_signed
18.0,0.00035642631301823613,0.0050652185254753766,0.0009188169170351285,232,normal,aggressive,threshold_wait5s,time_threshold,23,True,all_signed
19.0,0.0006875512375435278,0.0043375935332924,0.000921324312549162,151,normal,aggressive,threshold_wait5s,time_threshold,23,True,all_signed
20.0,0.0013194587568236746,0.004787122817629452,0.0014933917343170392,89,normal,aggressive,threshold_wait5s,time_threshold,23,True,all_signed
21.0,0.0027424467623883035,0.003203385868738102,0.0026357607257973172,35,normal,aggressive,threshold_wait5s,time_threshold,23,True,all_signed
22.0,0.005681751860658916,0.015890322308442364,0.006024562431394186,4,normal,aggressive,threshold_wait5s,time_threshold,23,True,all_signed
23.0,0.008684829023669032,0.0,0.0,2,normal,aggressive,threshold_wait5s,time_threshold,23,True,all_signed
24.0,0.020976119718131327,0.028339768901244358,0.007393890217786332,2,normal,aggressive,threshold_wait5s,time_threshold,23,True,all_signed
4.0,2.473529966222146e-08,0.009628761257126143,,1,normal,aggressive,threshold_wait5s,time_threshold,23,True,positive_only
5.0,5.020205791458592e-08,0.009709267559933177,0.0011321421335879595,6,normal,aggressive,threshold_wait5s,time_threshold,23,True,positive_only
6.0,9.381475803541048e-08,0.0065390538112645585,0.0017135792141389408,15,normal,aggressive,threshold_wait5s,time_threshold,23,True,positive_only
7.0,1.9208116008294905e-07,0.0062760993171952235,0.0008853605654141859,45,normal,aggressive,threshold_wait5s,time_threshold,23,True,positive_only
8.0,3.7621674354632996e-07,0.005845538303917018,0.0003871718298466781,197,normal,aggressive,threshold_wait5s,time_threshold,23,True,positive_only
9.0,7.300547207565759e-07,0.006914523271699404,0.0003202155850608887,305,normal,aggressive,threshold_wait5s,time_threshold,23,True,positive_only
10.0,1.5000824209043216e-06,0.0071836682655660265,0.00028072343510817733,506,normal,aggressive,threshold_wait5s,time_threshold,23,True,positive_only
11.0,2.819240612265212e-06,0.00841544798204469,0.00028733501636058286,600,normal,aggressive,threshold_wait5s,time_threshold,23,True,positive_only
12.0,5.642394841357964e-06,0.008544172971934067,0.0004444074108421651,408,normal,aggressive,threshold_wait5s,time_threshold,23,True,positive_only
13.0,1.1430886701911181e-05,0.007831538169321176,0.00036754092483979884,459,normal,aggressive,threshold_wait5s,time_threshold,23,True,positive_only
14.0,2.2894941552857743e-05,0.00903787934419235,0.0005488950651493746,388,normal,aggressive,threshold_wait5s,time_threshold,23,True,positive_only
15.0,4.445535390869973e-05,0.00880779960151858,0.0005096795437472462,322,normal,aggressive,threshold_wait5s,time_threshold,23,True,positive_only
16.0,8.954864898168888e-05,0.009895174900057327,0.0007129603396189279,288,normal,aggressive,threshold_wait5s,time_threshold,23,True,positive_only
17.0,0.00017443919011306773,0.01271802772393204,0.0012384770389488047,174,normal,aggressive,threshold_wait5s,time_threshold,23,True,positive_only
18.0,0.0003612297576698813,0.011753132030303572,0.0011052253821575246,138,normal,aggressive,threshold_wait5s,time_threshold,23,True,positive_only
19.0,0.0006900977370305002,0.010694036399095358,0.0013295832525098068,79,normal,aggressive,threshold_wait5s,time_threshold,23,True,positive_only
20.0,0.0013613243246117538,0.012609372220839032,0.0022710643159462606,45,normal,aggressive,threshold_wait5s,time_threshold,23,True,positive_only
21.0,0.0028054235233987397,0.009610704558603203,0.0024858690090362287,23,normal,aggressive,threshold_wait5s,time_threshold,23,True,positive_only
22.0,0.005681751860658916,0.015890322308442364,0.006024562431394186,4,normal,aggressive,threshold_wait5s,time_threshold,23,True,positive_only
24.0,0.020976119718131327,0.028339768901244358,0.007393890217786332,2,normal,aggressive,threshold_wait5s,time_threshold,23,True,positive_only
4.0,2.7156415005797357e-08,0.0,0.0,2,normal,aggressive,threshold_wait5s,time_threshold,71,True,all_signed
5.0,4.74012391139561e-08,0.0013947268504067784,0.0005948146114726604,26,normal,aggressive,threshold_wait5s,time_threshold,71,True,all_signed
6.0,9.676612299744496e-08,0.0006790364159058452,0.000591368231829178,80,normal,aggressive,threshold_wait5s,time_threshold,71,True,all_signed
7.0,1.8667950721252836e-07,0.0004777775184747381,0.00031462344294410705,218,normal,aggressive,threshold_wait5s,time_threshold,71,True,all_signed
8.0,3.656843017488419e-07,0.0006412100577366421,0.0002675310330631374,551,normal,aggressive,threshold_wait5s,time_threshold,71,True,all_signed
9.0,7.256323213518767e-07,0.002103836173100981,0.00022584723665089042,806,normal,aggressive,threshold_wait5s,time_threshold,71,True,all_signed
10.0,1.484531029480873e-06,0.0023937853563878292,0.0002276499005375521,1176,normal,aggressive,threshold_wait5s,time_threshold,71,True,all_signed
11.0,2.795259648992435e-06,0.003306947925168724,0.0002579508670905525,1112,normal,aggressive,threshold_wait5s,time_threshold,71,True,all_signed
12.0,5.768394250666228e-06,0.0028865014339768368,0.00033198089135540334,929,normal,aggressive,threshold_wait5s,time_threshold,71,True,all_signed
13.0,1.1332490866345335e-05,0.003069905443392779,0.0003091113717722544,858,normal,aggressive,threshold_wait5s,time_threshold,71,True,all_signed
14.0,2.240488866094455e-05,0.003465099665632832,0.0004125683853252749,697,normal,aggressive,threshold_wait5s,time_threshold,71,True,all_signed
15.0,4.497801663325599e-05,0.0037347710907893743,0.00037625328995585897,582,normal,aggressive,threshold_wait5s,time_threshold,71,True,all_signed
16.0,8.838486600103435e-05,0.004529664121199,0.0006037090745625678,493,normal,aggressive,threshold_wait5s,time_threshold,71,True,all_signed
17.0,0.00017610207950287128,0.005102641315116931,0.0007090302675784266,328,normal,aggressive,threshold_wait5s,time_threshold,71,True,all_signed
18.0,0.0003546698665213652,0.00478296453746565,0.000672841172413904,238,normal,aggressive,threshold_wait5s,time_threshold,71,True,all_signed
19.0,0.0006743641064884205,0.004395536899831128,0.0011777923285839057,178,normal,aggressive,threshold_wait5s,time_threshold,71,True,all_signed
20.0,0.0013572315090865225,-0.0004239899852202247,0.0023094241219782856,73,normal,aggressive,threshold_wait5s,time_threshold,71,True,all_signed
21.0,0.002854086963759931,9.944448560381662e-05,0.002174136284865508,30,normal,aggressive,threshold_wait5s,time_threshold,71,True,all_signed
22.0,0.005018636210223527,0.0024281045204640763,0.0035675220858994265,12,normal,aggressive,threshold_wait5s,time_threshold,71,True,all_signed
23.0,0.008890582115553729,0.011179760132329485,0.006764364282708039,4,normal,aggressive,threshold_wait5s,time_threshold,71,True,all_signed
5.0,4.906501825432262e-08,0.005982662289029228,0.0005973474643379211,7,normal,aggressive,threshold_wait5s,time_threshold,71,True,positive_only
6.0,9.111772188795762e-08,0.007822496185335768,0.0019853850146410784,15,normal,aggressive,threshold_wait5s,time_threshold,71,True,positive_only
7.0,1.9649418784375769e-07,0.006599812015231815,0.000654981957335833,43,normal,aggressive,threshold_wait5s,time_threshold,71,True,positive_only
8.0,3.684813650693478e-07,0.005941053379281977,0.00038202609694049837,171,normal,aggressive,threshold_wait5s,time_threshold,71,True,positive_only
9.0,7.19331102572448e-07,0.007120075586940117,0.0003679333021313439,323,normal,aggressive,threshold_wait5s,time_threshold,71,True,positive_only
10.0,1.5065738884816643e-06,0.007238374721415267,0.0002673054429201955,561,normal,aggressive,threshold_wait5s,time_threshold,71,True,positive_only
11.0,2.7851213880383175e-06,0.008780781680320517,0.0003680838508476767,539,normal,aggressive,threshold_wait5s,time_threshold,71,True,positive_only
12.0,5.746801023152486e-06,0.008860877083783457,0.0004935156079570195,433,normal,aggressive,threshold_wait5s,time_threshold,71,True,positive_only
13.0,1.1442856936023414e-05,0.008268568816808137,0.0004533294213031756,421,normal,aggressive,threshold_wait5s,time_threshold,71,True,positive_only
14.0,2.2478101493507955e-05,0.009267869885027277,0.0005857062400042055,361,normal,aggressive,threshold_wait5s,time_threshold,71,True,positive_only
15.0,4.4988885599433675e-05,0.008502831944090985,0.00046094781019028863,331,normal,aggressive,threshold_wait5s,time_threshold,71,True,positive_only
16.0,8.84360680663654e-05,0.010329656663496587,0.0007662723166723001,295,normal,aggressive,threshold_wait5s,time_threshold,71,True,positive_only
17.0,0.00017584650625885364,0.010779104676638947,0.000800655183121245,201,normal,aggressive,threshold_wait5s,time_threshold,71,True,positive_only
18.0,0.0003537459561904648,0.009976162819317201,0.0007512636010924849,144,normal,aggressive,threshold_wait5s,time_threshold,71,True,positive_only
19.0,0.0006882348786819328,0.012515333296534203,0.0016853581394053018,92,normal,aggressive,threshold_wait5s,time_threshold,71,True,positive_only
20.0,0.0013432869916010816,0.008251026692023416,0.0014326690905587269,39,normal,aggressive,threshold_wait5s,time_threshold,71,True,positive_only
21.0,0.0028849244310628496,0.006759413016990374,0.0013490122752095298,16,normal,aggressive,threshold_wait5s,time_threshold,71,True,positive_only
22.0,0.005210703928698122,0.009568680907454911,0.005710239817344118,6,normal,aggressive,threshold_wait5s,time_threshold,71,True,positive_only
23.0,0.009129393200485302,0.01490634684310598,0.007983630206396121,3,normal,aggressive,threshold_wait5s,time_threshold,71,True,positive_only
3.0,1.3577390981831135e-08,0.00017058373042054694,0.00017058373042054694,2,normal,aggressive,threshold_wait20s,time_threshold,7,False,all_signed
4.0,2.5935052230394044e-08,0.0014845743884992048,0.0013432900369962635,5,normal,aggressive,threshold_wait20s,time_threshold,7,False,all_signed
5.0,5.3636239023589336e-08,-0.0010575797590272652,0.0028412808507449062,14,normal,aggressive,threshold_wait20s,time_threshold,7,False,all_signed
6.0,1.0168696032129388e-07,-0.0007837532983677832,0.0009243216192293771,60,normal,aggressive,threshold_wait20s,time_threshold,7,False,all_signed
7.0,1.8556100434317843e-07,-0.0010662916945455272,0.000709867604354296,141,normal,aggressive,threshold_wait20s,time_threshold,7,False,all_signed
8.0,3.702140976326532e-07,0.0010759006302709896,0.0005507643783819667,388,normal,aggressive,threshold_wait20s,time_threshold,7,False,all_signed
9.0,7.199329121574354e-07,0.0007730929948769409,0.0005242263905387737,493,normal,aggressive,threshold_wait20s,time_threshold,7,False,all_signed
10.0,1.4590180714833972e-06,0.002816533471250855,0.0004302838068306586,738,normal,aggressive,threshold_wait20s,time_threshold,7,False,all_signed
11.0,2.7975979335327055e-06,0.003555107251485199,0.0005016645789566155,735,normal,aggressive,threshold_wait20s,time_threshold,7,False,all_signed
12.0,5.754106899891241e-06,0.002856749248961873,0.0006308812974806051,611,normal,aggressive,threshold_wait20s,time_threshold,7,False,all_signed
13.0,1.1501049703523843e-05,0.0026223382714203785,0.0005898077401490848,584,normal,aggressive,threshold_wait20s,time_threshold,7,False,all_signed
14.0,2.2603032179386126e-05,0.0021727883971958805,0.0006615723524193189,466,normal,aggressive,threshold_wait20s,time_threshold,7,False,all_signed
15.0,4.434982147511422e-05,0.003819965032334812,0.0007686815738531366,376,normal,aggressive,threshold_wait20s,time_threshold,7,False,all_signed
16.0,9.026233730936053e-05,0.00637622977040794,0.0008918683022369991,326,normal,aggressive,threshold_wait20s,time_threshold,7,False,all_signed
17.0,0.00017767349560036673,0.0032487656172310564,0.0011876933045504876,196,normal,aggressive,threshold_wait20s,time_threshold,7,False,all_signed
18.0,0.00035331480277832675,0.0027848477083642262,0.0017728164626404056,129,normal,aggressive,threshold_wait20s,time_threshold,7,False,all_signed
19.0,0.0006873975893364847,0.008378910450618364,0.0018177778742854015,86,normal,aggressive,threshold_wait20s,time_threshold,7,False,all_signed
20.0,0.0012658820243478192,0.00338737223695002,0.0021190229330035524,41,normal,aggressive,threshold_wait20s,time_threshold,7,False,all_signed
21.0,0.002672421471934322,0.006161093412237445,0.00449552314226174,23,normal,aggressive,threshold_wait20s,time_threshold,7,False,all_signed
22.0,0.005361063102022079,0.0002827787230732976,0.0060258009242472365,5,normal,aggressive,threshold_wait20s,time_threshold,7,False,all_signed
23.0,0.009195666459340663,-0.016585275941439253,,1,normal,aggressive,threshold_wait20s,time_threshold,7,False,all_signed
3.0,1.2422233680586334e-08,0.0003411674608410939,,1,normal,aggressive,threshold_wait20s,time_threshold,7,False,positive_only
4.0,2.3357187301465298e-08,0.003711435971248012,0.0031272075488732788,2,normal,aggressive,threshold_wait20s,time_threshold,7,False,positive_only
5.0,5.931181397497095e-08,0.009786085411049623,0.004840715137020325,4,normal,aggressive,threshold_wait20s,time_threshold,7,False,positive_only
6.0,9.647472307089709e-08,0.009349856993217352,0.003497224929096182,9,normal,aggressive,threshold_wait20s,time_threshold,7,False,positive_only
7.0,1.858556063536052e-07,0.008379658539070209,0.0012528752145193117,23,normal,aggressive,threshold_wait20s,time_threshold,7,False,positive_only
8.0,3.7993514882427145e-07,0.008929997550162577,0.0008014429777638262,149,normal,aggressive,threshold_wait20s,time_threshold,7,False,positive_only
9.0,7.055625365826089e-07,0.008360250948587418,0.0006368871692332376,199,normal,aggressive,threshold_wait20s,time_threshold,7,False,positive_only
10.0,1.48432703341025e-06,0.009774116054719905,0.0005977206646078893,357,normal,aggressive,threshold_wait20s,time_threshold,7,False,positive_only
11.0,2.789614149740232e-06,0.011774844138039968,0.0006471297423725814,358,normal,aggressive,threshold_wait20s,time_threshold,7,False,positive_only
12.0,5.723029799352519e-06,0.011339275805230345,0.0008817856820584531,299,normal,aggressive,threshold_wait20s,time_threshold,7,False,positive_only
13.0,1.1482061657565426e-05,0.010461437579137688,0.0006809410044482984,300,normal,aggressive,threshold_wait20s,time_threshold,7,False,positive_only
14.0,2.2568881661793684e-05,0.010949062609901335,0.0008419024761047588,228,normal,aggressive,threshold_wait20s,time_threshold,7,False,positive_only
15.0,4.4573352223913266e-05,0.011385996078833251,0.0009397437110039299,212,normal,aggressive,threshold_wait20s,time_threshold,7,False,positive_only
16.0,9.008937874743089e-05,0.013441290641811338,0.0009852540116590536,211,normal,aggressive,threshold_wait20s,time_threshold,7,False,positive_only
17.0,0.0001744874082207041,0.012775941389754073,0.0012155187272947859,109,normal,aggressive,threshold_wait20s,time_threshold,7,False,positive_only
18.0,0.0003455271766806773,0.013409789836593971,0.0019913373517018843,73,normal,aggressive,threshold_wait20s,time_threshold,7,False,positive_only
19.0,0.0006775928522951869,0.014246991892658175,0.0020292284867859662,59,normal,aggressive,threshold_wait20s,time_threshold,7,False,positive_only
20.0,0.0013297707020214957,0.01076937919511834,0.002733151927445939,23,normal,aggressive,threshold_wait20s,time_threshold,7,False,positive_only
21.0,0.0027095914403794854,0.022270004427267728,0.00660404777492045,10,normal,aggressive,threshold_wait20s,time_threshold,7,False,positive_only
22.0,0.00488272692839635,0.009847507142793635,0.0006388495333633679,3,normal,aggressive,threshold_wait20s,time_threshold,7,False,positive_only
3.0,8.450185932022024e-09,0.0005421135365991892,,1,normal,aggressive,threshold_wait20s,time_threshold,23,False,all_signed
4.0,2.199838187103713e-08,0.0,,1,normal,aggressive,threshold_wait20s,time_threshold,23,False,all_signed
5.0,5.060429447271019e-08,0.0005356355738394098,0.002240764822999158,14,normal,aggressive,threshold_wait20s,time_threshold,23,False,all_signed
6.0,9.316618791347127e-08,0.0017806276290175688,0.0012593778010641296,64,normal,aggressive,threshold_wait20s,time_threshold,23,False,all_signed
7.0,1.8621254295331547e-07,0.0007355778599981628,0.0007278833523492921,167,normal,aggressive,threshold_wait20s,time_threshold,23,False,all_signed
8.0,3.748966765654361e-07,0.001045801325427206,0.0005231605514345165,356,normal,aggressive,threshold_wait20s,time_threshold,23,False,all_signed
9.0,7.261726628584683e-07,0.0017815897477534634,0.0005505032211519781,496,normal,aggressive,threshold_wait20s,time_threshold,23,False,all_signed
10.0,1.486737877959236e-06,0.0029254822007514585,0.0004494439606266791,709,normal,aggressive,threshold_wait20s,time_threshold,23,False,all_signed
11.0,2.8217208447895853e-06,0.0027957347708622844,0.00046563682101533613,785,normal,aggressive,threshold_wait20s,time_threshold,23,False,all_signed
12.0,5.72485397874539e-06,0.0032869944005867267,0.000661752158745121,591,normal,aggressive,threshold_wait20s,time_threshold,23,False,all_signed
13.0,1.1451457205425604e-05,0.0035640855444380995,0.0006274217712517766,558,normal,aggressive,threshold_wait20s,time_threshold,23,False,all_signed
14.0,2.2845699952182927e-05,0.002939659763812536,0.0007617790156727135,454,normal,aggressive,threshold_wait20s,time_threshold,23,False,all_signed
15.0,4.45281795635754e-05,0.004396343195478939,0.0007998737025395386,372,normal,aggressive,threshold_wait20s,time_threshold,23,False,all_signed
16.0,8.982402175916957e-05,0.004022847687972827,0.0009824729424888889,276,normal,aggressive,threshold_wait20s,time_threshold,23,False,all_signed
17.0,0.00017633119677635682,0.005460616174003752,0.0013677249102460143,205,normal,aggressive,threshold_wait20s,time_threshold,23,False,all_signed
18.0,0.0003673553162679464,0.0033148194816595687,0.002010691911161265,131,normal,aggressive,threshold_wait20s,time_threshold,23,False,all_signed
19.0,0.0006558248868888398,0.005555067997138429,0.0019583653818814797,95,normal,aggressive,threshold_wait20s,time_threshold,23,False,all_signed
20.0,0.001330099005288724,0.00704365150634866,0.002230119657787531,51,normal,aggressive,threshold_wait20s,time_threshold,23,False,all_signed
21.0,0.0029669707417563614,0.005423271316022282,0.0031591065496620737,16,normal,aggressive,threshold_wait20s,time_threshold,23,False,all_signed
22.0,0.005748300696961848,0.012474497110794416,0.0044802273224355356,12,normal,aggressive,threshold_wait20s,time_threshold,23,False,all_signed
23.0,0.009335556305078607,0.01694499486790097,0.02121281719155779,4,normal,aggressive,threshold_wait20s,time_threshold,23,False,all_signed
24.0,0.01868198252645271,0.027794119345542836,,1,normal,aggressive,threshold_wait20s,time_threshold,23,False,all_signed
3.0,8.450185932022024e-09,0.0005421135365991892,,1,normal,aggressive,threshold_wait20s,time_threshold,23,False,positive_only
5.0,4.7574668507648664e-08,0.00916568384925212,0.001794024409510419,5,normal,aggressive,threshold_wait20s,time_threshold,23,False,positive_only
6.0,9.45042837067477e-08,0.00884898562329676,0.0020028225465175587,26,normal,aggressive,threshold_wait20s,time_threshold,23,False,positive_only
7.0,1.92800191189787e-07,0.010182561384866966,0.0014351980397949648,48,normal,aggressive,threshold_wait20s,time_threshold,23,False,positive_only
8.0,3.7045269088705785e-07,0.007447974725692937,0.0006236497278235195,148,normal,aggressive,threshold_wait20s,time_threshold,23,False,positive_only
9.0,7.225433124072193e-07,0.009506819712741664,0.0006664836047685145,215,normal,aggressive,threshold_wait20s,time_threshold,23,False,positive_only
10.0,1.5141121202023021e-06,0.010549892172483968,0.0005512754144242942,347,normal,aggressive,threshold_wait20s,time_threshold,23,False,positive_only
11.0,2.79021607140877e-06,0.011462490330013956,0.0006160105510765489,356,normal,aggressive,threshold_wait20s,time_threshold,23,False,positive_only
12.0,5.745702004286432e-06,0.012565343135199566,0.0007715038757889431,291,normal,aggressive,threshold_wait20s,time_threshold,23,False,positive_only
13.0,1.1587196221328034e-05,0.012245526270743642,0.0009213561166730225,272,normal,aggressive,threshold_wait20s,time_threshold,23,False,positive_only
14.0,2.2608967224625422e-05,0.011214361971642337,0.0009010031035390822,236,normal,aggressive,threshold_wait20s,time_threshold,23,False,positive_only
15.0,4.5063473898624436e-05,0.012038447754602737,0.0010252953135765225,210,normal,aggressive,threshold_wait20s,time_threshold,23,False,positive_only
16.0,8.937894137076476e-05,0.011699012353555137,0.0012808988776947517,159,normal,aggressive,threshold_wait20s,time_threshold,23,False,positive_only
17.0,0.00017655836269313028,0.014821020956045344,0.0015521074085907368,123,normal,aggressive,threshold_wait20s,time_threshold,23,False,positive_only
18.0,0.0003691122638288375,0.013158026162424796,0.0017031730748827303,79,normal,aggressive,threshold_wait20s,time_threshold,23,False,positive_only
19.0,0.0006674440453771858,0.013616809668368873,0.0024874899282179177,58,normal,aggressive,threshold_wait20s,time_threshold,23,False,positive_only
20.0,0.0014058374638825125,0.01310014298720573,0.0023971778809832914,35,normal,aggressive,threshold_wait20s,time_threshold,23,False,positive_only
21.0,0.002907474900430296,0.010343479199480412,0.002579743041832451,12,normal,aggressive,threshold_wait20s,time_threshold,23,False,positive_only
22.0,0.005540636374005633,0.01860208935192705,0.0038880320955584813,9,normal,aggressive,threshold_wait20s,time_threshold,23,False,positive_only
23.0,0.009457405041406856,0.04853417975296983,0.025856833455249018,2,normal,aggressive,threshold_wait20s,time_threshold,23,False,positive_only
24.0,0.01868198252645271,0.027794119345542836,,1,normal,aggressive,threshold_wait20s,time_threshold,23,False,positive_only
4.0,2.4663343062830033e-08,0.0002768463478882151,0.004646615991705326,3,normal,aggressive,threshold_wait20s,time_threshold,71,False,all_signed
5.0,4.809822851235304e-08,-0.00040848312903884977,0.0025232384896425263,17,normal,aggressive,threshold_wait20s,time_threshold,71,False,all_signed
6.0,9.477088109982327e-08,0.0011690497739651055,0.0010107251619357325,65,normal,aggressive,threshold_wait20s,time_threshold,71,False,all_signed
7.0,1.914055684636677e-07,-0.00024477881521582694,0.0006865430203054096,144,normal,aggressive,threshold_wait20s,time_threshold,71,False,all_signed
8.0,3.719504321398531e-07,5.351021164188811e-05,0.0006339098990457224,372,normal,aggressive,threshold_wait20s,time_threshold,71,False,all_signed
9.0,7.172784807434895e-07,0.0007683284711809527,0.0004798724744764443,517,normal,aggressive,threshold_wait20s,time_threshold,71,False,all_signed
10.0,1.4899146189916162e-06,0.002804999617446555,0.0004727208376303294,726,normal,aggressive,threshold_wait20s,time_threshold,71,False,all_signed
11.0,2.7873419973621855e-06,0.0035300715729235884,0.00041488330834408584,746,normal,aggressive,threshold_wait20s,time_threshold,71,False,all_signed
12.0,5.733578492411136e-06,0.003444369567700369,0.0006124090322449074,615,normal,aggressive,threshold_wait20s,time_threshold,71,False,all_signed
13.0,1.1447519112229232e-05,0.002023218630151771,0.000580195077676688,571,normal,aggressive,threshold_wait20s,time_threshold,71,False,all_signed
14.0,2.2437858968007503e-05,0.002738243298222231,0.000730691669711253,452,normal,aggressive,threshold_wait20s,time_threshold,71,False,all_signed
15.0,4.404298718584993e-05,0.00397181173339486,0.0006956165191074246,383,normal,aggressive,threshold_wait20s,time_threshold,71,False,all_signed
16.0,8.962110204987849e-05,0.00403279450887203,0.0010293510844775777,296,normal,aggressive,threshold_wait20s,time_threshold,71,False,all_signed
17.0,0.00018041585757320002,0.00716273500217068,0.0013051601929578627,209,normal,aggressive,threshold_wait20s,time_threshold,71,False,all_signed
18.0,0.00035480779523804805,0.0025365803800848075,0.0015392474165882577,128,normal,aggressive,threshold_wait20s,time_threshold,71,False,all_signed
19.0,0.0006796940257361163,0.005534665220126569,0.0015295809817734143,93,normal,aggressive,threshold_wait20s,time_threshold,71,False,all_signed
20.0,0.0013311666914596176,0.004068299425750956,0.002161385565019819,46,normal,aggressive,threshold_wait20s,time_threshold,71,False,all_signed
21.0,0.003017603908156205,0.008356072291516584,0.0029493257875784534,17,normal,aggressive,threshold_wait20s,time_threshold,71,False,all_signed
22.0,0.0062554824561177995,0.00819282818477364,,1,normal,aggressive,threshold_wait20s,time_threshold,71,False,all_signed
23.0,0.014163860771432842,0.0369851660823239,,1,normal,aggressive,threshold_wait20s,time_threshold,71,False,all_signed
24.0,0.024508291002235227,0.020338751765083797,,1,normal,aggressive,threshold_wait20s,time_threshold,71,False,all_signed
4.0,2.29077771877457e-08,0.004394250588931788,0.003730156494119814,2,normal,aggressive,threshold_wait20s,time_threshold,71,False,positive_only
5.0,5.081766046364979e-08,0.013770949352315136,0.004143005718778368,4,normal,aggressive,threshold_wait20s,time_threshold,71,False,positive_only
6.0,8.969130839910173e-08,0.009957792987019048,0.0018219233807370565,18,normal,aggressive,threshold_wait20s,time_threshold,71,False,positive_only
7.0,1.9032869812020938e-07,0.008270393499809254,0.0012241951150310066,37,normal,aggressive,threshold_wait20s,time_threshold,71,False,positive_only
8.0,3.7434899479687146e-07,0.008522852204099634,0.0008508444262501501,138,normal,aggressive,threshold_wait20s,time_threshold,71,False,positive_only
9.0,7.178752670322133e-07,0.008628206852885706,0.0005713616610793618,209,normal,aggressive,threshold_wait20s,time_threshold,71,False,positive_only
10.0,1.5081765645175993e-06,0.01063132876993862,0.000540453587348106,362,normal,aggressive,threshold_wait20s,time_threshold,71,False,positive_only
11.0,2.787965472819052e-06,0.01058596394117313,0.00047145522289717063,383,normal,aggressive,threshold_wait20s,time_threshold,71,False,positive_only
12.0,5.7391242539682624e-06,0.012116347966077115,0.0008038293397976434,311,normal,aggressive,threshold_wait20s,time_threshold,71,False,positive_only
13.0,1.1421070392862481e-05,0.010604615120548043,0.0006889257897657983,270,normal,aggressive,threshold_wait20s,time_threshold,71,False,positive_only
14.0,2.2602514796098526e-05,0.011362351280040896,0.0007942426917717255,246,normal,aggressive,threshold_wait20s,time_threshold,71,False,positive_only
15.0,4.468460852070381e-05,0.01092532747250749,0.0008060107248310618,221,normal,aggressive,threshold_wait20s,time_threshold,71,False,positive_only
16.0,8.763018256758651e-05,0.01309702716530133,0.001273723333516071,159,normal,aggressive,threshold_wait20s,time_threshold,71,False,positive_only
17.0,0.00018083991753747113,0.01511658702542895,0.001335233984007571,138,normal,aggressive,threshold_wait20s,time_threshold,71,False,positive_only
18.0,0.0003478578864075653,0.012876829080815107,0.0015629863565278224,66,normal,aggressive,threshold_wait20s,time_threshold,71,False,positive_only
19.0,0.0006917571292822776,0.012948476400383624,0.0017484506380958827,57,normal,aggressive,threshold_wait20s,time_threshold,71,False,positive_only
20.0,0.001284432913917551,0.011959170159389972,0.0027008931250949424,26,normal,aggressive,threshold_wait20s,time_threshold,71,False,positive_only
21.0,0.0031803616650625806,0.013291368264609867,0.0038063562359914047,11,normal,aggressive,threshold_wait20s,time_threshold,71,False,positive_only
22.0,0.0062554824561177995,0.00819282818477364,,1,normal,aggressive,threshold_wait20s,time_threshold,71,False,positive_only
23.0,0.014163860771432842,0.0369851660823239,,1,normal,aggressive,threshold_wait20s,time_threshold,71,False,positive_only
24.0,0.024508291002235227,0.020338751765083797,,1,normal,aggressive,threshold_wait20s,time_threshold,71,False,positive_only
3.0,1.5756376271426728e-08,0.0,,1,normal,aggressive,local_run_1s,local_runs,7,True,all_signed
4.0,2.5557383409780724e-08,0.0,0.0,8,normal,aggressive,local_run_1s,local_runs,7,True,all_signed
5.0,4.757319909265643e-08,8.088378297150881e-05,0.0001718069673587622,39,normal,aggressive,local_run_1s,local_runs,7,True,all_signed
6.0,9.326599322120477e-08,0.0003482108686534136,0.00011275287084789528,176,normal,aggressive,local_run_1s,local_runs,7,True,all_signed
7.0,1.9401602202790098e-07,0.0003419908036629244,8.024243633325842e-05,425,normal,aggressive,local_run_1s,local_runs,7,True,all_signed
8.0,3.698208802428147e-07,0.0014777681652839258,8.749633221654569e-05,1082,normal,aggressive,local_run_1s,local_runs,7,True,all_signed
9.0,7.384156108867176e-07,0.001846614640940668,7.823999854772551e-05,1736,normal,aggressive,local_run_1s,local_runs,7,True,all_signed
10.0,1.4821247530029113e-06,0.0031404800833715993,8.26685543379679e-05,2949,normal,aggressive,local_run_1s,local_runs,7,True,all_signed
11.0,2.805595150123742e-06,0.0037446519614542264,0.00010049937704297794,2699,normal,aggressive,local_run_1s,local_runs,7,True,all_signed
12.0,5.731532350649727e-06,0.003646013929978984,0.0001391896980799017,2033,normal,aggressive,local_run_1s,local_runs,7,True,all_signed
13.0,1.1352859226254303e-05,0.0035387852761257226,0.00011333849910074114,2057,normal,aggressive,local_run_1s,local_runs,7,True,all_signed
14.0,2.2641445177027053e-05,0.004067360145109985,0.0001295963994092617,1781,normal,aggressive,local_run_1s,local_runs,7,True,all_signed
15.0,4.467850599065751e-05,0.0043032624428857675,0.00015892172546008227,1552,normal,aggressive,local_run_1s,local_runs,7,True,all_signed
16.0,8.836469673312552e-05,0.004852331979708276,0.0001912203527154365,1318,normal,aggressive,local_run_1s,local_runs,7,True,all_signed
17.0,0.0001767669101140153,0.005566848996399789,0.0002393743898615678,1010,normal,aggressive,local_run_1s,local_runs,7,True,all_signed
18.0,0.0003556742368916548,0.0066071264330598125,0.0003176733388771687,760,normal,aggressive,local_run_1s,local_runs,7,True,all_signed
19.0,0.0007013215066388457,0.0069912125955719434,0.00040217601519920975,682,normal,aggressive,local_run_1s,local_runs,7,True,all_signed
20.0,0.001401238039024198,0.006806107431345851,0.0005288830959969598,469,normal,aggressive,local_run_1s,local_runs,7,True,all_signed
21.0,0.0027979112010901165,0.009174281472193138,0.0008627250363175635,274,normal,aggressive,local_run_1s,local_runs,7,True,all_signed
22.0,0.005389871924034499,0.012975942121044075,0.0022078434025832715,128,normal,aggressive,local_run_1s,local_runs,7,True,all_signed
23.0,0.010660936354305275,0.012110109730224031,0.002338874203615968,55,normal,aggressive,local_run_1s,local_runs,7,True,all_signed
24.0,0.023576913276316353,0.031409103042412866,0.01089299131651541,18,normal,aggressive,local_run_1s,local_runs,7,True,all_signed
25.0,0.03594214513859733,0.026762134937706215,0.014582443290311942,3,normal,aggressive,local_run_1s,local_runs,7,True,all_signed
5.0,3.359405544874967e-08,0.005994526275069294,,1,normal,aggressive,local_run_1s,local_runs,7,True,positive_only
6.0,8.94917632616387e-08,0.0052577734020403015,0.0007780660415310357,12,normal,aggressive,local_run_1s,local_runs,7,True,positive_only
7.0,2.046712174427523e-07,0.004704216738343235,0.0007063632512456242,32,normal,aggressive,local_run_1s,local_runs,7,True,positive_only
8.0,3.705167527164542e-07,0.004139038260684886,0.00017623074489553107,388,normal,aggressive,local_run_1s,local_runs,7,True,positive_only
9.0,7.381691266513387e-07,0.004875373921675525,0.0001392417782003652,663,normal,aggressive,local_run_1s,local_runs,7,True,positive_only
10.0,1.5173598479126808e-06,0.0059000115477787374,0.0001131045129796367,1588,normal,aggressive,local_run_1s,local_runs,7,True,positive_only
11.0,2.7917306379671002e-06,0.006838802263185084,0.00013682947425843953,1488,normal,aggressive,local_run_1s,local_runs,7,True,positive_only
12.0,5.696252162593091e-06,0.007416838584226239,0.00022010786011945465,1018,normal,aggressive,local_run_1s,local_runs,7,True,positive_only
13.0,1.1466856039538925e-05,0.006130748584924284,0.00015359263793597334,1205,normal,aggressive,local_run_1s,local_runs,7,True,positive_only
14.0,2.2576268211015618e-05,0.006518264925000574,0.0001599375919924256,1136,normal,aggressive,local_run_1s,local_runs,7,True,positive_only
15.0,4.531920126209214e-05,0.007258502494395774,0.0002086777710993072,942,normal,aggressive,local_run_1s,local_runs,7,True,positive_only
16.0,8.896032815264178e-05,0.007897543697478197,0.00024725521741604593,828,normal,aggressive,local_run_1s,local_runs,7,True,positive_only
17.0,0.00017756735139574936,0.008564763613924274,0.00029471973046932206,672,normal,aggressive,local_run_1s,local_runs,7,True,positive_only
18.0,0.00035637136191070124,0.00963004742099442,0.0003791194418473118,534,normal,aggressive,local_run_1s,local_runs,7,True,positive_only
19.0,0.0007028705416072979,0.010128518788737573,0.0004986422781116988,483,normal,aggressive,local_run_1s,local_runs,7,True,positive_only
20.0,0.0013966821803639096,0.011295541550588829,0.0006969980703867819,297,normal,aggressive,local_run_1s,local_runs,7,True,positive_only
21.0,0.002793065231054249,0.013664215888371325,0.0011171494378569937,187,normal,aggressive,local_run_1s,local_runs,7,True,positive_only
22.0,0.005523644175231494,0.02194458205229605,0.0031597703457629757,79,normal,aggressive,local_run_1s,local_runs,7,True,positive_only
23.0,0.010744797993175481,0.01867196386128656,0.0030510551284865556,36,normal,aggressive,local_run_1s,local_runs,7,True,positive_only
24.0,0.02332649964832018,0.043489527289494734,0.013746628091431836,13,normal,aggressive,local_run_1s,local_runs,7,True,positive_only
25.0,0.03594214513859733,0.026762134937706215,0.014582443290311942,3,normal,aggressive,local_run_1s,local_runs,7,True,positive_only
0.0,1.0910622599639154e-09,0.008350078103080258,0.005732713209830756,2,normal,fill,random_n6,random_traders,7,True,all_signed
2.0,6.924892556831303e-09,0.0,,1,normal,fill,random_n6,random_traders,7,True,all_signed
3.0,1.4784870416157107e-08,0.0073538294331265686,0.004638330832218794,3,normal,fill,random_n6,random_traders,7,True,all_signed
4.0,2.4866720066584665e-08,0.0032188976775940174,0.0007219302267363532,56,normal,fill,random_n6,random_traders,7,True,all_signed
5.0,4.757992784476921e-08,0.005460013990821286,0.00029377377968447816,351,normal,fill,random_n6,random_traders,7,True,all_signed
6.0,9.160083461571707e-08,0.005049379448983731,0.00019669959134866824,998,normal,fill,random_n6,random_traders,7,True,all_signed
7.0,1.8539803436856788e-07,0.004332885577198259,0.00018560471662392952,1428,normal,fill,random_n6,random_traders,7,True,all_signed
8.0,3.6731452609261705e-07,0.004370202083963844,9.928628119513556e-05,4804,normal,fill,random_n6,random_traders,7,True,all_signed
9.0,7.234532147974901e-07,0.005626537957150434,0.0001016279871654103,6159,normal,fill,random_n6,random_traders,7,True,all_signed
10.0,1.4755840136221146e-06,0.00666324020749319,0.0001002368784731666,9068,normal,fill,random_n6,random_traders,7,True,all_signed
11.0,2.833400685832526e-06,0.008268406401425881,0.00015396773841881104,6900,normal,fill,random_n6,random_traders,7,True,all_signed
12.0,5.698693714573075e-06,0.007995308598359552,0.00017974125951324515,5958,normal,fill,random_n6,random_traders,7,True,all_signed
13.0,1.1416545573456628e-05,0.007898822441349455,0.00016296402148071183,6810,normal,fill,random_n6,random_traders,7,True,all_signed
14.0,2.2874526703565096e-05,0.008448282280972757,0.00016676749890963814,6979,normal,fill,random_n6,random_traders,7,True,all_signed
15.0,4.497877424903654e-05,0.009932072712883003,0.0002212027404286509,5499,normal,fill,random_n6,random_traders,7,True,all_signed
16.0,8.906215785756932e-05,0.010802875467403389,0.00026082187192626904,4257,normal,fill,random_n6,random_traders,7,True,all_signed
17.0,0.00017908798055857634,0.013787949213431351,0.0003761008763518203,2966,normal,fill,random_n6,random_traders,7,True,all_signed
18.0,0.00035512040180869553,0.013646349983333703,0.00041946185408126403,2520,normal,fill,random_n6,random_traders,7,True,all_signed
19.0,0.000694393034776015,0.014768699686642588,0.0005030051273770822,2019,normal,fill,random_n6,random_traders,7,True,all_signed
20.0,0.0013730079822338493,0.017132159919239564,0.0008464077495042157,961,normal,fill,random_n6,random_traders,7,True,all_signed
21.0,0.0026870061113857435,0.023262375765354046,0.001661294843397149,365,normal,fill,random_n6,random_traders,7,True,all_signed
22.0,0.005400257948016467,0.02698867221131601,0.0033513798087397707,97,normal,fill,random_n6,random_traders,7,True,all_signed
23.0,0.010283461464723961,0.031534853969817235,0.0072364202614970275,6,normal,fill,random_n6,random_traders,7,True,all_signed
0.0,1.0910622599639154e-09,0.008350078103080258,0.005732713209830756,2,normal,fill,random_n6,random_traders,7,True,positive_only
3.0,1.4537876764164168e-08,0.011030744149689853,0.004897267935154815,2,normal,fill,random_n6,random_traders,7,True,positive_only
4.0,2.5278108214002786e-08,0.0056675551828647645,0.0006333602438573861,38,normal,fill,random_n6,random_traders,7,True,positive_only
5.0,4.757470819158146e-08,0.006845012656419469,0.0002972849441323758,287,normal,fill,random_n6,random_traders,7,True,positive_only
6.0,8.944534559343373e-08,0.007097928125045537,0.00020795478133889785,745,normal,fill,random_n6,random_traders,7,True,positive_only
7.0,1.8297132001410252e-07,0.00782021074224615,0.00023171559121020656,859,normal,fill,random_n6,random_traders,7,True,positive_only
8.0,3.6744946876414585e-07,0.007166838354906442,0.00011315040175980493,3207,normal,fill,random_n6,random_traders,7,True,positive_only
9.0,7.234632154318027e-07,0.008653471987010043,0.00011701983428754634,4252,normal,fill,random_n6,random_traders,7,True,positive_only
10.0,1.4823149531861456e-06,0.00998876117074579,0.00011456542774932593,6415,normal,fill,random_n6,random_traders,7,True,positive_only
11.0,2.826413780654252e-06,0.012915892187040959,0.00018466314918364735,4704,normal,fill,random_n6,random_traders,7,True,positive_only
12.0,5.7051332975149755e-06,0.01299879218719986,0.00022954244529339927,3937,normal,fill,random_n6,random_traders,7,True,positive_only
13.0,1.1475729913216094e-05,0.012385571684519037,0.00020247346425415562,4656,normal,fill,random_n6,random_traders,7,True,positive_only
14.0,2.2849508797175914e-05,0.012890102548589905,0.00020218886328143113,4896,normal,fill,random_n6,random_traders,7,True,positive_only
15.0,4.4924090133484435e-05,0.015000707989873263,0.00027320118808555076,3854,normal,fill,random_n6,random_traders,7,True,positive_only
16.0,8.964404685729009e-05,0.01583838844760406,0.0003125259293015852,3069,normal,fill,random_n6,random_traders,7,True,positive_only
17.0,0.00017845152931231174,0.018727436912601234,0.00044013206045556734,2266,normal,fill,random_n6,random_traders,7,True,positive_only
18.0,0.000354273475139674,0.01835113303295455,0.0004934027406383243,1938,normal,fill,random_n6,random_traders,7,True,positive_only
19.0,0.0006971846895770049,0.020654336681865844,0.0006012304617318336,1500,normal,fill,random_n6,random_traders,7,True,positive_only
20.0,0.0013748209738474416,0.02314632398200819,0.0010086888877911793,732,normal,fill,random_n6,random_traders,7,True,positive_only
21.0,0.002669696750478209,0.02850240502778549,0.0018597139351451998,303,normal,fill,random_n6,random_traders,7,True,positive_only
22.0,0.005399901283345319,0.03278454484722049,0.0036755135730953048,81,normal,fill,random_n6,random_traders,7,True,positive_only
23.0,0.010283461464723961,0.031534853969817235,0.0072364202614970275,6,normal,fill,random_n6,random_traders,7,True,positive_only
0.0,1.2174535791905448e-09,0.005781404338247029,0.0023210026510071613,10,normal,fill,random_n6,random_traders,23,True,all_signed
1.0,2.3228374110787164e-09,0.011369159258716073,,1,normal,fill,random_n6,random_traders,23,True,all_signed
3.0,1.549106407736719e-08,0.0,,1,normal,fill,random_n6,random_traders,23,True,all_signed
4.0,2.6250705291095604e-08,0.00368912980992721,0.0007992176088554554,45,normal,fill,random_n6,random_traders,23,True,all_signed
5.0,4.736407812265169e-08,0.004734159537481468,0.00026508848171228407,355,normal,fill,random_n6,random_traders,23,True,all_signed
6.0,9.03047146642283e-08,0.004761914336856654,0.00019194483731275309,972,normal,fill,random_n6,random_traders,23,True,all_signed
7.0,1.8640259777135283e-07,0.004025256150766935,0.00018068392636446921,1448,normal,fill,random_n6,random_traders,23,True,all_signed
8.0,3.663633439360446e-07,0.004780598589715015,0.00010453396576287009,4740,normal,fill,random_n6,random_traders,23,True,all_signed
9.0,7.221138351752317e-07,0.005650723981841266,9.854575715772528e-05,6308,normal,fill,random_n6,random_traders,23,True,all_signed
10.0,1.4686046599381803e-06,0.006711671774497295,0.00010081737275897074,9068,normal,fill,random_n6,random_traders,23,True,all_signed
11.0,2.8446581708628303e-06,0.008376898457645804,0.00015201537240505105,6945,normal,fill,random_n6,random_traders,23,True,all_signed
12.0,5.692632374697571e-06,0.008157261817533352,0.00018144205794867171,5924,normal,fill,random_n6,random_traders,23,True,all_signed
13.0,1.1436765471577838e-05,0.007754188584500238,0.00015787003735159635,6789,normal,fill,random_n6,random_traders,23,True,all_signed
14.0,2.2846713362561582e-05,0.008545701409557798,0.0001672556387890818,7030,normal,fill,random_n6,random_traders,23,True,all_signed
15.0,4.4947452796814375e-05,0.009615060807982459,0.00023003031622249198,5480,normal,fill,random_n6,random_traders,23,True,all_signed
16.0,8.930990625023475e-05,0.010699086035493076,0.0002575115129327433,4304,normal,fill,random_n6,random_traders,23,True,all_signed
17.0,0.00017875562747203045,0.01322629354776719,0.0003522295181672379,2965,normal,fill,random_n6,random_traders,23,True,all_signed
18.0,0.0003579827225223344,0.01356147664858501,0.0003987338213147111,2491,normal,fill,random_n6,random_traders,23,True,all_signed
19.0,0.000688265046062599,0.014730874370284208,0.0005294872492875973,2019,normal,fill,random_n6,random_traders,23,True,all_signed
20.0,0.0013764770506418153,0.017785920030372673,0.0008237542794232829,950,normal,fill,random_n6,random_traders,23,True,all_signed
21.0,0.0026956373111584843,0.02228644460709531,0.0016068502050011985,374,normal,fill,random_n6,random_traders,23,True,all_signed
22.0,0.005294351417321221,0.02722673122260594,0.003424338228676993,95,normal,fill,random_n6,random_traders,23,True,all_signed
23.0,0.009808542439256373,0.02402017444081443,0.010840496320813336,8,normal,fill,random_n6,random_traders,23,True,all_signed
0.0,1.2073748615374828e-09,0.007240478085188661,0.0026715195101391243,8,normal,fill,random_n6,random_traders,23,True,positive_only
1.0,2.3228374110787164e-09,0.011369159258716073,,1,normal,fill,random_n6,random_traders,23,True,positive_only
4.0,2.6071801285827588e-08,0.00531498147934465,0.0007515523645367417,35,normal,fill,random_n6,random_traders,23,True,positive_only
5.0,4.7336287630438665e-08,0.006091804380695035,0.0002450077024412312,289,normal,fill,random_n6,random_traders,23,True,positive_only
6.0,8.81221338644805e-08,0.007000066835911003,0.0001966601734795725,704,normal,fill,random_n6,random_traders,23,True,positive_only
7.0,1.8474931929139323e-07,0.007585207081248409,0.00022368915061288244,853,normal,fill,random_n6,random_traders,23,True,positive_only
8.0,3.6719297916958267e-07,0.007574388587365906,0.00012072775434445609,3218,normal,fill,random_n6,random_traders,23,True,positive_only
9.0,7.197036011003771e-07,0.00862559433870397,0.00011165978621640967,4382,normal,fill,random_n6,random_traders,23,True,positive_only
10.0,1.4747877350814392e-06,0.00994474844412681,0.00011646541407562579,6454,normal,fill,random_n6,random_traders,23,True,positive_only
11.0,2.8338391110595227e-06,0.012990232317797801,0.00018046965966185305,4772,normal,fill,random_n6,random_traders,23,True,positive_only
12.0,5.698012767454041e-06,0.013266588650460239,0.00023087329570294066,3903,normal,fill,random_n6,random_traders,23,True,positive_only
13.0,1.1476716537953207e-05,0.012270938151560811,0.00019605926463068637,4603,normal,fill,random_n6,random_traders,23,True,positive_only
14.0,2.287618824668033e-05,0.012959360119839754,0.00020111698830881352,4967,normal,fill,random_n6,random_traders,23,True,positive_only
15.0,4.4893539193656526e-05,0.01480248930271646,0.00028906203615358943,3800,normal,fill,random_n6,random_traders,23,True,positive_only
16.0,8.96146662897434e-05,0.015749330032184143,0.0003083302628681887,3100,normal,fill,random_n6,random_traders,23,True,positive_only
17.0,0.00017850416952784118,0.01793114838126601,0.0004091361364176605,2267,normal,fill,random_n6,random_traders,23,True,positive_only
18.0,0.0003568762246989515,0.018333947389312773,0.0004645113287659986,1910,normal,fill,random_n6,random_traders,23,True,positive_only
19.0,0.0006882068326407426,0.02000247262949566,0.0006395557987345173,1530,normal,fill,random_n6,random_traders,23,True,positive_only
20.0,0.0013706791614672919,0.02313731035572086,0.0009425816582857114,752,normal,fill,random_n6,random_traders,23,True,positive_only
21.0,0.0026846405827506453,0.028198344897082516,0.0018012127207513286,304,normal,fill,random_n6,random_traders,23,True,positive_only
22.0,0.005379350033702145,0.032537005670127454,0.0036998793725545524,81,normal,fill,random_n6,random_traders,23,True,positive_only
23.0,0.010057165078882966,0.030686780834248306,0.009870678441835971,7,normal,fill,random_n6,random_traders,23,True,positive_only
0.0,1.2842823594670074e-09,0.0036893959738544297,0.0014967886285861673,12,normal,fill,random_n6,random_traders,71,True,all_signed
1.0,2.443952647465266e-09,0.0,,1,normal,fill,random_n6,random_traders,71,True,all_signed
2.0,7.384665811370664e-09,0.0,,1,normal,fill,random_n6,random_traders,71,True,all_signed
3.0,1.3159506926073218e-08,0.0028310662939453,0.0017671634682988535,6,normal,fill,random_n6,random_traders,71,True,all_signed
4.0,2.5107858742602272e-08,0.005173742870381268,0.0010553905542176265,43,normal,fill,random_n6,random_traders,71,True,all_signed
5.0,4.765402380663335e-08,0.005019048616935416,0.00027412325403237356,384,normal,fill,random_n6,random_traders,71,True,all_signed
6.0,9.02662934521988e-08,0.005014840784241004,0.00019860078794227735,988,normal,fill,random_n6,random_traders,71,True,all_signed
7.0,1.8597929647546383e-07,0.00434026828001677,0.0001933485066749681,1429,normal,fill,random_n6,random_traders,71,True,all_signed
8.0,3.6625540277850094e-07,0.004459452942782746,9.836948167882265e-05,4772,normal,fill,random_n6,random_traders,71,True,all_signed
9.0,7.206874357105175e-07,0.005748834685166953,0.00010503022327889605,6181,normal,fill,random_n6,random_traders,71,True,all_signed
10.0,1.4751613350885943e-06,0.006681387045047501,0.0001009179967749255,8966,normal,fill,random_n6,random_traders,71,True,all_signed
11.0,2.84055483552753e-06,0.008177819849040575,0.0001532053155476607,6905,normal,fill,random_n6,random_traders,71,True,all_signed
12.0,5.705183029785127e-06,0.00802243354157027,0.00017873612288527642,5889,normal,fill,random_n6,random_traders,71,True,all_signed
13.0,1.141314138858235e-05,0.007637966575129923,0.00016088617848742078,6776,normal,fill,random_n6,random_traders,71,True,all_signed
14.0,2.2821595266215108e-05,0.00841716382760231,0.00016683304435746865,7096,normal,fill,random_n6,random_traders,71,True,all_signed
15.0,4.4953789453127085e-05,0.01001226957251828,0.00022909524634891828,5421,normal,fill,random_n6,random_traders,71,True,all_signed
16.0,8.953609129196186e-05,0.010855724162661083,0.00024969788061731237,4311,normal,fill,random_n6,random_traders,71,True,all_signed
17.0,0.0001781662184632357,0.01292825174310735,0.0003673778388855878,2997,normal,fill,random_n6,random_traders,71,True,all_signed
18.0,0.00035644640175361395,0.013639407223545438,0.0004172840334181608,2445,normal,fill,random_n6,random_traders,71,True,all_signed
19.0,0.0006893558921665515,0.01505030162404391,0.000520206943141733,2035,normal,fill,random_n6,random_traders,71,True,all_signed
20.0,0.0013627053355419001,0.018165790175633762,0.0008548669263074127,970,normal,fill,random_n6,random_traders,71,True,all_signed
21.0,0.002684762738807631,0.023201286761397218,0.0016409566791491881,366,normal,fill,random_n6,random_traders,71,True,all_signed
22.0,0.005340807182582982,0.026997286724352844,0.0038175378578079893,83,normal,fill,random_n6,random_traders,71,True,all_signed
23.0,0.009957146645330813,0.033251358064427486,0.009987019648365741,14,normal,fill,random_n6,random_traders,71,True,all_signed
0.0,1.2598426642651382e-09,0.004928565571691175,0.001827435322311495,9,normal,fill,random_n6,random_traders,71,True,positive_only
3.0,1.3420748567391163e-08,0.0056621325878906,0.002756700429451301,3,normal,fill,random_n6,random_traders,71,True,positive_only
4.0,2.498346789127189e-08,0.008065481872002081,0.0012217058694375517,29,normal,fill,random_n6,random_traders,71,True,positive_only
5.0,4.748577508157111e-08,0.006690820208425065,0.0002844838407147769,296,normal,fill,random_n6,random_traders,71,True,positive_only
6.0,8.858907278767874e-08,0.0072778131656564705,0.00022291988430592926,705,normal,fill,random_n6,random_traders,71,True,positive_only
7.0,1.8425278312263974e-07,0.0077878576551755115,0.0002459188515028758,868,normal,fill,random_n6,random_traders,71,True,positive_only
8.0,3.6665619762078743e-07,0.007220772153386837,0.00010985820215898952,3213,normal,fill,random_n6,random_traders,71,True,positive_only
9.0,7.224801238258494e-07,0.008861241021360813,0.00011785868018869622,4292,normal,fill,random_n6,random_traders,71,True,positive_only
10.0,1.4797107699573651e-06,0.01001128324483559,0.00011591854211601233,6328,normal,fill,random_n6,random_traders,71,True,positive_only
11.0,2.8357243071659274e-06,0.012974587494528513,0.00018430854389285875,4664,normal,fill,random_n6,random_traders,71,True,positive_only
12.0,5.69522661659538e-06,0.012942037612165856,0.0002254274285282186,3918,normal,fill,random_n6,random_traders,71,True,positive_only
13.0,1.1440808692567927e-05,0.012195668509815938,0.00020076942148796871,4576,normal,fill,random_n6,random_traders,71,True,positive_only
14.0,2.2763521883689322e-05,0.012911239311009756,0.0002008260184724883,4983,normal,fill,random_n6,random_traders,71,True,positive_only
15.0,4.497125899472869e-05,0.015007905539515374,0.0002851411712154242,3814,normal,fill,random_n6,random_traders,71,True,positive_only
16.0,8.969923737430144e-05,0.015613519579617336,0.0002951851055038148,3155,normal,fill,random_n6,random_traders,71,True,positive_only
17.0,0.0001780002369952692,0.01775272178147385,0.0004305121567835371,2284,normal,fill,random_n6,random_traders,71,True,positive_only
18.0,0.0003544164474052168,0.018373214067668325,0.0004913689303435672,1876,normal,fill,random_n6,random_traders,71,True,positive_only
19.0,0.0006867754299680498,0.02022852129376387,0.0006229176662966286,1554,normal,fill,random_n6,random_traders,71,True,positive_only
20.0,0.0013633004263975252,0.02401643946494419,0.0009964961025147794,755,normal,fill,random_n6,random_traders,71,True,positive_only
21.0,0.0026915116272659763,0.029178896455644834,0.001853381527968827,297,normal,fill,random_n6,random_traders,71,True,positive_only
22.0,0.0054340987268749,0.03353334871508102,0.004257656431259587,68,normal,fill,random_n6,random_traders,71,True,positive_only
23.0,0.009957146645330813,0.033251358064427486,0.009987019648365741,14,normal,fill,random_n6,random_traders,71,True,positive_only
0.0,1.2592359766233565e-09,0.007858912913939373,0.0016465711274974524,16,normal,fill,threshold_wait5s,time_threshold,7,True,all_signed
2.0,5.496306551821142e-09,-0.018092521795504142,,1,normal,fill,threshold_wait5s,time_threshold,7,True,all_signed
3.0,1.3167533039189226e-08,0.000258923736348474,0.000258923736348474,3,normal,fill,threshold_wait5s,time_threshold,7,True,all_signed
4.0,2.3163196265566395e-08,0.0005650122943990979,0.001134094770140454,18,normal,fill,threshold_wait5s,time_threshold,7,True,all_signed
5.0,4.9052470274812255e-08,0.00220090681414419,0.0007320237673133158,61,normal,fill,threshold_wait5s,time_threshold,7,True,all_signed
6.0,9.390933205574918e-08,0.0017466764124503982,0.00046697625648803407,180,normal,fill,threshold_wait5s,time_threshold,7,True,all_signed
7.0,1.9068750027667593e-07,0.001245267918292147,0.00029722028700842945,456,normal,fill,threshold_wait5s,time_threshold,7,True,all_signed
8.0,3.5740518185018403e-07,0.0028017163866799547,0.0001799824649044371,1620,normal,fill,threshold_wait5s,time_threshold,7,True,all_signed
9.0,6.951612065796623e-07,0.0035390184533253205,0.00018888993708512515,1777,normal,fill,threshold_wait5s,time_threshold,7,True,all_signed
10.0,1.4231676020443426e-06,0.0038920640973818645,0.00022716689031279322,1701,normal,fill,threshold_wait5s,time_threshold,7,True,all_signed
11.0,2.8129198178030495e-06,0.0036268391440985254,0.00036520706914036774,1025,normal,fill,threshold_wait5s,time_threshold,7,True,all_signed
12.0,5.783618683450561e-06,0.0021861704631365745,0.0003787779191757739,739,normal,fill,threshold_wait5s,time_threshold,7,True,all_signed
13.0,1.1173366504940427e-05,0.0025465085489805284,0.0003684712125662854,805,normal,fill,threshold_wait5s,time_threshold,7,True,all_signed
14.0,2.2350226003417618e-05,0.002622877844840856,0.0004330456923457129,607,normal,fill,threshold_wait5s,time_threshold,7,True,all_signed
15.0,4.453234794697691e-05,0.0026059334537219584,0.00047205340422469723,390,normal,fill,threshold_wait5s,time_threshold,7,True,all_signed
16.0,8.843510241031371e-05,0.003686694157057732,0.0009643846672982778,245,normal,fill,threshold_wait5s,time_threshold,7,True,all_signed
17.0,0.00017508494341419658,0.004548645914002425,0.001261145410703416,153,normal,fill,threshold_wait5s,time_threshold,7,True,all_signed
18.0,0.00034012921777561904,0.006421954110696947,0.0013191841817035094,124,normal,fill,threshold_wait5s,time_threshold,7,True,all_signed
19.0,0.0006287465399032197,0.007077126686868354,0.002486158198520681,50,normal,fill,threshold_wait5s,time_threshold,7,True,all_signed
20.0,0.0014153179830103508,0.004067449417155548,0.001678343417971968,13,normal,fill,threshold_wait5s,time_threshold,7,True,all_signed
21.0,0.002666748107422785,0.02690513562845403,0.011768746912230602,5,normal,fill,threshold_wait5s,time_threshold,7,True,all_signed
22.0,0.00462620261071433,0.00014394618231587908,,1,normal,fill,threshold_wait5s,time_threshold,7,True,all_signed
0.0,1.2751701836468981e-09,0.008382840441535332,0.0016687707789988645,15,normal,fill,threshold_wait5s,time_threshold,7,True,positive_only
3.0,1.584770365066929e-08,0.0007767712090454219,,1,normal,fill,threshold_wait5s,time_threshold,7,True,positive_only
4.0,2.3498285270609065e-08,0.0040135881067724045,0.0007728509639403339,7,normal,fill,threshold_wait5s,time_threshold,7,True,positive_only
5.0,4.690665752079995e-08,0.00572225581485124,0.0011023261448555055,29,normal,fill,threshold_wait5s,time_threshold,7,True,positive_only
6.0,9.426386905136997e-08,0.006228995249561077,0.0008621980439914771,71,normal,fill,threshold_wait5s,time_threshold,7,True,positive_only
7.0,1.9197238575525564e-07,0.005546426739821828,0.0003705037350421897,180,normal,fill,threshold_wait5s,time_threshold,7,True,positive_only
8.0,3.5750193572858984e-07,0.006577918145183993,0.00023598391698259039,883,normal,fill,threshold_wait5s,time_threshold,7,True,positive_only
9.0,6.884523281141951e-07,0.00738616103263849,0.00022677962092926355,1051,normal,fill,threshold_wait5s,time_threshold,7,True,positive_only
10.0,1.4177341432296527e-06,0.00865352658070744,0.0002576964057299159,963,normal,fill,threshold_wait5s,time_threshold,7,True,positive_only
11.0,2.8063879880160347e-06,0.0110024962702877,0.0004908622724780688,475,normal,fill,threshold_wait5s,time_threshold,7,True,positive_only
12.0,5.755427713524691e-06,0.009046345106458282,0.0006341786288406667,300,normal,fill,threshold_wait5s,time_threshold,7,True,positive_only
13.0,1.1205034601375154e-05,0.008813861662492204,0.0005318090696423478,370,normal,fill,threshold_wait5s,time_threshold,7,True,positive_only
14.0,2.2227040376157833e-05,0.009224333061888959,0.0005785092547639052,281,normal,fill,threshold_wait5s,time_threshold,7,True,positive_only
15.0,4.4549761067408554e-05,0.009545067789260661,0.0006204023327306057,173,normal,fill,threshold_wait5s,time_threshold,7,True,positive_only
16.0,8.932876804339217e-05,0.011925128112801985,0.0009994243278898876,124,normal,fill,threshold_wait5s,time_threshold,7,True,positive_only
17.0,0.00017511253371413745,0.012678978475104925,0.0015906187558546723,86,normal,fill,threshold_wait5s,time_threshold,7,True,positive_only
18.0,0.00033498272409703217,0.012187141044760609,0.001701494246825288,78,normal,fill,threshold_wait5s,time_threshold,7,True,positive_only
19.0,0.0006492534994182105,0.013125501183333934,0.0034167612089169123,31,normal,fill,threshold_wait5s,time_threshold,7,True,positive_only
20.0,0.0013650901971462856,0.008812807070503687,0.0025067042452351757,6,normal,fill,threshold_wait5s,time_threshold,7,True,positive_only
21.0,0.002666748107422785,0.02690513562845403,0.011768746912230602,5,normal,fill,threshold_wait5s,time_threshold,7,True,positive_only
22.0,0.00462620261071433,0.00014394618231587908,,1,normal,fill,threshold_wait5s,time_threshold,7,True,positive_only
0.0,1.2947875279610192e-09,0.0035111693835722974,0.0016957419759742948,9,normal,fill,threshold_wait5s,time_threshold,23,True,all_signed
1.0,2.443952647465266e-09,0.0,,1,normal,fill,threshold_wait5s,time_threshold,23,True,all_signed
2.0,7.80608757315345e-09,0.007909792691182978,,1,normal,fill,threshold_wait5s,time_threshold,23,True,all_signed
3.0,1.252348860717987e-08,0.0024630877649865182,0.002446587730916405,4,normal,fill,threshold_wait5s,time_threshold,23,True,all_signed
4.0,2.5182145040751007e-08,0.004182413330999405,0.0014250678968375818,17,normal,fill,threshold_wait5s,time_threshold,23,True,all_signed
5.0,4.628544605491361e-08,0.0028775698750628047,0.0009595712823131032,55,normal,fill,threshold_wait5s,time_threshold,23,True,all_signed
6.0,9.450229913099634e-08,0.0003709527882464034,0.0005448936138280449,186,normal,fill,threshold_wait5s,time_threshold,23,True,all_signed
7.0,1.8892055950471582e-07,0.001116526617994499,0.00028907529892608155,429,normal,fill,threshold_wait5s,time_threshold,23,True,all_signed
8.0,3.626827030393358e-07,0.0023763103432531446,0.00017156855824859932,1636,normal,fill,threshold_wait5s,time_threshold,23,True,all_signed
9.0,6.982609134479601e-07,0.0035514279469490225,0.000198799649964777,1867,normal,fill,threshold_wait5s,time_threshold,23,True,all_signed
10.0,1.4215645115225865e-06,0.00342776716460734,0.00023434919310360322,1730,normal,fill,threshold_wait5s,time_threshold,23,True,all_signed
11.0,2.7830689073539294e-06,0.003714094977995611,0.0003662163905276433,1055,normal,fill,threshold_wait5s,time_threshold,23,True,all_signed
12.0,5.736073041647297e-06,0.0022903899623773,0.00031995068701777155,785,normal,fill,threshold_wait5s,time_threshold,23,True,all_signed
13.0,1.1224010770914703e-05,0.002733828132870459,0.0003358952871675727,822,normal,fill,threshold_wait5s,time_threshold,23,True,all_signed
14.0,2.2012938642932045e-05,0.0027851557404119883,0.00044305995607267317,630,normal,fill,threshold_wait5s,time_threshold,23,True,all_signed
15.0,4.454988635748005e-05,0.0031213471836458004,0.0006156850144053154,381,normal,fill,threshold_wait5s,time_threshold,23,True,all_signed
16.0,8.74591766226369e-05,0.0037222092137845072,0.0008246202042117409,249,normal,fill,threshold_wait5s,time_threshold,23,True,all_signed
17.0,0.00017182134740213287,0.004700068496034826,0.0010242509821889437,144,normal,fill,threshold_wait5s,time_threshold,23,True,all_signed
18.0,0.0003484809904665553,0.007145996764114103,0.002014700539379651,116,normal,fill,threshold_wait5s,time_threshold,23,True,all_signed
19.0,0.0006309246243468378,0.007215238695705224,0.0022855791391783813,55,normal,fill,threshold_wait5s,time_threshold,23,True,all_signed
20.0,0.001232769982855466,0.003720507142199556,0.0018613544818519726,11,normal,fill,threshold_wait5s,time_threshold,23,True,all_signed
21.0,0.003170840664507114,0.010670944563645186,,1,normal,fill,threshold_wait5s,time_threshold,23,True,all_signed
22.0,0.004644020359263057,0.00926053772934199,,1,normal,fill,threshold_wait5s,time_threshold,23,True,all_signed
23.0,0.010240274432815678,0.00010366653647901537,,1,normal,fill,threshold_wait5s,time_threshold,23,True,all_signed
0.0,1.303803147056083e-09,0.006508542997692534,0.0022945626198067424,5,normal,fill,threshold_wait5s,time_threshold,23,True,positive_only
2.0,7.80608757315345e-09,0.007909792691182978,,1,normal,fill,threshold_wait5s,time_threshold,23,True,positive_only
3.0,1.2007180845539116e-08,0.0049261755299730365,0.004876591686246813,2,normal,fill,threshold_wait5s,time_threshold,23,True,positive_only
4.0,2.4549577264995603e-08,0.0067571858827959715,0.0017505356171093524,11,normal,fill,threshold_wait5s,time_threshold,23,True,positive_only
5.0,4.64268432759933e-08,0.006520683112840537,0.0011947530427894168,31,normal,fill,threshold_wait5s,time_threshold,23,True,positive_only
6.0,9.461126077974148e-08,0.005490344350077414,0.0005941537631516772,71,normal,fill,threshold_wait5s,time_threshold,23,True,positive_only
7.0,1.8840102797751394e-07,0.005622946149643321,0.00038170801731539415,174,normal,fill,threshold_wait5s,time_threshold,23,True,positive_only
8.0,3.652124996263195e-07,0.00628216297935729,0.00019867857293221343,862,normal,fill,threshold_wait5s,time_threshold,23,True,positive_only
9.0,6.888285035122889e-07,0.007873894419049206,0.0002259586629064007,1076,normal,fill,threshold_wait5s,time_threshold,23,True,positive_only
10.0,1.4233071799552485e-06,0.008431818627497365,0.00024972734807032787,940,normal,fill,threshold_wait5s,time_threshold,23,True,positive_only
11.0,2.751124233208172e-06,0.010981822453519655,0.0005436928738610333,488,normal,fill,threshold_wait5s,time_threshold,23,True,positive_only
12.0,5.810556486254927e-06,0.008971240991815167,0.000558045872411058,305,normal,fill,threshold_wait5s,time_threshold,23,True,positive_only
13.0,1.124738854674351e-05,0.008898029083245846,0.0005175950208288776,375,normal,fill,threshold_wait5s,time_threshold,23,True,positive_only
14.0,2.218989319996064e-05,0.00968845266661385,0.0006095301225256013,294,normal,fill,threshold_wait5s,time_threshold,23,True,positive_only
15.0,4.371291858549283e-05,0.009911832584946259,0.0007629305255266955,196,normal,fill,threshold_wait5s,time_threshold,23,True,positive_only
16.0,8.757517845549321e-05,0.011010729304506243,0.0009793111879649761,132,normal,fill,threshold_wait5s,time_threshold,23,True,positive_only
17.0,0.00016971311956397002,0.010011669348417022,0.001307920242352664,88,normal,fill,threshold_wait5s,time_threshold,23,True,positive_only
18.0,0.000353243907481211,0.014369016952227332,0.003061533682452928,68,normal,fill,threshold_wait5s,time_threshold,23,True,positive_only
19.0,0.0006304645311701394,0.013449672271176175,0.0034869113182277186,32,normal,fill,threshold_wait5s,time_threshold,23,True,positive_only
20.0,0.0012946341974950256,0.006391455900631776,0.0013522788820383832,8,normal,fill,threshold_wait5s,time_threshold,23,True,positive_only
21.0,0.003170840664507114,0.010670944563645186,,1,normal,fill,threshold_wait5s,time_threshold,23,True,positive_only
22.0,0.004644020359263057,0.00926053772934199,,1,normal,fill,threshold_wait5s,time_threshold,23,True,positive_only
23.0,0.010240274432815678,0.00010366653647901537,,1,normal,fill,threshold_wait5s,time_threshold,23,True,positive_only
0.0,1.1582727287641565e-09,0.002366327683257836,0.0013572541034511244,9,normal,fill,threshold_wait5s,time_threshold,71,True,all_signed
1.0,2.07894673258409e-09,0.01673777159150023,,1,normal,fill,threshold_wait5s,time_threshold,71,True,all_signed
2.0,5.9345006422245894e-09,0.0015923588825228086,0.0015923588825228086,2,normal,fill,threshold_wait5s,time_threshold,71,True,all_signed
3.0,1.1186256859379505e-08,0.00425864754972213,0.003103341119155085,6,normal,fill,threshold_wait5s,time_threshold,71,True,all_signed
4.0,2.4737453479188836e-08,0.002989937568769055,0.0009642096573270148,18,normal,fill,threshold_wait5s,time_threshold,71,True,all_signed
5.0,4.6711974399569204e-08,0.0021383457405060352,0.0007523944080357076,53,normal,fill,threshold_wait5s,time_threshold,71,True,all_signed
6.0,9.488758889675441e-08,0.0020463800912855048,0.0004156565201013009,208,normal,fill,threshold_wait5s,time_threshold,71,True,all_signed
7.0,1.8903017203384292e-07,0.0015708094060775603,0.00033546368576758544,477,normal,fill,threshold_wait5s,time_threshold,71,True,all_signed
8.0,3.600343790028829e-07,0.0025637742278486063,0.0001596929779839001,1600,normal,fill,threshold_wait5s,time_threshold,71,True,all_signed
9.0,6.964122631431293e-07,0.0036232954799873996,0.00016763569017080992,1843,normal,fill,threshold_wait5s,time_threshold,71,True,all_signed
10.0,1.4224540095923404e-06,0.004476216688878766,0.0002236016622272592,1760,normal,fill,threshold_wait5s,time_threshold,71,True,all_signed
11.0,2.8511778001648795e-06,0.003870613959762894,0.00039195077204942657,963,normal,fill,threshold_wait5s,time_threshold,71,True,all_signed
12.0,5.688400372888837e-06,0.002879171303821007,0.0003673179903956083,774,normal,fill,threshold_wait5s,time_threshold,71,True,all_signed
13.0,1.117779866968782e-05,0.0018487268311682778,0.00034556804092680376,813,normal,fill,threshold_wait5s,time_threshold,71,True,all_signed
14.0,2.2275321644642415e-05,0.003059171148233342,0.0004068266631829735,653,normal,fill,threshold_wait5s,time_threshold,71,True,all_signed
15.0,4.448671118274518e-05,0.0022656625703996753,0.0006227163655106846,375,normal,fill,threshold_wait5s,time_threshold,71,True,all_signed
16.0,8.716084457511838e-05,0.0051249379978014304,0.0007680172227549467,283,normal,fill,threshold_wait5s,time_threshold,71,True,all_signed
17.0,0.00017669370384371946,0.006500575717214643,0.001159001931417158,158,normal,fill,threshold_wait5s,time_threshold,71,True,all_signed
18.0,0.0003511669802882656,0.006011449641754004,0.001023495746200464,122,normal,fill,threshold_wait5s,time_threshold,71,True,all_signed
19.0,0.000657471317176119,0.0028288518118750007,0.0015817456949452247,68,normal,fill,threshold_wait5s,time_threshold,71,True,all_signed
20.0,0.001313938645048867,0.008316942569008222,0.002843609563453101,16,normal,fill,threshold_wait5s,time_threshold,71,True,all_signed
21.0,0.0024205163847010455,0.023661873839151453,0.018429344770960494,4,normal,fill,threshold_wait5s,time_threshold,71,True,all_signed
22.0,0.0046267023418014065,0.00926053772934199,,1,normal,fill,threshold_wait5s,time_threshold,71,True,all_signed
0.0,1.20357381616782e-09,0.004259389829864105,0.00214845919467111,5,normal,fill,threshold_wait5s,time_threshold,71,True,positive_only
1.0,2.07894673258409e-09,0.01673777159150023,,1,normal,fill,threshold_wait5s,time_threshold,71,True,positive_only
2.0,4.178274611391593e-09,0.0031847177650456172,,1,normal,fill,threshold_wait5s,time_threshold,71,True,positive_only
3.0,1.0071629618911844e-08,0.006387971324583195,0.0044207234155065915,4,normal,fill,threshold_wait5s,time_threshold,71,True,positive_only
4.0,2.47001519294873e-08,0.005704689432160881,0.001103270112054561,10,normal,fill,threshold_wait5s,time_threshold,71,True,positive_only
5.0,4.863984595700915e-08,0.0050027674664693805,0.0006350702524357647,29,normal,fill,threshold_wait5s,time_threshold,71,True,positive_only
6.0,9.405439757795266e-08,0.00572460760103807,0.0005808353292218822,97,normal,fill,threshold_wait5s,time_threshold,71,True,positive_only
7.0,1.899048881897875e-07,0.006168482193300855,0.00043359725079286204,196,normal,fill,threshold_wait5s,time_threshold,71,True,positive_only
8.0,3.6127815646490637e-07,0.006177703456468325,0.0001919876219035218,854,normal,fill,threshold_wait5s,time_threshold,71,True,positive_only
9.0,6.850764665420959e-07,0.0073586055124803835,0.0001841545512602144,1096,normal,fill,threshold_wait5s,time_threshold,71,True,positive_only
10.0,1.423087159920209e-06,0.009122594031429725,0.00027823853656125646,1027,normal,fill,threshold_wait5s,time_threshold,71,True,positive_only
11.0,2.8286707953959915e-06,0.01098671202501289,0.0005954149784558916,447,normal,fill,threshold_wait5s,time_threshold,71,True,positive_only
12.0,5.693747064292028e-06,0.009671773533179738,0.000671399207823002,318,normal,fill,threshold_wait5s,time_threshold,71,True,positive_only
13.0,1.1424178615761661e-05,0.008484673264548928,0.0004726517723419162,352,normal,fill,threshold_wait5s,time_threshold,71,True,positive_only
14.0,2.25000354417378e-05,0.008820600243570138,0.0005341476048101946,337,normal,fill,threshold_wait5s,time_threshold,71,True,positive_only
15.0,4.378606701771e-05,0.008354682779566273,0.0005985699369041282,199,normal,fill,threshold_wait5s,time_threshold,71,True,positive_only
16.0,8.735573446798385e-05,0.011345473182758959,0.0009917849751349263,166,normal,fill,threshold_wait5s,time_threshold,71,True,positive_only
17.0,0.00017676700488127592,0.01336446301582433,0.001382080307211883,97,normal,fill,threshold_wait5s,time_threshold,71,True,positive_only
18.0,0.0003514160837380826,0.009939339410844246,0.0011672799141472657,86,normal,fill,threshold_wait5s,time_threshold,71,True,positive_only
19.0,0.0006651970854003377,0.01186160298459463,0.0028104128396253146,28,normal,fill,threshold_wait5s,time_threshold,71,True,positive_only
20.0,0.0012556209999880165,0.013307108110413154,0.0037662550812939516,10,normal,fill,threshold_wait5s,time_threshold,71,True,positive_only
21.0,0.0023496847973258125,0.031549165118868606,0.023555525252298093,3,normal,fill,threshold_wait5s,time_threshold,71,True,positive_only
22.0,0.0046267023418014065,0.00926053772934199,,1,normal,fill,threshold_wait5s,time_threshold,71,True,positive_only
0.0,1.254560539273199e-09,0.003292930190493698,0.001300429722168012,2,stress,aggressive,random_n6,random_traders,7,True,all_signed
3.0,1.3000369577306241e-08,-0.0003443501294285173,0.0022204268837629376,6,stress,aggressive,random_n6,random_traders,7,True,all_signed
4.0,2.5651484950281027e-08,0.0020730635337465357,0.0013490076612340941,12,stress,aggressive,random_n6,random_traders,7,True,all_signed
5.0,5.154283647008426e-08,0.0021157574692255306,0.0006746283111131561,76,stress,aggressive,random_n6,random_traders,7,True,all_signed
6.0,9.834329980320805e-08,0.0021104910759797597,0.0004814253410443216,245,stress,aggressive,random_n6,random_traders,7,True,all_signed
7.0,1.9216274859325323e-07,0.0019942030194822196,0.00027664570359410795,737,stress,aggressive,random_n6,random_traders,7,True,all_signed
8.0,3.721660300430182e-07,0.003000582390381423,0.00020770665167131928,1690,stress,aggressive,random_n6,random_traders,7,True,all_signed
9.0,7.359907772826573e-07,0.0036032693097696263,0.0001955810430672033,2714,stress,aggressive,random_n6,random_traders,7,True,all_signed
10.0,1.4730350325453966e-06,0.00487519462903109,0.00016072079524068861,4261,stress,aggressive,random_n6,random_traders,7,True,all_signed
11.0,2.8631740893421156e-06,0.006373288014620946,0.0001877723657012268,4866,stress,aggressive,random_n6,random_traders,7,True,all_signed
12.0,5.7714440431379005e-06,0.006396672690678012,0.00021183302650650706,4527,stress,aggressive,random_n6,random_traders,7,True,all_signed
13.0,1.1574561675416994e-05,0.006662269064370829,0.00021875651085145632,4831,stress,aggressive,random_n6,random_traders,7,True,all_signed
14.0,2.2636514190686345e-05,0.008492980932239567,0.00022153294119831168,5036,stress,aggressive,random_n6,random_traders,7,True,all_signed
15.0,4.502390841724283e-05,0.009842083938471222,0.00028452746744287864,3896,stress,aggressive,random_n6,random_traders,7,True,all_signed
16.0,8.954099956863206e-05,0.010604314595956637,0.0003501816142306193,3000,stress,aggressive,random_n6,random_traders,7,True,all_signed
17.0,0.00017818616714677132,0.012432767835995534,0.0004216835225338282,2378,stress,aggressive,random_n6,random_traders,7,True,all_signed
18.0,0.00035795707578243166,0.012661956746197451,0.000512118420597881,1797,stress,aggressive,random_n6,random_traders,7,True,all_signed
19.0,0.0007157156438969602,0.014064768559823908,0.0006250520481543232,1392,stress,aggressive,random_n6,random_traders,7,True,all_signed
20.0,0.0013991763686996722,0.016948710294071224,0.0008865940862811728,932,stress,aggressive,random_n6,random_traders,7,True,all_signed
21.0,0.0028025478512073757,0.019987231413279162,0.0018046390592327212,410,stress,aggressive,random_n6,random_traders,7,True,all_signed
22.0,0.005222054977348916,0.020620172149451502,0.002846267384935143,153,stress,aggressive,random_n6,random_traders,7,True,all_signed
23.0,0.009864321008300309,0.035662725523689626,0.006951412012358292,41,stress,aggressive,random_n6,random_traders,7,True,all_signed
24.0,0.024678801455519813,0.028277437728847173,0.014223682990869383,14,stress,aggressive,random_n6,random_traders,7,True,all_signed
25.0,0.040137447950446555,0.02483948259340653,0.0179357865394178,3,stress,aggressive,random_n6,random_traders,7,True,all_signed
0.0,1.254560539273199e-09,0.003292930190493698,0.001300429722168012,2,stress,aggressive,random_n6,random_traders,7,True,positive_only
3.0,1.3543294098697753e-08,0.0021786822103087,0.0010570168916860978,4,stress,aggressive,random_n6,random_traders,7,True,positive_only
4.0,2.3301052596362065e-08,0.0053983431342349295,0.0026842754756713208,5,stress,aggressive,random_n6,random_traders,7,True,positive_only
5.0,5.2013058089298597e-08,0.0050736662752444515,0.0009025840235108919,42,stress,aggressive,random_n6,random_traders,7,True,positive_only
6.0,9.685212158967808e-08,0.007038253139405524,0.0006701245867679009,113,stress,aggressive,random_n6,random_traders,7,True,positive_only
7.0,1.9245905254572723e-07,0.00708897445039036,0.00039383509379074366,331,stress,aggressive,random_n6,random_traders,7,True,positive_only
8.0,3.752507343470797e-07,0.0075314568769364425,0.0002472150548065018,956,stress,aggressive,random_n6,random_traders,7,True,positive_only
9.0,7.366841286582481e-07,0.008736707471174521,0.00023113548829403928,1576,stress,aggressive,random_n6,random_traders,7,True,positive_only
10.0,1.477258791711085e-06,0.009879548109198286,0.00017412280888589254,2694,stress,aggressive,random_n6,random_traders,7,True,positive_only
11.0,2.8565453058426343e-06,0.01249519492535125,0.00021178415238916714,3090,stress,aggressive,random_n6,random_traders,7,True,positive_only
12.0,5.772682523313475e-06,0.013021104329963125,0.00025204916225169815,2813,stress,aggressive,random_n6,random_traders,7,True,positive_only
13.0,1.1637904069774183e-05,0.013195831530578494,0.00025772652390476235,3097,stress,aggressive,random_n6,random_traders,7,True,positive_only
14.0,2.2698604920802775e-05,0.01450917356791755,0.00024210985015644306,3510,stress,aggressive,random_n6,random_traders,7,True,positive_only
15.0,4.49543918596552e-05,0.016252899230528806,0.0003171890859520596,2751,stress,aggressive,random_n6,random_traders,7,True,positive_only
16.0,8.936887867378965e-05,0.017675978462702524,0.00039405944870975906,2096,stress,aggressive,random_n6,random_traders,7,True,positive_only
17.0,0.00017880618143609032,0.019420522580627934,0.0004696168202670514,1718,stress,aggressive,random_n6,random_traders,7,True,positive_only
18.0,0.00035575339603788027,0.019834834441108357,0.0005822109799112285,1293,stress,aggressive,random_n6,random_traders,7,True,positive_only
19.0,0.0007139889968617222,0.021351793382635167,0.000722790250231996,1014,stress,aggressive,random_n6,random_traders,7,True,positive_only
20.0,0.0014052949785274447,0.02534896693183828,0.0010285050023670485,677,stress,aggressive,random_n6,random_traders,7,True,positive_only
21.0,0.002824573665520791,0.029435119349317744,0.002129287980462022,306,stress,aggressive,random_n6,random_traders,7,True,positive_only
22.0,0.005248022568801316,0.02921949992546104,0.0033063190224207556,117,stress,aggressive,random_n6,random_traders,7,True,positive_only
23.0,0.009828094920962996,0.039572493085631925,0.007425800489389148,37,stress,aggressive,random_n6,random_traders,7,True,positive_only
24.0,0.024576015980476332,0.031927681728750344,0.014848805428728518,13,stress,aggressive,random_n6,random_traders,7,True,positive_only
25.0,0.04107242935842187,0.03976248933769394,0.017233366632568914,2,stress,aggressive,random_n6,random_traders,7,True,positive_only
0.0,1.2388092031816213e-09,0.003920089934279875,0.0007464034416812928,6,stress,aggressive,random_n6,random_traders,23,True,all_signed
3.0,1.2684891906270272e-08,0.006326965720251425,0.004109916721123721,2,stress,aggressive,random_n6,random_traders,23,True,all_signed
4.0,2.489039122799544e-08,-0.002438711667745199,0.001778940274770635,14,stress,aggressive,random_n6,random_traders,23,True,all_signed
5.0,4.8981515552492714e-08,0.0018269348360192203,0.0006793151454436556,69,stress,aggressive,random_n6,random_traders,23,True,all_signed
6.0,9.733317255044684e-08,0.0016555206245758376,0.0006322540299939497,218,stress,aggressive,random_n6,random_traders,23,True,all_signed
7.0,1.9023570451627243e-07,0.000962205685040816,0.00028584716897918084,664,stress,aggressive,random_n6,random_traders,23,True,all_signed
8.0,3.740906397421166e-07,0.0026975738475249565,0.0001979669590054548,1699,stress,aggressive,random_n6,random_traders,23,True,all_signed
9.0,7.375241396182397e-07,0.0033607560825248332,0.0001749286101035974,2691,stress,aggressive,random_n6,random_traders,23,True,all_signed
10.0,1.4733657242309617e-06,0.004875423949503568,0.00017353086133983724,4271,stress,aggressive,random_n6,random_traders,23,True,all_signed
11.0,2.850139397024361e-06,0.005919673757396217,0.00018447011671200383,4942,stress,aggressive,random_n6,random_traders,23,True,all_signed
12.0,5.762216231984197e-06,0.006266828969701295,0.0002085380316321763,4555,stress,aggressive,random_n6,random_traders,23,True,all_signed
13.0,1.1526759405534415e-05,0.006793437500232246,0.0002117659328405688,4841,stress,aggressive,random_n6,random_traders,23,True,all_signed
14.0,2.2619184617522975e-05,0.008410995640704301,0.00022621819153931282,5135,stress,aggressive,random_n6,random_traders,23,True,all_signed
15.0,4.5060942153132324e-05,0.009552951930748805,0.00029068527317349484,3902,stress,aggressive,random_n6,random_traders,23,True,all_signed
16.0,8.969989413378087e-05,0.010702447991642865,0.0003378761791338301,3038,stress,aggressive,random_n6,random_traders,23,True,all_signed
17.0,0.0001774633062172722,0.012465703529164552,0.00043651276362232695,2328,stress,aggressive,random_n6,random_traders,23,True,all_signed
18.0,0.00036108565222437485,0.013897899659227173,0.0005337846195031506,1782,stress,aggressive,random_n6,random_traders,23,True,all_signed
19.0,0.000717379234589332,0.013422035177891888,0.0005858595086704549,1386,stress,aggressive,random_n6,random_traders,23,True,all_signed
20.0,0.0014192310531598276,0.01601206169949368,0.000919456913063155,887,stress,aggressive,random_n6,random_traders,23,True,all_signed
21.0,0.0027449370912705703,0.020415283355218326,0.0015411397121806165,414,stress,aggressive,random_n6,random_traders,23,True,all_signed
22.0,0.005178044559066693,0.024533778954440227,0.0030314361955856703,155,stress,aggressive,random_n6,random_traders,23,True,all_signed
23.0,0.01010665884092313,0.026212770717261594,0.00608874395602741,50,stress,aggressive,random_n6,random_traders,23,True,all_signed
24.0,0.02252097777229629,0.00817937598142096,0.004753808084705477,5,stress,aggressive,random_n6,random_traders,23,True,all_signed
25.0,0.03856232492856763,0.03002228152060432,0.011078224766385519,5,stress,aggressive,random_n6,random_traders,23,True,all_signed
0.0,1.2388092031816213e-09,0.003920089934279875,0.0007464034416812928,6,stress,aggressive,random_n6,random_traders,23,True,positive_only
3.0,1.2684891906270272e-08,0.006326965720251425,0.004109916721123721,2,stress,aggressive,random_n6,random_traders,23,True,positive_only
4.0,2.6450785040158925e-08,0.0029013781704450184,0.001274471326690496,4,stress,aggressive,random_n6,random_traders,23,True,positive_only
5.0,4.8455094203165236e-08,0.006506564405858272,0.0010383047077574875,28,stress,aggressive,random_n6,random_traders,23,True,positive_only
6.0,9.827825033421057e-08,0.006810938955761555,0.0007137871753945916,103,stress,aggressive,random_n6,random_traders,23,True,positive_only
7.0,1.9130111556292364e-07,0.0058448744847106856,0.0003141818259690473,295,stress,aggressive,random_n6,random_traders,23,True,positive_only
8.0,3.758225324971127e-07,0.007306606150479156,0.00023050449646408883,927,stress,aggressive,random_n6,random_traders,23,True,positive_only
9.0,7.367988800354825e-07,0.008480976230487875,0.00020635607631964097,1505,stress,aggressive,random_n6,random_traders,23,True,positive_only
10.0,1.4779021617117188e-06,0.010196097200518563,0.000187602442715274,2701,stress,aggressive,random_n6,random_traders,23,True,positive_only
11.0,2.8311780400059517e-06,0.012123004708313338,0.00020479690689230472,3116,stress,aggressive,random_n6,random_traders,23,True,positive_only
12.0,5.752872362850156e-06,0.012768152940242488,0.0002442131921623091,2844,stress,aggressive,random_n6,random_traders,23,True,positive_only
13.0,1.1558376375772659e-05,0.013259706585329368,0.00024855531181282634,3105,stress,aggressive,random_n6,random_traders,23,True,positive_only
14.0,2.2749845862278815e-05,0.01453807002737531,0.000252660577606589,3556,stress,aggressive,random_n6,random_traders,23,True,positive_only
15.0,4.5037367816905876e-05,0.016118772117998233,0.00032080027007217333,2753,stress,aggressive,random_n6,random_traders,23,True,positive_only
16.0,8.986296662983984e-05,0.01729692577662542,0.0003737667222867935,2174,stress,aggressive,random_n6,random_traders,23,True,positive_only
17.0,0.0001773050338082986,0.019401452523149225,0.0004928207328535975,1686,stress,aggressive,random_n6,random_traders,23,True,positive_only
18.0,0.0003609188131721301,0.02096372710905458,0.0005925743066817038,1315,stress,aggressive,random_n6,random_traders,23,True,positive_only
19.0,0.0007180682990325301,0.020504588987356315,0.0006564642616690248,1010,stress,aggressive,random_n6,random_traders,23,True,positive_only
20.0,0.0014216091373840064,0.024021839100437967,0.0010719516755918511,650,stress,aggressive,random_n6,random_traders,23,True,positive_only
21.0,0.0027501042550639124,0.028779280743048058,0.0017627292943704182,315,stress,aggressive,random_n6,random_traders,23,True,positive_only
22.0,0.005211703528797705,0.03277087393351274,0.003483235983020674,122,stress,aggressive,random_n6,random_traders,23,True,positive_only
23.0,0.0101155407865688,0.02979306971420943,0.006747021140150203,44,stress,aggressive,random_n6,random_traders,23,True,positive_only
24.0,0.021537565797140872,0.011581033190840357,0.004287077391381412,4,stress,aggressive,random_n6,random_traders,23,True,positive_only
25.0,0.03863602139659403,0.03877948462454747,0.008759609748807868,4,stress,aggressive,random_n6,random_traders,23,True,positive_only
0.0,1.3917497062188954e-09,0.0025846939199098053,0.0011815370821022695,5,stress,aggressive,random_n6,random_traders,71,True,all_signed
3.0,1.298991941359282e-08,0.01193337791781203,0.006032010262880274,2,stress,aggressive,random_n6,random_traders,71,True,all_signed
4.0,2.6818845931179904e-08,-0.0008795572806387868,0.001028345150693647,18,stress,aggressive,random_n6,random_traders,71,True,all_signed
5.0,4.8702195904830956e-08,0.0018675517934805285,0.0008549714678393642,79,stress,aggressive,random_n6,random_traders,71,True,all_signed
6.0,9.727533647917378e-08,0.0015122034981555183,0.00047409563286476044,240,stress,aggressive,random_n6,random_traders,71,True,all_signed
7.0,1.9465269235444624e-07,0.0021136583732439484,0.0003233859924780046,641,stress,aggressive,random_n6,random_traders,71,True,all_signed
8.0,3.7659281337442943e-07,0.002896430062029352,0.0002120178795226759,1695,stress,aggressive,random_n6,random_traders,71,True,all_signed
9.0,7.382823095619213e-07,0.003560326149884064,0.0001895353413297099,2676,stress,aggressive,random_n6,random_traders,71,True,all_signed
10.0,1.4797666906415708e-06,0.004761511660838884,0.00016025015774627112,4292,stress,aggressive,random_n6,random_traders,71,True,all_signed
11.0,2.8660461358535868e-06,0.006319225137934412,0.0001847522960530348,5006,stress,aggressive,random_n6,random_traders,71,True,all_signed
12.0,5.760609485099563e-06,0.005987313299499187,0.0002032395512907786,4546,stress,aggressive,random_n6,random_traders,71,True,all_signed
13.0,1.1528661317128057e-05,0.00690488219745721,0.00021466024842779993,4915,stress,aggressive,random_n6,random_traders,71,True,all_signed
14.0,2.2659260878478665e-05,0.008371468649462083,0.00023116612209302557,4965,stress,aggressive,random_n6,random_traders,71,True,all_signed
15.0,4.508494760383458e-05,0.009778859369720116,0.0002869749529272261,3938,stress,aggressive,random_n6,random_traders,71,True,all_signed
16.0,8.995937940156836e-05,0.010839231279793238,0.00034046583999861204,3035,stress,aggressive,random_n6,random_traders,71,True,all_signed
17.0,0.00017901232899306067,0.012018018203932857,0.000403169400955287,2366,stress,aggressive,random_n6,random_traders,71,True,all_signed
18.0,0.00035984131146204356,0.013343952181375846,0.0005342009204468047,1792,stress,aggressive,random_n6,random_traders,71,True,all_signed
19.0,0.0007137603475586526,0.014985276853699917,0.0006634838690744102,1400,stress,aggressive,random_n6,random_traders,71,True,all_signed
20.0,0.0013985164391400393,0.014117672965707647,0.0008450069958508128,901,stress,aggressive,random_n6,random_traders,71,True,all_signed
21.0,0.0027745205029776885,0.020470392954400313,0.0016159439711792658,425,stress,aggressive,random_n6,random_traders,71,True,all_signed
22.0,0.005279546964188014,0.024996295882013936,0.0028490310870726396,153,stress,aggressive,random_n6,random_traders,71,True,all_signed
23.0,0.010583590228593367,0.028329439810709223,0.007337712361662513,44,stress,aggressive,random_n6,random_traders,71,True,all_signed
24.0,0.022980642184551665,0.02293180180342272,0.003982238741683038,6,stress,aggressive,random_n6,random_traders,71,True,all_signed
25.0,0.041290588092796746,0.045073393788666774,0.016095639878034886,2,stress,aggressive,random_n6,random_traders,71,True,all_signed
0.0,1.3917497062188954e-09,0.0025846939199098053,0.0011815370821022695,5,stress,aggressive,random_n6,random_traders,71,True,positive_only
3.0,1.298991941359282e-08,0.01193337791781203,0.006032010262880274,2,stress,aggressive,random_n6,random_traders,71,True,positive_only
4.0,3.029996524788572e-08,0.002938811273855761,0.0013833774710341343,5,stress,aggressive,random_n6,random_traders,71,True,positive_only
5.0,4.8344732902136386e-08,0.0067147007143437505,0.0013284001738986802,36,stress,aggressive,random_n6,random_traders,71,True,positive_only
6.0,9.887019119711313e-08,0.007088125249422724,0.0006995949982435854,96,stress,aggressive,random_n6,random_traders,71,True,positive_only
7.0,1.9789412339961885e-07,0.007125435841603421,0.0004259988595184965,311,stress,aggressive,random_n6,random_traders,71,True,positive_only
8.0,3.8038603725667545e-07,0.007786477194412214,0.0002446736836487455,942,stress,aggressive,random_n6,random_traders,71,True,positive_only
9.0,7.389832395266628e-07,0.008731911464538517,0.00021342508854925945,1552,stress,aggressive,random_n6,random_traders,71,True,positive_only
10.0,1.4860000916444066e-06,0.009844062977145988,0.0001746631249995666,2664,stress,aggressive,random_n6,random_traders,71,True,positive_only
11.0,2.8554563568772416e-06,0.012362382684894552,0.00020624072770579374,3196,stress,aggressive,random_n6,random_traders,71,True,positive_only
12.0,5.765966156089096e-06,0.012392529810837228,0.0002411875904387507,2814,stress,aggressive,random_n6,random_traders,71,True,positive_only
13.0,1.1585866933076696e-05,0.013262288789885146,0.0002470301360157811,3200,stress,aggressive,random_n6,random_traders,71,True,positive_only
14.0,2.270880184896589e-05,0.014541059834737679,0.00025722731127757236,3438,stress,aggressive,random_n6,random_traders,71,True,positive_only
15.0,4.507192603520216e-05,0.01618955083093277,0.0003167786186828388,2795,stress,aggressive,random_n6,random_traders,71,True,positive_only
16.0,8.991303305057624e-05,0.017654309423924062,0.000379053557821402,2144,stress,aggressive,random_n6,random_traders,71,True,positive_only
17.0,0.00017904889768690014,0.0183474956886915,0.0004380062412089075,1754,stress,aggressive,random_n6,random_traders,71,True,positive_only
18.0,0.0003578074936807481,0.020223927610170448,0.0006103146443268962,1316,stress,aggressive,random_n6,random_traders,71,True,positive_only
19.0,0.0007129024619033147,0.02253902698408514,0.0007550676538637002,1033,stress,aggressive,random_n6,random_traders,71,True,positive_only
20.0,0.001391221369186846,0.02236761678119592,0.0009967561520128304,638,stress,aggressive,random_n6,random_traders,71,True,positive_only
21.0,0.002785416393527054,0.029746213056891492,0.0018728975466946384,317,stress,aggressive,random_n6,random_traders,71,True,positive_only
22.0,0.0053225539625918646,0.03374387773833548,0.003318395430412683,117,stress,aggressive,random_n6,random_traders,71,True,positive_only
23.0,0.010475045262581669,0.03820826676122113,0.008397604964729266,35,stress,aggressive,random_n6,random_traders,71,True,positive_only
24.0,0.022980642184551665,0.02293180180342272,0.003982238741683038,6,stress,aggressive,random_n6,random_traders,71,True,positive_only
25.0,0.041290588092796746,0.045073393788666774,0.016095639878034886,2,stress,aggressive,random_n6,random_traders,71,True,positive_only
0.0,1.4002010447935103e-09,-0.008004505626224035,0.00903103100672535,2,stress,aggressive,random_n20,random_traders,7,False,all_signed
1.0,2.3000276242920294e-09,0.004276106044302798,,1,stress,aggressive,random_n20,random_traders,7,False,all_signed
3.0,1.1264040277399428e-08,-0.0020709700557053987,0.004520701032021403,2,stress,aggressive,random_n20,random_traders,7,False,all_signed
4.0,2.4589728650124895e-08,0.0035207501463609403,0.005264633386180243,11,stress,aggressive,random_n20,random_traders,7,False,all_signed
5.0,5.299943757055625e-08,0.0027763969462704825,0.0017485354620779383,82,stress,aggressive,random_n20,random_traders,7,False,all_signed
6.0,9.621254905096204e-08,0.0022839849366531693,0.0007566363390199939,261,stress,aggressive,random_n20,random_traders,7,False,all_signed
7.0,1.9019493225004734e-07,0.003198257003869123,0.0005519331702085253,768,stress,aggressive,random_n20,random_traders,7,False,all_signed
8.0,3.744585360477052e-07,0.003812376365062233,0.0003924384756160794,1785,stress,aggressive,random_n20,random_traders,7,False,all_signed
9.0,7.3771687522659e-07,0.0038481901093678434,0.0003400460613606291,2838,stress,aggressive,random_n20,random_traders,7,False,all_signed
10.0,1.477831598002914e-06,0.006069117422491311,0.000305631421405569,4397,stress,aggressive,random_n20,random_traders,7,False,all_signed
11.0,2.868887540095763e-06,0.007526905394044342,0.0003418880911647394,4978,stress,aggressive,random_n20,random_traders,7,False,all_signed
12.0,5.767077119733463e-06,0.0073526084372161574,0.000358095480259427,4684,stress,aggressive,random_n20,random_traders,7,False,all_signed
13.0,1.1484354996027927e-05,0.008676111878326336,0.0003789908575811474,4963,stress,aggressive,random_n20,random_traders,7,False,all_signed
14.0,2.266318334814422e-05,0.010165065320959989,0.0003920108887743044,5183,stress,aggressive,random_n20,random_traders,7,False,all_signed
15.0,4.513419443783864e-05,0.012690139870231055,0.0004941290546286519,4066,stress,aggressive,random_n20,random_traders,7,False,all_signed
16.0,8.958439274301004e-05,0.013150036013632953,0.0005898711729366658,3219,stress,aggressive,random_n20,random_traders,7,False,all_signed
17.0,0.00017875393336313434,0.01520076830789735,0.000680189947428004,2448,stress,aggressive,random_n20,random_traders,7,False,all_signed
18.0,0.0003600958737709968,0.016592148391293013,0.000768747547570619,2137,stress,aggressive,random_n20,random_traders,7,False,all_signed
19.0,0.0007116808569867399,0.021675029829013728,0.0010435854273369034,1690,stress,aggressive,random_n20,random_traders,7,False,all_signed
20.0,0.0013832471811214002,0.026561664676318777,0.0016552318116901446,954,stress,aggressive,random_n20,random_traders,7,False,all_signed
21.0,0.002725797396252284,0.03378028983529983,0.003275587354353988,351,stress,aggressive,random_n20,random_traders,7,False,all_signed
22.0,0.005214938922297637,0.037577117988183716,0.0071500937469043705,98,stress,aggressive,random_n20,random_traders,7,False,all_signed
23.0,0.010534870906847417,0.05258063287451407,0.013901077695378544,30,stress,aggressive,random_n20,random_traders,7,False,all_signed
24.0,0.024402507003982145,0.02349872956355004,0.010264119853381246,10,stress,aggressive,random_n20,random_traders,7,False,all_signed
25.0,0.03768665502467973,0.015023534808261602,0.020030065703429897,2,stress,aggressive,random_n20,random_traders,7,False,all_signed
0.0,1.5432556407012063e-09,0.0010265253805013146,,1,stress,aggressive,random_n20,random_traders,7,False,positive_only
1.0,2.3000276242920294e-09,0.004276106044302798,,1,stress,aggressive,random_n20,random_traders,7,False,positive_only
3.0,9.29069781386902e-09,0.0024497309763160044,,1,stress,aggressive,random_n20,random_traders,7,False,positive_only
4.0,2.4255014662393263e-08,0.014702589213087744,0.0038562936433471588,6,stress,aggressive,random_n20,random_traders,7,False,positive_only
5.0,5.346836253605408e-08,0.011251539758971411,0.0013475182677018258,47,stress,aggressive,random_n20,random_traders,7,False,positive_only
6.0,9.721659925609589e-08,0.009727835137153223,0.0010138509829805678,130,stress,aggressive,random_n20,random_traders,7,False,positive_only
7.0,1.9119412932380948e-07,0.011701505910259756,0.000723853941485452,408,stress,aggressive,random_n20,random_traders,7,False,positive_only
8.0,3.756032156182986e-07,0.012991957958102247,0.0004378954420360225,997,stress,aggressive,random_n20,random_traders,7,False,positive_only
9.0,7.337704145791724e-07,0.013555241258973286,0.00035295038315907265,1651,stress,aggressive,random_n20,random_traders,7,False,positive_only
10.0,1.4834295630621812e-06,0.01635998791251627,0.0003278534629049129,2688,stress,aggressive,random_n20,random_traders,7,False,positive_only
11.0,2.8554886251260027e-06,0.019680509746754393,0.0003753348100874356,3050,stress,aggressive,random_n20,random_traders,7,False,positive_only
12.0,5.772739909169165e-06,0.02015575312636208,0.00039294322890758774,2815,stress,aggressive,random_n20,random_traders,7,False,positive_only
13.0,1.1510063452848065e-05,0.021533540357447787,0.00040604405954519315,3130,stress,aggressive,random_n20,random_traders,7,False,positive_only
14.0,2.2733986200826773e-05,0.023033072599259456,0.00042159863691882977,3362,stress,aggressive,random_n20,random_traders,7,False,positive_only
15.0,4.512067334491783e-05,0.026508532298322937,0.0005504640406444503,2669,stress,aggressive,random_n20,random_traders,7,False,positive_only
16.0,9.003418300782179e-05,0.027531542264075653,0.0006426654339877098,2137,stress,aggressive,random_n20,random_traders,7,False,positive_only
17.0,0.00018042734141256528,0.028504763842591825,0.0007387541849941961,1693,stress,aggressive,random_n20,random_traders,7,False,positive_only
18.0,0.00035811088680508225,0.03005612034878533,0.0008492871315025017,1490,stress,aggressive,random_n20,random_traders,7,False,positive_only
19.0,0.0007080235415783,0.036351729425370405,0.001182516961689199,1200,stress,aggressive,random_n20,random_traders,7,False,positive_only
20.0,0.0013863211234053565,0.04312409676848445,0.0019373392120340532,681,stress,aggressive,random_n20,random_traders,7,False,positive_only
21.0,0.0027532815984803454,0.05390133195499051,0.003751405624758608,252,stress,aggressive,random_n20,random_traders,7,False,positive_only
22.0,0.005117482425830403,0.05225847624151641,0.008636121188650153,75,stress,aggressive,random_n20,random_traders,7,False,positive_only
23.0,0.010368432340195348,0.06119140060238993,0.015373381400056644,26,stress,aggressive,random_n20,random_traders,7,False,positive_only
24.0,0.023632226699086975,0.03460512419651145,0.008999394595372325,8,stress,aggressive,random_n20,random_traders,7,False,positive_only
25.0,0.037105824914863535,0.0350536005116915,,1,stress,aggressive,random_n20,random_traders,7,False,positive_only
0.0,1.2831371584517205e-09,0.011737512282293663,0.003767621629350904,7,stress,aggressive,random_n20,random_traders,23,False,all_signed
3.0,1.4481703785694823e-08,-0.0022536274567723762,0.002306569388982838,3,stress,aggressive,random_n20,random_traders,23,False,all_signed
4.0,2.5655477333333055e-08,-0.003611065721709449,0.003191284020544241,18,stress,aggressive,random_n20,random_traders,23,False,all_signed
5.0,4.997016791007925e-08,-0.0006099817427179723,0.0012751554982734937,75,stress,aggressive,random_n20,random_traders,23,False,all_signed
6.0,9.839837532408579e-08,0.0038351241391839748,0.000990396525525562,253,stress,aggressive,random_n20,random_traders,23,False,all_signed
7.0,1.9163649332755457e-07,0.002662278544770853,0.0005446845468389011,725,stress,aggressive,random_n20,random_traders,23,False,all_signed
8.0,3.7643480116287564e-07,0.0029797915853066116,0.00041006041613520346,1833,stress,aggressive,random_n20,random_traders,23,False,all_signed
9.0,7.428025562572876e-07,0.003986106699971967,0.00033382965911696967,2884,stress,aggressive,random_n20,random_traders,23,False,all_signed
10.0,1.478559483427614e-06,0.0058179000807555975,0.0003121798138181935,4274,stress,aggressive,random_n20,random_traders,23,False,all_signed
11.0,2.8616773380330726e-06,0.007215388413525352,0.000324091885250766,5117,stress,aggressive,random_n20,random_traders,23,False,all_signed
12.0,5.766888432721432e-06,0.007617704899511128,0.00037250836963001515,4631,stress,aggressive,random_n20,random_traders,23,False,all_signed
13.0,1.1534501771730597e-05,0.009466407677188213,0.00037455912002787474,5018,stress,aggressive,random_n20,random_traders,23,False,all_signed
14.0,2.262073289645108e-05,0.0106225187991508,0.000409408247675235,5177,stress,aggressive,random_n20,random_traders,23,False,all_signed
15.0,4.510733998490827e-05,0.011488798163523368,0.0004927511052876618,4140,stress,aggressive,random_n20,random_traders,23,False,all_signed
16.0,8.965079406391622e-05,0.013472045151140083,0.0006016584515798878,3169,stress,aggressive,random_n20,random_traders,23,False,all_signed
17.0,0.00017815466957450768,0.015510703577554175,0.0007067836701815519,2489,stress,aggressive,random_n20,random_traders,23,False,all_signed
18.0,0.00036130103647606914,0.017116252913389373,0.000737552685079591,2100,stress,aggressive,random_n20,random_traders,23,False,all_signed
19.0,0.0007089483686948592,0.020758021560006265,0.000960163669035079,1721,stress,aggressive,random_n20,random_traders,23,False,all_signed
20.0,0.001385739414038879,0.023638627081314416,0.0014410291859788228,919,stress,aggressive,random_n20,random_traders,23,False,all_signed
21.0,0.0027301834772430716,0.033827087020429566,0.002842118777081254,358,stress,aggressive,random_n20,random_traders,23,False,all_signed
22.0,0.005084545135372635,0.038847074273954625,0.007156266948170516,107,stress,aggressive,random_n20,random_traders,23,False,all_signed
23.0,0.01022638388058175,0.04436167839839118,0.014732710255787118,32,stress,aggressive,random_n20,random_traders,23,False,all_signed
24.0,0.022398220045526128,0.035163460330347306,0.013634708856561406,7,stress,aggressive,random_n20,random_traders,23,False,all_signed
25.0,0.039090638792800586,0.014679733816638996,0.01694562859837352,4,stress,aggressive,random_n20,random_traders,23,False,all_signed
0.0,1.2831371584517205e-09,0.011737512282293663,0.003767621629350904,7,stress,aggressive,random_n20,random_traders,23,False,positive_only
3.0,1.530052214231235e-08,0.00010548186378259673,,1,stress,aggressive,random_n20,random_traders,23,False,positive_only
4.0,2.5189490918427825e-08,0.004151021800850004,0.0011311744058767283,10,stress,aggressive,random_n20,random_traders,23,False,positive_only
5.0,4.9148091488583656e-08,0.007616330826072636,0.001205517961176704,33,stress,aggressive,random_n20,random_traders,23,False,positive_only
6.0,9.700458830585508e-08,0.012361788107496207,0.001175656210755517,138,stress,aggressive,random_n20,random_traders,23,False,positive_only
7.0,1.9230950109973627e-07,0.01166129189774754,0.0006861802199625252,366,stress,aggressive,random_n20,random_traders,23,False,positive_only
8.0,3.7675727144166584e-07,0.012342575040340887,0.0004338842749832794,1041,stress,aggressive,random_n20,random_traders,23,False,positive_only
9.0,7.427278965018018e-07,0.013973491508014446,0.00037021518901961617,1638,stress,aggressive,random_n20,random_traders,23,False,positive_only
10.0,1.4828764424216074e-06,0.016359131210912384,0.00032975166158030614,2586,stress,aggressive,random_n20,random_traders,23,False,positive_only
11.0,2.8532287132532e-06,0.01917118745798029,0.0003430889300476317,3120,stress,aggressive,random_n20,random_traders,23,False,positive_only
12.0,5.750232729650099e-06,0.020362656185042054,0.0004075629579257247,2833,stress,aggressive,random_n20,random_traders,23,False,positive_only
13.0,1.1511937470812705e-05,0.02193860780046572,0.00040719283554057674,3206,stress,aggressive,random_n20,random_traders,23,False,positive_only
14.0,2.2661661282365718e-05,0.024088045962638634,0.00044740461342883457,3347,stress,aggressive,random_n20,random_traders,23,False,positive_only
15.0,4.5085673263818176e-05,0.025754669885688145,0.0005291362392043403,2708,stress,aggressive,random_n20,random_traders,23,False,positive_only
16.0,8.976436248037184e-05,0.028281874187778847,0.0006488503830293909,2103,stress,aggressive,random_n20,random_traders,23,False,positive_only
17.0,0.0001790392126629829,0.02888680267232012,0.0007882700104821952,1723,stress,aggressive,random_n20,random_traders,23,False,positive_only
18.0,0.00036180054592035743,0.030429978294352865,0.000793764472045433,1469,stress,aggressive,random_n20,random_traders,23,False,positive_only
19.0,0.0007062693499419206,0.034813391245023896,0.00108909558407724,1218,stress,aggressive,random_n20,random_traders,23,False,positive_only
20.0,0.0013835996286070834,0.039157315548685345,0.0016432276146937843,648,stress,aggressive,random_n20,random_traders,23,False,positive_only
21.0,0.0027399215471710925,0.04910882968851098,0.0032071254920123526,269,stress,aggressive,random_n20,random_traders,23,False,positive_only
22.0,0.005015065463795096,0.05217247509875122,0.008380095048106528,85,stress,aggressive,random_n20,random_traders,23,False,positive_only
23.0,0.01015949091938001,0.0621306541102802,0.01684871198889509,25,stress,aggressive,random_n20,random_traders,23,False,positive_only
24.0,0.022398220045526128,0.035163460330347306,0.013634708856561406,7,stress,aggressive,random_n20,random_traders,23,False,positive_only
25.0,0.03698286660092957,0.02865490979211523,0.013553507667647261,3,stress,aggressive,random_n20,random_traders,23,False,positive_only
0.0,1.0009322900243615e-09,0.010674231062283785,,1,stress,aggressive,random_n20,random_traders,71,False,all_signed
3.0,1.3491015478296622e-08,-0.002766607620536809,0.002766607620536809,2,stress,aggressive,random_n20,random_traders,71,False,all_signed
4.0,2.4319646372671718e-08,-0.00031024090711558,0.00331340669117404,16,stress,aggressive,random_n20,random_traders,71,False,all_signed
5.0,4.9258055079634045e-08,0.0027334616396932046,0.00165797435003522,67,stress,aggressive,random_n20,random_traders,71,False,all_signed
6.0,9.673594485525195e-08,0.0027963677792700774,0.0008563464132893636,246,stress,aggressive,random_n20,random_traders,71,False,all_signed
7.0,1.9333899278853103e-07,0.0021578615673181365,0.000568261074333614,721,stress,aggressive,random_n20,random_traders,71,False,all_signed
8.0,3.781815443844489e-07,0.0034471707425864115,0.0003771889277273045,1803,stress,aggressive,random_n20,random_traders,71,False,all_signed
9.0,7.374155488131243e-07,0.0043105187812288335,0.0003452163234773539,2949,stress,aggressive,random_n20,random_traders,71,False,all_signed
10.0,1.47670797469492e-06,0.006043215447033453,0.00031598264641050756,4370,stress,aggressive,random_n20,random_traders,71,False,all_signed
11.0,2.8677923840886617e-06,0.007666847005023594,0.0003212174832845366,5041,stress,aggressive,random_n20,random_traders,71,False,all_signed
12.0,5.755121379237647e-06,0.007084988803823048,0.00037233418269559286,4701,stress,aggressive,random_n20,random_traders,71,False,all_signed
13.0,1.1481759415650294e-05,0.00836063325245306,0.0003693200269051204,5072,stress,aggressive,random_n20,random_traders,71,False,all_signed
14.0,2.258720129745934e-05,0.010395954119020813,0.00040000936174715637,5172,stress,aggressive,random_n20,random_traders,71,False,all_signed
15.0,4.50991690653062e-05,0.012355292833670636,0.00047566766911538553,4112,stress,aggressive,random_n20,random_traders,71,False,all_signed
16.0,8.938035107544629e-05,0.013223122418813339,0.0005927471094813073,3234,stress,aggressive,random_n20,random_traders,71,False,all_signed
17.0,0.0001795699184917421,0.01598875780422,0.0006822428658469093,2502,stress,aggressive,random_n20,random_traders,71,False,all_signed
18.0,0.0003643019816018607,0.017019816256787158,0.0007690369607081347,2094,stress,aggressive,random_n20,random_traders,71,False,all_signed
19.0,0.0007091190049021822,0.023326749562732573,0.00108159594910951,1673,stress,aggressive,random_n20,random_traders,71,False,all_signed
20.0,0.0013792406912078762,0.026227100990247335,0.0015558792767103758,930,stress,aggressive,random_n20,random_traders,71,False,all_signed
21.0,0.002758170237491572,0.03618097434113526,0.003159590478068875,354,stress,aggressive,random_n20,random_traders,71,False,all_signed
22.0,0.0051756111745872736,0.02775088062433366,0.004844151881468892,104,stress,aggressive,random_n20,random_traders,71,False,all_signed
23.0,0.01018169349486077,0.041949484274109376,0.009725141843570012,29,stress,aggressive,random_n20,random_traders,71,False,all_signed
24.0,0.023603220002446437,0.03198305886611224,0.015663675549951902,7,stress,aggressive,random_n20,random_traders,71,False,all_signed
25.0,0.04020448088097236,0.021673895149180503,0.008981647454677937,3,stress,aggressive,random_n20,random_traders,71,False,all_signed
0.0,1.0009322900243615e-09,0.010674231062283785,,1,stress,aggressive,random_n20,random_traders,71,False,positive_only
4.0,2.4043582493377643e-08,0.005991685200674262,0.0013353932261680787,10,stress,aggressive,random_n20,random_traders,71,False,positive_only
5.0,4.804084984109111e-08,0.010687817889255734,0.0017223564957018261,38,stress,aggressive,random_n20,random_traders,71,False,positive_only
6.0,9.726285983157599e-08,0.011092641447547269,0.0009617876420795494,128,stress,aggressive,random_n20,random_traders,71,False,positive_only
7.0,1.954552892233658e-07,0.011469999941426985,0.0006154820610672132,365,stress,aggressive,random_n20,random_traders,71,False,positive_only
8.0,3.8126870324538024e-07,0.012626253990963841,0.0004151288882635261,1001,stress,aggressive,random_n20,random_traders,71,False,positive_only
9.0,7.350898255000312e-07,0.014404334370934009,0.000356330656621327,1719,stress,aggressive,random_n20,random_traders,71,False,positive_only
10.0,1.4813475710470804e-06,0.016529702792672633,0.00032888880567415163,2703,stress,aggressive,random_n20,random_traders,71,False,positive_only
11.0,2.866724810367043e-06,0.019072921590637202,0.00033198733258891144,3155,stress,aggressive,random_n20,random_traders,71,False,positive_only
12.0,5.760850427571191e-06,0.020254313436113214,0.00040618868459232384,2826,stress,aggressive,random_n20,random_traders,71,False,positive_only
13.0,1.155278898151157e-05,0.021015364853220243,0.0004005922965636849,3173,stress,aggressive,random_n20,random_traders,71,False,positive_only
14.0,2.2605193666955893e-05,0.02327171889707987,0.00042483451168879276,3386,stress,aggressive,random_n20,random_traders,71,False,positive_only
15.0,4.47719475962749e-05,0.02557662022837922,0.0005050507324931518,2751,stress,aggressive,random_n20,random_traders,71,False,positive_only
16.0,8.942491143112296e-05,0.027539164864349933,0.000638468006396378,2164,stress,aggressive,random_n20,random_traders,71,False,positive_only
17.0,0.0001804204065762431,0.02927253766689314,0.0007281773532705571,1736,stress,aggressive,random_n20,random_traders,71,False,positive_only
18.0,0.00036393610935299046,0.030079116837428317,0.000845348950295768,1465,stress,aggressive,random_n20,random_traders,71,False,positive_only
19.0,0.0007107178157486853,0.03804140036873682,0.0012228194147771067,1206,stress,aggressive,random_n20,random_traders,71,False,positive_only
20.0,0.0013834489326910353,0.040568518408029136,0.0017393560090324487,691,stress,aggressive,random_n20,random_traders,71,False,positive_only
21.0,0.002763026341439665,0.05478771781154237,0.003522403064537615,263,stress,aggressive,random_n20,random_traders,71,False,positive_only
22.0,0.005238348187361124,0.044714892194995914,0.005747766335901475,73,stress,aggressive,random_n20,random_traders,71,False,positive_only
23.0,0.010034640100185854,0.05011503996149701,0.010378170415574563,25,stress,aggressive,random_n20,random_traders,71,False,positive_only
24.0,0.024772628536908068,0.038403263825014,0.016905158385173327,6,stress,aggressive,random_n20,random_traders,71,False,positive_only
25.0,0.04020448088097236,0.021673895149180503,0.008981647454677937,3,stress,aggressive,random_n20,random_traders,71,False,positive_only
2.0,7.012921829327818e-09,0.00021036399356030055,,1,stress,aggressive,threshold_wait5s,time_threshold,7,True,all_signed
4.0,2.9003494071987875e-08,0.0010982510352489001,0.0006841962681131896,6,stress,aggressive,threshold_wait5s,time_threshold,7,True,all_signed
5.0,4.974337413615386e-08,-0.00042675659458799373,0.000801380169138277,27,stress,aggressive,threshold_wait5s,time_threshold,7,True,all_signed
6.0,9.542434515820499e-08,-0.00030733059638930965,0.0004537136979082502,87,stress,aggressive,threshold_wait5s,time_threshold,7,True,all_signed
7.0,1.9235166740356253e-07,0.000265500483541954,0.00025234174121539554,261,stress,aggressive,threshold_wait5s,time_threshold,7,True,all_signed
8.0,3.658883971355734e-07,0.0017393130927195175,0.000259961391014409,572,stress,aggressive,threshold_wait5s,time_threshold,7,True,all_signed
9.0,7.311084253941354e-07,0.0017340968918315703,0.0002179445786572431,892,stress,aggressive,threshold_wait5s,time_threshold,7,True,all_signed
10.0,1.4624529341858061e-06,0.0027196804585318314,0.0002103857447940812,1375,stress,aggressive,threshold_wait5s,time_threshold,7,True,all_signed
11.0,2.825126903779155e-06,0.0039763228770473774,0.00022422763311169018,1393,stress,aggressive,threshold_wait5s,time_threshold,7,True,all_signed
12.0,5.706818216894117e-06,0.0027564537103672757,0.00027444631923850154,1172,stress,aggressive,threshold_wait5s,time_threshold,7,True,all_signed
13.0,1.1398079532916311e-05,0.003032635120257309,0.0003163667977387313,1096,stress,aggressive,threshold_wait5s,time_threshold,7,True,all_signed
14.0,2.247127304638086e-05,0.003965735006272348,0.0003443138600669153,1037,stress,aggressive,threshold_wait5s,time_threshold,7,True,all_signed
15.0,4.491365205633713e-05,0.0038499104136888113,0.00046024466436416997,645,stress,aggressive,threshold_wait5s,time_threshold,7,True,all_signed
16.0,8.865559106998481e-05,0.005128975233065901,0.0005795287775999979,522,stress,aggressive,threshold_wait5s,time_threshold,7,True,all_signed
17.0,0.00017676810130308132,0.004068582997108051,0.0005794996194297269,367,stress,aggressive,threshold_wait5s,time_threshold,7,True,all_signed
18.0,0.00036113957136619054,0.004638806297317589,0.0007904512120996441,260,stress,aggressive,threshold_wait5s,time_threshold,7,True,all_signed
19.0,0.0007028305060819235,0.005304313910895345,0.0011145687482530583,153,stress,aggressive,threshold_wait5s,time_threshold,7,True,all_signed
20.0,0.0013769422056134106,0.0057998992467126805,0.001556682593132594,75,stress,aggressive,threshold_wait5s,time_threshold,7,True,all_signed
21.0,0.0028640230536808647,0.006516766571785634,0.0024914334982423588,28,stress,aggressive,threshold_wait5s,time_threshold,7,True,all_signed
22.0,0.005096881546228195,0.007348832234734542,0.005914320863718248,10,stress,aggressive,threshold_wait5s,time_threshold,7,True,all_signed
23.0,0.009543566273438948,0.007855503378981955,,1,stress,aggressive,threshold_wait5s,time_threshold,7,True,all_signed
24.0,0.016342254889804123,-0.008936850788629913,,1,stress,aggressive,threshold_wait5s,time_threshold,7,True,all_signed
2.0,7.012921829327818e-09,0.00021036399356030055,,1,stress,aggressive,threshold_wait5s,time_threshold,7,True,positive_only
4.0,2.9612890130460557e-08,0.0021965020704978002,0.001065113763912005,3,stress,aggressive,threshold_wait5s,time_threshold,7,True,positive_only
5.0,5.30377724548209e-08,0.004091103338954825,0.001389923491246762,6,stress,aggressive,threshold_wait5s,time_threshold,7,True,positive_only
6.0,9.916813866365586e-08,0.005112794324557479,0.0015728586874702239,14,stress,aggressive,threshold_wait5s,time_threshold,7,True,positive_only
7.0,2.0084179737736932e-07,0.0036961411663223704,0.0004937826040271472,73,stress,aggressive,threshold_wait5s,time_threshold,7,True,positive_only
8.0,3.669374717803538e-07,0.00583617315541104,0.00033977599433233533,261,stress,aggressive,threshold_wait5s,time_threshold,7,True,positive_only
9.0,7.351825335006972e-07,0.005821160341774073,0.00026756532323852513,422,stress,aggressive,threshold_wait5s,time_threshold,7,True,positive_only
10.0,1.476030514254629e-06,0.007019006688583828,0.00022667322791939193,765,stress,aggressive,threshold_wait5s,time_threshold,7,True,positive_only
11.0,2.7939221188090397e-06,0.008536485057124952,0.00027249832236124445,792,stress,aggressive,threshold_wait5s,time_threshold,7,True,positive_only
12.0,5.711137303224734e-06,0.007936290029889161,0.00033662639799390695,610,stress,aggressive,threshold_wait5s,time_threshold,7,True,positive_only
13.0,1.157312956741052e-05,0.008223167304591666,0.0003573607117857946,600,stress,aggressive,threshold_wait5s,time_threshold,7,True,positive_only
14.0,2.245438280692246e-05,0.008800099681930167,0.0004285499657154154,618,stress,aggressive,threshold_wait5s,time_threshold,7,True,positive_only
15.0,4.471553907611156e-05,0.0093675598418674,0.0005407248518382106,376,stress,aggressive,threshold_wait5s,time_threshold,7,True,positive_only
16.0,8.869380826878019e-05,0.010556362751703024,0.0007505935224298855,321,stress,aggressive,threshold_wait5s,time_threshold,7,True,positive_only
17.0,0.0001745646804379155,0.009202062203744593,0.0006778126650505245,222,stress,aggressive,threshold_wait5s,time_threshold,7,True,positive_only
18.0,0.0003630506921224996,0.010475058518436317,0.0010281682341340302,151,stress,aggressive,threshold_wait5s,time_threshold,7,True,positive_only
19.0,0.0007094071821564642,0.012692190402969756,0.0013944107895911652,84,stress,aggressive,threshold_wait5s,time_threshold,7,True,positive_only
20.0,0.0013824687025182259,0.011215921148691932,0.0019420886052366826,47,stress,aggressive,threshold_wait5s,time_threshold,7,True,positive_only
21.0,0.0028473858548592255,0.013259811574100827,0.002719362869404136,17,stress,aggressive,threshold_wait5s,time_threshold,7,True,positive_only
22.0,0.005352975776023461,0.01570066649374552,0.0077027608460525695,6,stress,aggressive,threshold_wait5s,time_threshold,7,True,positive_only
23.0,0.009543566273438948,0.007855503378981955,,1,stress,aggressive,threshold_wait5s,time_threshold,7,True,positive_only
4.0,2.2163782408553325e-08,-0.00021922033430447387,0.0005733759958523499,6,stress,aggressive,threshold_wait5s,time_threshold,23,True,all_signed
5.0,5.142962041158826e-08,0.0015132373239856586,0.00088442205939748,30,stress,aggressive,threshold_wait5s,time_threshold,23,True,all_signed
6.0,9.471450484251788e-08,0.0009802512912801722,0.00040582266700171657,94,stress,aggressive,threshold_wait5s,time_threshold,23,True,all_signed
7.0,1.909072667618619e-07,0.00028856473705295935,0.0003548531827403758,253,stress,aggressive,threshold_wait5s,time_threshold,23,True,all_signed
8.0,3.710455406117086e-07,0.001234470573856181,0.0002902987772723217,599,stress,aggressive,threshold_wait5s,time_threshold,23,True,all_signed
9.0,7.310700207274006e-07,0.0015110989460250677,0.0002513133940846705,930,stress,aggressive,threshold_wait5s,time_threshold,23,True,all_signed
10.0,1.468140961391242e-06,0.0028882533290413466,0.00019456363541421246,1396,stress,aggressive,threshold_wait5s,time_threshold,23,True,all_signed
11.0,2.847366225374348e-06,0.003236700089926905,0.00022998309656194356,1420,stress,aggressive,threshold_wait5s,time_threshold,23,True,all_signed
12.0,5.71176514365921e-06,0.0028066800693876373,0.00029155391714027047,1131,stress,aggressive,threshold_wait5s,time_threshold,23,True,all_signed
13.0,1.1525645739822586e-05,0.003064172095978716,0.00029178005864283636,1123,stress,aggressive,threshold_wait5s,time_threshold,23,True,all_signed
14.0,2.2515525849047944e-05,0.0035891602756395915,0.00030511950596269667,1040,stress,aggressive,threshold_wait5s,time_threshold,23,True,all_signed
15.0,4.490132499401375e-05,0.004206433164664065,0.0004487817699335615,708,stress,aggressive,threshold_wait5s,time_threshold,23,True,all_signed
16.0,8.968804243107817e-05,0.004060077267263187,0.0005685050732295381,527,stress,aggressive,threshold_wait5s,time_threshold,23,True,all_signed
17.0,0.00018196967243002505,0.004084415576802027,0.0006151567491799282,408,stress,aggressive,threshold_wait5s,time_threshold,23,True,all_signed
18.0,0.0003658486411234081,0.005355443359490261,0.0007606440268075144,263,stress,aggressive,threshold_wait5s,time_threshold,23,True,all_signed
19.0,0.0007112164463501343,0.005279023572726253,0.0010686374057161095,148,stress,aggressive,threshold_wait5s,time_threshold,23,True,all_signed
20.0,0.0013844601575708413,0.002332816597068649,0.00209657407528975,89,stress,aggressive,threshold_wait5s,time_threshold,23,True,all_signed
21.0,0.0026424970367044747,0.0035451769944869716,0.0016300447698344937,19,stress,aggressive,threshold_wait5s,time_threshold,23,True,all_signed
22.0,0.00496570063446851,0.0024912281117411435,0.003262497515738301,12,stress,aggressive,threshold_wait5s,time_threshold,23,True,all_signed
23.0,0.011281569270039033,0.010100356168878317,0.006077016764149359,4,stress,aggressive,threshold_wait5s,time_threshold,23,True,all_signed
24.0,0.01925060773318855,0.0,,1,stress,aggressive,threshold_wait5s,time_threshold,23,True,all_signed
25.0,0.038607955252990704,0.0035662959801250086,,1,stress,aggressive,threshold_wait5s,time_threshold,23,True,all_signed
4.0,2.4527705048920125e-08,0.0009565895114674444,0.0005885124746644536,2,stress,aggressive,threshold_wait5s,time_threshold,23,True,positive_only
5.0,5.144137150920578e-08,0.005914242676669479,0.0014892737498371773,11,stress,aggressive,threshold_wait5s,time_threshold,23,True,positive_only
6.0,9.265254660210302e-08,0.0068079393984232925,0.0008966722125996411,21,stress,aggressive,threshold_wait5s,time_threshold,23,True,positive_only
7.0,1.938653029504743e-07,0.004805221103836735,0.0005407271265925959,76,stress,aggressive,threshold_wait5s,time_threshold,23,True,positive_only
8.0,3.739073514923618e-07,0.005663593365346295,0.00036206994438056764,256,stress,aggressive,threshold_wait5s,time_threshold,23,True,positive_only
9.0,7.305911273646819e-07,0.006213060070330996,0.00033929929093880326,412,stress,aggressive,threshold_wait5s,time_threshold,23,True,positive_only
10.0,1.4716118419751728e-06,0.006894833125345127,0.00023123477141318596,774,stress,aggressive,threshold_wait5s,time_threshold,23,True,positive_only
11.0,2.8284015964399317e-06,0.008083031042368781,0.00027088315539379866,766,stress,aggressive,threshold_wait5s,time_threshold,23,True,positive_only
12.0,5.6796403646136585e-06,0.007948708700270566,0.00037388970323180024,583,stress,aggressive,threshold_wait5s,time_threshold,23,True,positive_only
13.0,1.160571808000958e-05,0.007938706984921341,0.00039244622342985975,601,stress,aggressive,threshold_wait5s,time_threshold,23,True,positive_only
14.0,2.2511990159175136e-05,0.008001196033702541,0.00034506794844158244,628,stress,aggressive,threshold_wait5s,time_threshold,23,True,positive_only
15.0,4.48503206572472e-05,0.009243983313249193,0.0005636792858297683,428,stress,aggressive,threshold_wait5s,time_threshold,23,True,positive_only
16.0,8.966005348617375e-05,0.009495280933388745,0.0006890552235633217,322,stress,aggressive,threshold_wait5s,time_threshold,23,True,positive_only
17.0,0.00017974314347495688,0.009299149640678468,0.0006475771304325235,254,stress,aggressive,threshold_wait5s,time_threshold,23,True,positive_only
18.0,0.00036243205743603145,0.01058913774535953,0.0009605973153585072,164,stress,aggressive,threshold_wait5s,time_threshold,23,True,positive_only
19.0,0.000728191127430277,0.012086629970895942,0.0014325842691351128,82,stress,aggressive,threshold_wait5s,time_threshold,23,True,positive_only
20.0,0.0013597607566747138,0.01102520904383693,0.0017757954256212899,50,stress,aggressive,threshold_wait5s,time_threshold,23,True,positive_only
21.0,0.002622578710162931,0.008870472165570778,0.0019849846056707757,9,stress,aggressive,threshold_wait5s,time_threshold,23,True,positive_only
22.0,0.004784729271938744,0.009120499361228523,0.0028432132330894083,7,stress,aggressive,threshold_wait5s,time_threshold,23,True,positive_only
23.0,0.011281569270039033,0.010100356168878317,0.006077016764149359,4,stress,aggressive,threshold_wait5s,time_threshold,23,True,positive_only
25.0,0.038607955252990704,0.0035662959801250086,,1,stress,aggressive,threshold_wait5s,time_threshold,23,True,positive_only
4.0,2.3144268832771978e-08,-0.002518723217302481,0.002518723217302481,5,stress,aggressive,threshold_wait5s,time_threshold,71,True,all_signed
5.0,4.835167518459922e-08,-0.0007091684250799732,0.0006652355401915301,28,stress,aggressive,threshold_wait5s,time_threshold,71,True,all_signed
6.0,9.802012669002064e-08,0.0001621432675084953,0.0004893659230412241,69,stress,aggressive,threshold_wait5s,time_threshold,71,True,all_signed
7.0,1.9568256896297023e-07,0.0011409998823247798,0.0004052470452873532,247,stress,aggressive,threshold_wait5s,time_threshold,71,True,all_signed
8.0,3.710410738975156e-07,0.0008549308155439084,0.0002596249064917764,590,stress,aggressive,threshold_wait5s,time_threshold,71,True,all_signed
9.0,7.391544023003527e-07,0.002207712405623041,0.00023472689540924614,927,stress,aggressive,threshold_wait5s,time_threshold,71,True,all_signed
10.0,1.4610064705306998e-06,0.0026505210055484947,0.00021557732957003172,1328,stress,aggressive,threshold_wait5s,time_threshold,71,True,all_signed
11.0,2.827923439098038e-06,0.0030728208435925274,0.00021216660567774476,1400,stress,aggressive,threshold_wait5s,time_threshold,71,True,all_signed
12.0,5.712660055325076e-06,0.003083191651407156,0.0002727260826075309,1248,stress,aggressive,threshold_wait5s,time_threshold,71,True,all_signed
13.0,1.1581274714115068e-05,0.0032726013512243434,0.000302537366221907,1151,stress,aggressive,threshold_wait5s,time_threshold,71,True,all_signed
14.0,2.2432813632996583e-05,0.003894042023114952,0.00042931430062633814,958,stress,aggressive,threshold_wait5s,time_threshold,71,True,all_signed
15.0,4.460251463729389e-05,0.00397563533626591,0.0003951322094813869,696,stress,aggressive,threshold_wait5s,time_threshold,71,True,all_signed
16.0,8.895977033874917e-05,0.003519551237670882,0.0007551724900071032,524,stress,aggressive,threshold_wait5s,time_threshold,71,True,all_signed
17.0,0.00017988240725002659,0.006029968288412868,0.00057442928109565,453,stress,aggressive,threshold_wait5s,time_threshold,71,True,all_signed
18.0,0.0003491349795433822,0.004082866496914509,0.0007547609224400754,290,stress,aggressive,threshold_wait5s,time_threshold,71,True,all_signed
19.0,0.0007023775486442379,0.006182427311989859,0.0012179521120368095,154,stress,aggressive,threshold_wait5s,time_threshold,71,True,all_signed
20.0,0.0013907411012119757,0.005199478357688389,0.002019020864134333,75,stress,aggressive,threshold_wait5s,time_threshold,71,True,all_signed
21.0,0.0030442891467926483,0.005382451171789411,0.0018531332426336238,23,stress,aggressive,threshold_wait5s,time_threshold,71,True,all_signed
22.0,0.005195998970649582,0.006969076690933378,0.0031890727605496973,10,stress,aggressive,threshold_wait5s,time_threshold,71,True,all_signed
23.0,0.010942682108983201,0.006664490603603054,0.0018988242835104076,7,stress,aggressive,threshold_wait5s,time_threshold,71,True,all_signed
5.0,4.3403813189188726e-08,0.002762857787887004,0.0010858991501816384,5,stress,aggressive,threshold_wait5s,time_threshold,71,True,positive_only
6.0,1.0101938437153511e-07,0.005964344955886914,0.0011545196174048943,13,stress,aggressive,threshold_wait5s,time_threshold,71,True,positive_only
7.0,1.9631529389223002e-07,0.006606130613034532,0.0007714650846528583,83,stress,aggressive,threshold_wait5s,time_threshold,71,True,positive_only
8.0,3.769914815522864e-07,0.004857163238699723,0.00027229578851198035,246,stress,aggressive,threshold_wait5s,time_threshold,71,True,positive_only
9.0,7.341333082872632e-07,0.006674287744133283,0.00034173929511696264,425,stress,aggressive,threshold_wait5s,time_threshold,71,True,positive_only
10.0,1.4754837430679434e-06,0.007094684627309697,0.000252836716553342,709,stress,aggressive,threshold_wait5s,time_threshold,71,True,positive_only
11.0,2.802402121542048e-06,0.007634968876200081,0.00025227567383024913,750,stress,aggressive,threshold_wait5s,time_threshold,71,True,positive_only
12.0,5.688952679215209e-06,0.008072168685657355,0.0003307526427960735,674,stress,aggressive,threshold_wait5s,time_threshold,71,True,positive_only
13.0,1.159925702866658e-05,0.007783015268445996,0.00038149543714663804,650,stress,aggressive,threshold_wait5s,time_threshold,71,True,positive_only
14.0,2.2378843138205762e-05,0.00887466270052697,0.0006087320762150374,564,stress,aggressive,threshold_wait5s,time_threshold,71,True,positive_only
15.0,4.44028668513357e-05,0.00857144556311059,0.00046135134046703183,431,stress,aggressive,threshold_wait5s,time_threshold,71,True,positive_only
16.0,8.975342572208608e-05,0.009509203222255713,0.0006330473102157609,318,stress,aggressive,threshold_wait5s,time_threshold,71,True,positive_only
17.0,0.00017841522322699756,0.010821686423605887,0.0007272857787299689,289,stress,aggressive,threshold_wait5s,time_threshold,71,True,positive_only
18.0,0.0003426698600246971,0.009570222161717476,0.0011215572971876734,161,stress,aggressive,threshold_wait5s,time_threshold,71,True,positive_only
19.0,0.0006813761836324833,0.012867388000250737,0.0015033612436674854,95,stress,aggressive,threshold_wait5s,time_threshold,71,True,positive_only
20.0,0.0013969009281243844,0.013286127714957716,0.003106145958725121,40,stress,aggressive,threshold_wait5s,time_threshold,71,True,positive_only
21.0,0.0031179904051333684,0.010424210514658859,0.0018892628644706355,14,stress,aggressive,threshold_wait5s,time_threshold,71,True,positive_only
22.0,0.005448206761513566,0.011188346899104463,0.0032743835131197156,7,stress,aggressive,threshold_wait5s,time_threshold,71,True,positive_only
23.0,0.01132267788376528,0.0077922786081858235,0.001807506300657135,6,stress,aggressive,threshold_wait5s,time_threshold,71,True,positive_only
3.0,8.28760031298453e-09,0.0004908656986309817,,1,stress,aggressive,threshold_wait20s,time_threshold,7,False,all_signed
4.0,2.0894570628393817e-08,0.00046439251196206323,0.0006180238987065736,5,stress,aggressive,threshold_wait20s,time_threshold,7,False,all_signed
5.0,5.0159362102405366e-08,0.0005194874664839027,0.0011813128916146887,15,stress,aggressive,threshold_wait20s,time_threshold,7,False,all_signed
6.0,9.671841456637176e-08,-0.0013503303642721553,0.001642500349672633,44,stress,aggressive,threshold_wait20s,time_threshold,7,False,all_signed
7.0,1.8808078367817596e-07,9.028653812559906e-05,0.0012586722059996704,166,stress,aggressive,threshold_wait20s,time_threshold,7,False,all_signed
8.0,3.7112076655350504e-07,0.0011469402298737098,0.0005491474325897864,405,stress,aggressive,threshold_wait20s,time_threshold,7,False,all_signed
9.0,7.289023160355081e-07,0.0016993425656020799,0.00038964689704592984,570,stress,aggressive,threshold_wait20s,time_threshold,7,False,all_signed
10.0,1.4498774747669529e-06,0.002250474599669646,0.0004211561269471598,806,stress,aggressive,threshold_wait20s,time_threshold,7,False,all_signed
11.0,2.838717976893866e-06,0.003375912178736681,0.00047859151014899515,851,stress,aggressive,threshold_wait20s,time_threshold,7,False,all_signed
12.0,5.724366303208426e-06,0.003101143565504408,0.0005700340635084588,757,stress,aggressive,threshold_wait20s,time_threshold,7,False,all_signed
13.0,1.1338380440216787e-05,0.0025110284175750117,0.00044482604631632285,757,stress,aggressive,threshold_wait20s,time_threshold,7,False,all_signed
14.0,2.2316447753148717e-05,0.0035629139693374922,0.000753349220395605,564,stress,aggressive,threshold_wait20s,time_threshold,7,False,all_signed
15.0,4.5665338747388075e-05,0.0038100798522197363,0.0007220818265864306,427,stress,aggressive,threshold_wait20s,time_threshold,7,False,all_signed
16.0,8.849958389211055e-05,0.0021821426944675162,0.0013462230119151493,309,stress,aggressive,threshold_wait20s,time_threshold,7,False,all_signed
17.0,0.0001833857204415832,0.004721437479610066,0.000941216633302971,230,stress,aggressive,threshold_wait20s,time_threshold,7,False,all_signed
18.0,0.0003574075678230588,0.005270357588809171,0.0014552796346129213,191,stress,aggressive,threshold_wait20s,time_threshold,7,False,all_signed
19.0,0.000739394820938415,0.008056139075980927,0.0045708404667023205,91,stress,aggressive,threshold_wait20s,time_threshold,7,False,all_signed
20.0,0.001392342391033704,0.0091737082474972,0.0038035948274657417,44,stress,aggressive,threshold_wait20s,time_threshold,7,False,all_signed
21.0,0.0027099187637042504,0.020206885900417883,0.00973184556357128,15,stress,aggressive,threshold_wait20s,time_threshold,7,False,all_signed
22.0,0.005218514080335422,0.0035869537943999546,0.001190349427620596,9,stress,aggressive,threshold_wait20s,time_threshold,7,False,all_signed
23.0,0.00957661058605346,0.004255394220956964,,1,stress,aggressive,threshold_wait20s,time_threshold,7,False,all_signed
24.0,0.02264908618372106,0.033888386851751086,0.03173603879187211,2,stress,aggressive,threshold_wait20s,time_threshold,7,False,all_signed
3.0,8.28760031298453e-09,0.0004908656986309817,,1,stress,aggressive,threshold_wait20s,time_threshold,7,False,positive_only
4.0,3.083758255994243e-08,0.0029064282024176646,,1,stress,aggressive,threshold_wait20s,time_threshold,7,False,positive_only
5.0,5.6093845451662074e-08,0.006629935433735593,0.004279433945214929,3,stress,aggressive,threshold_wait20s,time_threshold,7,False,positive_only
6.0,8.868486734883637e-08,0.006744360575351622,0.0018418931013099318,11,stress,aggressive,threshold_wait20s,time_threshold,7,False,positive_only
7.0,1.8932830635102876e-07,0.010253908995965342,0.003011689506524979,54,stress,aggressive,threshold_wait20s,time_threshold,7,False,positive_only
8.0,3.7227775394999975e-07,0.008427251141406526,0.0006834891834430053,177,stress,aggressive,threshold_wait20s,time_threshold,7,False,positive_only
9.0,7.380974584236809e-07,0.008150602303425087,0.00047769225736169835,258,stress,aggressive,threshold_wait20s,time_threshold,7,False,positive_only
10.0,1.4493725599038688e-06,0.00909137137342016,0.0004559352771752742,429,stress,aggressive,threshold_wait20s,time_threshold,7,False,positive_only
11.0,2.7855309484645542e-06,0.011095131793122565,0.0005904111515113602,452,stress,aggressive,threshold_wait20s,time_threshold,7,False,positive_only
12.0,5.809608053364922e-06,0.011195345357317917,0.000821453292847232,389,stress,aggressive,threshold_wait20s,time_threshold,7,False,positive_only
13.0,1.1540374570941375e-05,0.009166961274864681,0.0005225280820837947,405,stress,aggressive,threshold_wait20s,time_threshold,7,False,positive_only
14.0,2.2334090039631458e-05,0.010550403307767027,0.0006572035746859476,325,stress,aggressive,threshold_wait20s,time_threshold,7,False,positive_only
15.0,4.5357499580870575e-05,0.011014755056669755,0.0008445016708383136,249,stress,aggressive,threshold_wait20s,time_threshold,7,False,positive_only
16.0,8.891165436397361e-05,0.011424501553391966,0.0009429903332229832,181,stress,aggressive,threshold_wait20s,time_threshold,7,False,positive_only
17.0,0.0001855768301446571,0.011723753952588553,0.0010290971793363007,140,stress,aggressive,threshold_wait20s,time_threshold,7,False,positive_only
18.0,0.0003597083702543217,0.01507756494549041,0.0017640953467591473,111,stress,aggressive,threshold_wait20s,time_threshold,7,False,positive_only
19.0,0.0007485504860705811,0.021738960569187768,0.007903855304237054,49,stress,aggressive,threshold_wait20s,time_threshold,7,False,positive_only
20.0,0.0013708373818198535,0.01891153136440443,0.005111052484487556,27,stress,aggressive,threshold_wait20s,time_threshold,7,False,positive_only
21.0,0.0029506528055895666,0.035800667624312096,0.01153061580855273,10,stress,aggressive,threshold_wait20s,time_threshold,7,False,positive_only
22.0,0.00530800276491893,0.004986250898136607,0.0009373950088365627,7,stress,aggressive,threshold_wait20s,time_threshold,7,False,positive_only
23.0,0.00957661058605346,0.004255394220956964,,1,stress,aggressive,threshold_wait20s,time_threshold,7,False,positive_only
24.0,0.02264908618372106,0.033888386851751086,0.03173603879187211,2,stress,aggressive,threshold_wait20s,time_threshold,7,False,positive_only
3.0,1.5567722786652758e-08,-0.0073461582481605826,,1,stress,aggressive,threshold_wait20s,time_threshold,23,False,all_signed
4.0,2.4408505746524e-08,0.001960114479489161,0.001658580619096373,11,stress,aggressive,threshold_wait20s,time_threshold,23,False,all_signed
5.0,4.675577189370672e-08,0.0011806241964691312,0.0024049176169438392,20,stress,aggressive,threshold_wait20s,time_threshold,23,False,all_signed
6.0,9.866289444641938e-08,0.0009435561372952917,0.001339133229834722,55,stress,aggressive,threshold_wait20s,time_threshold,23,False,all_signed
7.0,1.9429383043345008e-07,-6.845885234087567e-05,0.0006244486792246314,171,stress,aggressive,threshold_wait20s,time_threshold,23,False,all_signed
8.0,3.828940729690424e-07,0.000584326179428005,0.0005726177636489659,372,stress,aggressive,threshold_wait20s,time_threshold,23,False,all_signed
9.0,7.366256125777079e-07,0.0018165293250050594,0.000437671063192768,607,stress,aggressive,threshold_wait20s,time_threshold,23,False,all_signed
10.0,1.475807705611658e-06,0.0028386545604784734,0.0004636036631135243,833,stress,aggressive,threshold_wait20s,time_threshold,23,False,all_signed
11.0,2.8497691645559325e-06,0.0027882789242129895,0.0004810062721514994,918,stress,aggressive,threshold_wait20s,time_threshold,23,False,all_signed
12.0,5.805120396170804e-06,0.0016687397087803415,0.000572363138931156,701,stress,aggressive,threshold_wait20s,time_threshold,23,False,all_signed
13.0,1.1558677915959408e-05,0.0023690290911203642,0.0006337240821601772,705,stress,aggressive,threshold_wait20s,time_threshold,23,False,all_signed
14.0,2.2436535269688318e-05,0.00339198380786565,0.0006230096744101626,598,stress,aggressive,threshold_wait20s,time_threshold,23,False,all_signed
15.0,4.503567783465447e-05,0.003307209380941006,0.0008266869701610218,413,stress,aggressive,threshold_wait20s,time_threshold,23,False,all_signed
16.0,8.870887274696349e-05,0.004338716162340039,0.0010021480477612921,320,stress,aggressive,threshold_wait20s,time_threshold,23,False,all_signed
17.0,0.00017752832438221292,0.0048799664890586646,0.0011787258507480855,241,stress,aggressive,threshold_wait20s,time_threshold,23,False,all_signed
18.0,0.0003622770055981859,0.006242884162883192,0.0014836091252611804,171,stress,aggressive,threshold_wait20s,time_threshold,23,False,all_signed
19.0,0.0007154100044479642,0.007544778053674687,0.001991774561670783,103,stress,aggressive,threshold_wait20s,time_threshold,23,False,all_signed
20.0,0.0013942377663177,0.0005853691155046245,0.002755621822594409,52,stress,aggressive,threshold_wait20s,time_threshold,23,False,all_signed
21.0,0.0027713621404344816,0.00423696917036933,0.003363317107904885,24,stress,aggressive,threshold_wait20s,time_threshold,23,False,all_signed
22.0,0.004691554023678457,0.023133983653260876,0.015975072099377628,5,stress,aggressive,threshold_wait20s,time_threshold,23,False,all_signed
23.0,0.011870255012573347,0.008853972176921404,0.002399729980777443,3,stress,aggressive,threshold_wait20s,time_threshold,23,False,all_signed
24.0,0.028750451373257654,0.004852510877195117,,1,stress,aggressive,threshold_wait20s,time_threshold,23,False,all_signed
4.0,2.2640122890921406e-08,0.007669587463067593,0.0015025206526273261,4,stress,aggressive,threshold_wait20s,time_threshold,23,False,positive_only
5.0,5.14770908253098e-08,0.016167399544860607,0.007626658397635041,4,stress,aggressive,threshold_wait20s,time_threshold,23,False,positive_only
6.0,9.773668360868376e-08,0.00965758903799991,0.0021386413706630737,18,stress,aggressive,threshold_wait20s,time_threshold,23,False,positive_only
7.0,1.9568897647501355e-07,0.00633732178126653,0.0007685272997896593,59,stress,aggressive,threshold_wait20s,time_threshold,23,False,positive_only
8.0,3.915277082152004e-07,0.0076150703126523335,0.0006702306558077888,165,stress,aggressive,threshold_wait20s,time_threshold,23,False,positive_only
9.0,7.402524181493904e-07,0.008295292316198915,0.0005087620467914899,303,stress,aggressive,threshold_wait20s,time_threshold,23,False,positive_only
10.0,1.4725452521225616e-06,0.009831198489077703,0.00045572553073498654,468,stress,aggressive,threshold_wait20s,time_threshold,23,False,positive_only
11.0,2.852900315170574e-06,0.010046569680337092,0.00047239913347129465,495,stress,aggressive,threshold_wait20s,time_threshold,23,False,positive_only
12.0,5.913264124202435e-06,0.009385458016011306,0.0006476682821019645,360,stress,aggressive,threshold_wait20s,time_threshold,23,False,positive_only
13.0,1.1623592242273425e-05,0.010923923155384093,0.0010081934933366002,332,stress,aggressive,threshold_wait20s,time_threshold,23,False,positive_only
14.0,2.2218838573085906e-05,0.011876579265806445,0.0007867160967316431,315,stress,aggressive,threshold_wait20s,time_threshold,23,False,positive_only
15.0,4.4632385905594246e-05,0.011639440787185847,0.0009217782554674515,238,stress,aggressive,threshold_wait20s,time_threshold,23,False,positive_only
16.0,8.67919743614624e-05,0.01217130392554753,0.0013063498414572123,181,stress,aggressive,threshold_wait20s,time_threshold,23,False,positive_only
17.0,0.00017493632083439867,0.01255984023390555,0.0012492046064678966,149,stress,aggressive,threshold_wait20s,time_threshold,23,False,positive_only
18.0,0.0003578763112769697,0.01403562584216894,0.0018395591032250068,105,stress,aggressive,threshold_wait20s,time_threshold,23,False,positive_only
19.0,0.0007195021679658201,0.013035419683261511,0.002253227017371398,76,stress,aggressive,threshold_wait20s,time_threshold,23,False,positive_only
20.0,0.0013966799267791491,0.010065848860369424,0.001847740191419882,31,stress,aggressive,threshold_wait20s,time_threshold,23,False,positive_only
21.0,0.00270837904544574,0.01539146086194257,0.0039018978303495856,12,stress,aggressive,threshold_wait20s,time_threshold,23,False,positive_only
22.0,0.004868364687235608,0.029016029199795054,0.019174830236919564,4,stress,aggressive,threshold_wait20s,time_threshold,23,False,positive_only
23.0,0.011870255012573347,0.008853972176921404,0.002399729980777443,3,stress,aggressive,threshold_wait20s,time_threshold,23,False,positive_only
24.0,0.028750451373257654,0.004852510877195117,,1,stress,aggressive,threshold_wait20s,time_threshold,23,False,positive_only
3.0,1.4340139492807838e-08,0.0004494121547629185,,1,stress,aggressive,threshold_wait20s,time_threshold,71,False,all_signed
4.0,2.7612239934053535e-08,0.014458239650842142,0.013042390311492886,4,stress,aggressive,threshold_wait20s,time_threshold,71,False,all_signed
5.0,4.8705079818469495e-08,0.004679326929024857,0.002621509903824168,15,stress,aggressive,threshold_wait20s,time_threshold,71,False,all_signed
6.0,9.420831335625601e-08,0.0007345790733689104,0.0008250321671800534,53,stress,aggressive,threshold_wait20s,time_threshold,71,False,all_signed
7.0,1.854833789492233e-07,-0.0018267308267414571,0.0008930594039870685,144,stress,aggressive,threshold_wait20s,time_threshold,71,False,all_signed
8.0,3.651151099928813e-07,0.0007915258843182332,0.0004975639293127128,404,stress,aggressive,threshold_wait20s,time_threshold,71,False,all_signed
9.0,7.319777780100472e-07,0.0016140496385621973,0.00046418873701864846,571,stress,aggressive,threshold_wait20s,time_threshold,71,False,all_signed
10.0,1.4681855585091262e-06,0.0033130262087589886,0.0004362619674500148,799,stress,aggressive,threshold_wait20s,time_threshold,71,False,all_signed
11.0,2.844632542491683e-06,0.0030085850564338535,0.0004448319551648237,921,stress,aggressive,threshold_wait20s,time_threshold,71,False,all_signed
12.0,5.757401003350772e-06,0.0023458068598459273,0.0006747266463788329,728,stress,aggressive,threshold_wait20s,time_threshold,71,False,all_signed
13.0,1.1517071178002725e-05,0.0027542153594314997,0.000525182267886081,737,stress,aggressive,threshold_wait20s,time_threshold,71,False,all_signed
14.0,2.2534443910778248e-05,0.004380786377524409,0.0005350001621188312,596,stress,aggressive,threshold_wait20s,time_threshold,71,False,all_signed
15.0,4.4434164307475735e-05,0.0028320579936146235,0.0007515331016963983,432,stress,aggressive,threshold_wait20s,time_threshold,71,False,all_signed
16.0,8.76332592833164e-05,0.002950498545583607,0.0009630225410460798,290,stress,aggressive,threshold_wait20s,time_threshold,71,False,all_signed
17.0,0.00017492929814478026,0.004326983760918977,0.0010950484229366414,254,stress,aggressive,threshold_wait20s,time_threshold,71,False,all_signed
18.0,0.00036464188212251194,0.003570830708377136,0.001428009066652629,170,stress,aggressive,threshold_wait20s,time_threshold,71,False,all_signed
19.0,0.0007000475549055796,0.004381349809976655,0.0019327639124051268,100,stress,aggressive,threshold_wait20s,time_threshold,71,False,all_signed
20.0,0.0013796433429515242,0.0037611607873418687,0.002216107173005423,53,stress,aggressive,threshold_wait20s,time_threshold,71,False,all_signed
21.0,0.0028319688430450173,0.005882271404969672,0.007383949989443716,19,stress,aggressive,threshold_wait20s,time_threshold,71,False,all_signed
22.0,0.004792284701149566,-0.0015589710485276339,0.007401676218714498,8,stress,aggressive,threshold_wait20s,time_threshold,71,False,all_signed
23.0,0.009537013107129953,0.0,,1,stress,aggressive,threshold_wait20s,time_threshold,71,False,all_signed
3.0,1.4340139492807838e-08,0.0004494121547629185,,1,stress,aggressive,threshold_wait20s,time_threshold,71,False,positive_only
4.0,2.5567740104728074e-08,0.029915356890856164,0.023276188842736127,2,stress,aggressive,threshold_wait20s,time_threshold,71,False,positive_only
5.0,5.156919126590203e-08,0.011836632776966338,0.00421297160800014,7,stress,aggressive,threshold_wait20s,time_threshold,71,False,positive_only
6.0,9.563654931671424e-08,0.00493387726675715,0.0008353260434569951,23,stress,aggressive,threshold_wait20s,time_threshold,71,False,positive_only
7.0,1.896402666770828e-07,0.005662971781508144,0.0008354944698103561,50,stress,aggressive,threshold_wait20s,time_threshold,71,False,positive_only
8.0,3.7676757590596833e-07,0.007718858156241976,0.000576082114620789,176,stress,aggressive,threshold_wait20s,time_threshold,71,False,positive_only
9.0,7.303058984548463e-07,0.008716306332038652,0.0005361878874513551,271,stress,aggressive,threshold_wait20s,time_threshold,71,False,positive_only
10.0,1.4853159252417818e-06,0.010041755666030532,0.0006106629212452954,413,stress,aggressive,threshold_wait20s,time_threshold,71,False,positive_only
11.0,2.841842054951238e-06,0.010980098632085088,0.0005258955438289159,475,stress,aggressive,threshold_wait20s,time_threshold,71,False,positive_only
12.0,5.748764745884213e-06,0.01046990717066039,0.0007004858166519945,356,stress,aggressive,threshold_wait20s,time_threshold,71,False,positive_only
13.0,1.1563034498658957e-05,0.010552093484994154,0.0006410582985537811,381,stress,aggressive,threshold_wait20s,time_threshold,71,False,positive_only
14.0,2.2535644708236196e-05,0.011320430457643504,0.0006621511482751224,337,stress,aggressive,threshold_wait20s,time_threshold,71,False,positive_only
15.0,4.456691698414356e-05,0.010566116485083939,0.0008082069256251858,250,stress,aggressive,threshold_wait20s,time_threshold,71,False,positive_only
16.0,8.679294216560944e-05,0.011805267207004838,0.0009795209272642565,160,stress,aggressive,threshold_wait20s,time_threshold,71,False,positive_only
17.0,0.00017450127914251534,0.012195127193365728,0.0011202589815664996,158,stress,aggressive,threshold_wait20s,time_threshold,71,False,positive_only
18.0,0.0003648202431550677,0.012799947307560226,0.0018590660321102265,91,stress,aggressive,threshold_wait20s,time_threshold,71,False,positive_only
19.0,0.0007106346463516003,0.011420433721977317,0.0021869116273805786,64,stress,aggressive,threshold_wait20s,time_threshold,71,False,positive_only
20.0,0.0013766038158964577,0.015775284054757994,0.002723537155381864,25,stress,aggressive,threshold_wait20s,time_threshold,71,False,positive_only
21.0,0.002686379925855979,0.01685543937257766,0.010213030006770879,12,stress,aggressive,threshold_wait20s,time_threshold,71,False,positive_only
22.0,0.004784369662866569,0.00970921090183929,0.004251791230624579,5,stress,aggressive,threshold_wait20s,time_threshold,71,False,positive_only
3.0,1.3618472184497307e-08,0.0,,1,stress,aggressive,local_run_1s,local_runs,7,True,all_signed
4.0,2.459435131343451e-08,0.0004041701054585768,0.0004041701054585768,17,stress,aggressive,local_run_1s,local_runs,7,True,all_signed
5.0,5.075113618207541e-08,0.0002636441789014197,0.00019347952150803127,48,stress,aggressive,local_run_1s,local_runs,7,True,all_signed
6.0,9.387236760142349e-08,0.0007543255882041248,0.00020391661756502497,150,stress,aggressive,local_run_1s,local_runs,7,True,all_signed
7.0,1.9592204956156926e-07,0.0008248205789293197,7.796438967827424e-05,575,stress,aggressive,local_run_1s,local_runs,7,True,all_signed
8.0,3.679997965013124e-07,0.00187354718937555,7.591693712877134e-05,1591,stress,aggressive,local_run_1s,local_runs,7,True,all_signed
9.0,7.346396231745914e-07,0.0022873419844793297,7.160773965867626e-05,2459,stress,aggressive,local_run_1s,local_runs,7,True,all_signed
10.0,1.4668036204740963e-06,0.003582272735564134,6.819564628849255e-05,3918,stress,aggressive,local_run_1s,local_runs,7,True,all_signed
11.0,2.8153897922148037e-06,0.004180347125159288,8.410913144223385e-05,3643,stress,aggressive,local_run_1s,local_runs,7,True,all_signed
12.0,5.747714272984011e-06,0.0035091919838298566,9.74111177004883e-05,2859,stress,aggressive,local_run_1s,local_runs,7,True,all_signed
13.0,1.1615025767970123e-05,0.0034859210019582785,8.681351555984607e-05,2940,stress,aggressive,local_run_1s,local_runs,7,True,all_signed
14.0,2.2360659650979174e-05,0.004424741378650694,9.9663234266629e-05,2884,stress,aggressive,local_run_1s,local_runs,7,True,all_signed
15.0,4.481068791611123e-05,0.005344512019605352,0.00013792233605877495,2044,stress,aggressive,local_run_1s,local_runs,7,True,all_signed
16.0,8.95081429100413e-05,0.0055965083725136745,0.00017822823817519853,1442,stress,aggressive,local_run_1s,local_runs,7,True,all_signed
17.0,0.00018153987954943587,0.005900353525517872,0.0002200492671799511,1198,stress,aggressive,local_run_1s,local_runs,7,True,all_signed
18.0,0.00035808214721850054,0.005682964196493608,0.00025721555889724916,980,stress,aggressive,local_run_1s,local_runs,7,True,all_signed
19.0,0.0007195808449833406,0.007021707018902411,0.00038212851112576874,685,stress,aggressive,local_run_1s,local_runs,7,True,all_signed
20.0,0.0014121512879622159,0.007958175393334242,0.0005895283328388504,444,stress,aggressive,local_run_1s,local_runs,7,True,all_signed
21.0,0.00278064139349714,0.009301026551275123,0.000947932552658584,236,stress,aggressive,local_run_1s,local_runs,7,True,all_signed
22.0,0.0053571379038231896,0.01015892164373788,0.0013188055666647923,143,stress,aggressive,local_run_1s,local_runs,7,True,all_signed
23.0,0.010746908174603477,0.013262707076401344,0.0029247655822178635,72,stress,aggressive,local_run_1s,local_runs,7,True,all_signed
24.0,0.02259819554559039,0.0323739451882297,0.007352691666845116,23,stress,aggressive,local_run_1s,local_runs,7,True,all_signed
25.0,0.04022141300353589,0.07274641738992917,0.040300930347258866,5,stress,aggressive,local_run_1s,local_runs,7,True,all_signed
26.0,0.09235661468469067,0.0896757485699393,0.0688501058563641,2,stress,aggressive,local_run_1s,local_runs,7,True,all_signed
4.0,2.1441589414187156e-08,0.006870891792795805,,1,stress,aggressive,local_run_1s,local_runs,7,True,positive_only
5.0,5.440250634536384e-08,0.0042183068624227155,0.002394643172401015,3,stress,aggressive,local_run_1s,local_runs,7,True,positive_only
6.0,9.901528927290549e-08,0.006364971049095402,0.000963140117021175,18,stress,aggressive,local_run_1s,local_runs,7,True,positive_only
7.0,2.0298254095522567e-07,0.0024825074044834286,0.00018004113110531197,193,stress,aggressive,local_run_1s,local_runs,7,True,positive_only
8.0,3.7081479817393e-07,0.00387429737829229,0.0001189882763501931,774,stress,aggressive,local_run_1s,local_runs,7,True,positive_only
9.0,7.353743823410925e-07,0.004351117907518886,0.0001026686957933822,1309,stress,aggressive,local_run_1s,local_runs,7,True,positive_only
10.0,1.4699605668698732e-06,0.005571424913094687,8.007158366547348e-05,2549,stress,aggressive,local_run_1s,local_runs,7,True,positive_only
11.0,2.7752595046157442e-06,0.0065189325846752464,9.902599507331127e-05,2369,stress,aggressive,local_run_1s,local_runs,7,True,positive_only
12.0,5.723566955866357e-06,0.005927244736963893,0.00012934744515483013,1733,stress,aggressive,local_run_1s,local_runs,7,True,positive_only
13.0,1.1757872774188688e-05,0.005632828391805184,0.00010802820324606892,1860,stress,aggressive,local_run_1s,local_runs,7,True,positive_only
14.0,2.2511705018019346e-05,0.0062388128949546744,0.000110719486706303,2102,stress,aggressive,local_run_1s,local_runs,7,True,positive_only
15.0,4.477767956546422e-05,0.007320413816469371,0.0001535560669267052,1520,stress,aggressive,local_run_1s,local_runs,7,True,positive_only
16.0,8.886082559595267e-05,0.007955277104544967,0.00020275669515451575,1039,stress,aggressive,local_run_1s,local_runs,7,True,positive_only
17.0,0.00018177926950627488,0.008584489187111627,0.00024854504153208466,853,stress,aggressive,local_run_1s,local_runs,7,True,positive_only
18.0,0.00035593817728909316,0.008721017946678558,0.00032018290634007983,657,stress,aggressive,local_run_1s,local_runs,7,True,positive_only
19.0,0.0007229615809269929,0.010127067400643265,0.00045983479551545,490,stress,aggressive,local_run_1s,local_runs,7,True,positive_only
20.0,0.0014026398914851726,0.012355584524963117,0.000753898184648934,297,stress,aggressive,local_run_1s,local_runs,7,True,positive_only
21.0,0.002775943512902694,0.013918370950848108,0.0012111054089438782,162,stress,aggressive,local_run_1s,local_runs,7,True,positive_only
22.0,0.005313498834498645,0.016382026803476762,0.0016798773760389604,93,stress,aggressive,local_run_1s,local_runs,7,True,positive_only
23.0,0.010704197296251605,0.016847294390937576,0.003464681299599189,58,stress,aggressive,local_run_1s,local_runs,7,True,positive_only
24.0,0.022677682778340185,0.03545717806329919,0.007724363488036666,21,stress,aggressive,local_run_1s,local_runs,7,True,positive_only
25.0,0.03989376948801744,0.09093302173741145,0.04642938023067486,4,stress,aggressive,local_run_1s,local_runs,7,True,positive_only
26.0,0.09235661468469067,0.0896757485699393,0.0688501058563641,2,stress,aggressive,local_run_1s,local_runs,7,True,positive_only
0.0,1.3774597486110532e-09,0.0021044819083741277,0.000696337534148824,9,stress,fill,random_n6,random_traders,7,True,all_signed
1.0,2.8144248551391406e-09,0.0037297849758629437,0.001350129465526456,3,stress,fill,random_n6,random_traders,7,True,all_signed
2.0,7.182646129590356e-09,0.0,,1,stress,fill,random_n6,random_traders,7,True,all_signed
3.0,1.1547271315961182e-08,0.0041886096701747,0.002115028434528796,6,stress,fill,random_n6,random_traders,7,True,all_signed
4.0,2.711673442232145e-08,0.0023719076712573612,0.0007556612149190247,30,stress,fill,random_n6,random_traders,7,True,all_signed
5.0,5.082139033763033e-08,0.0029603551314277667,0.00030565022103321276,249,stress,fill,random_n6,random_traders,7,True,all_signed
6.0,9.573445759413984e-08,0.004093315226247918,0.0002445914766823826,646,stress,fill,random_n6,random_traders,7,True,all_signed
7.0,1.9412095316266062e-07,0.003073805356473872,0.0001302835907232238,1774,stress,fill,random_n6,random_traders,7,True,all_signed
8.0,3.739353322228967e-07,0.004400728036784406,9.399181693920034e-05,5218,stress,fill,random_n6,random_traders,7,True,all_signed
9.0,7.31151519173077e-07,0.0053383342938385535,9.015479389277902e-05,8010,stress,fill,random_n6,random_traders,7,True,all_signed
10.0,1.4548946474710947e-06,0.006514150718172004,9.081752632117395e-05,10426,stress,fill,random_n6,random_traders,7,True,all_signed
11.0,2.838332685878672e-06,0.007853194790534777,0.00013020662924736673,8257,stress,fill,random_n6,random_traders,7,True,all_signed
12.0,5.75758047232586e-06,0.007048165179127608,0.00013644322212239178,7228,stress,fill,random_n6,random_traders,7,True,all_signed
13.0,1.1654987663854226e-05,0.007579744370769499,0.00013952920328535507,7918,stress,fill,random_n6,random_traders,7,True,all_signed
14.0,2.272403103588097e-05,0.00822217288154421,0.00013654811222098986,8723,stress,fill,random_n6,random_traders,7,True,all_signed
15.0,4.513840877222525e-05,0.009716793700952821,0.00018565177360262453,6449,stress,fill,random_n6,random_traders,7,True,all_signed
16.0,8.973646464130947e-05,0.010599659266219408,0.00023710390096536027,4693,stress,fill,random_n6,random_traders,7,True,all_signed
17.0,0.0001792949997380823,0.012143893475065852,0.0003044618309847342,3471,stress,fill,random_n6,random_traders,7,True,all_signed
18.0,0.0003573532077300425,0.01281748694509319,0.0003702333577100125,2643,stress,fill,random_n6,random_traders,7,True,all_signed
19.0,0.0007051637578943012,0.013043519855538864,0.00046093820998537515,1922,stress,fill,random_n6,random_traders,7,True,all_signed
20.0,0.0013936710369940185,0.016688019774750595,0.0006957870226964491,1048,stress,fill,random_n6,random_traders,7,True,all_signed
21.0,0.002709519167989542,0.02067210367427973,0.001289817030769395,405,stress,fill,random_n6,random_traders,7,True,all_signed
22.0,0.005246437284574581,0.02386552229042078,0.0028441476981100507,114,stress,fill,random_n6,random_traders,7,True,all_signed
23.0,0.009750937904020488,0.03972981462884261,0.009720345046476658,24,stress,fill,random_n6,random_traders,7,True,all_signed
24.0,0.021107286753025617,0.03656703912972849,0.00706600350440124,7,stress,fill,random_n6,random_traders,7,True,all_signed
25.0,0.03700075924442001,0.02220293079846175,,1,stress,fill,random_n6,random_traders,7,True,all_signed
0.0,1.3587540125726113e-09,0.0027057624536238785,0.0007483844975841943,7,stress,fill,random_n6,random_traders,7,True,positive_only
1.0,2.8144248551391406e-09,0.0037297849758629437,0.001350129465526456,3,stress,fill,random_n6,random_traders,7,True,positive_only
3.0,1.1183811995895102e-08,0.0083772193403494,0.0021959679927643838,3,stress,fill,random_n6,random_traders,7,True,positive_only
4.0,2.7024250605129918e-08,0.0034981462025723596,0.0008860285343139597,22,stress,fill,random_n6,random_traders,7,True,positive_only
5.0,5.146650922405111e-08,0.004758311211386526,0.00031791160028191444,175,stress,fill,random_n6,random_traders,7,True,positive_only
6.0,9.564503503589772e-08,0.0066926847339893614,0.0002850386032494644,429,stress,fill,random_n6,random_traders,7,True,positive_only
7.0,1.9518863307298328e-07,0.005452268204877905,0.00016166868576228781,1113,stress,fill,random_n6,random_traders,7,True,positive_only
8.0,3.7477517268983965e-07,0.0069052487101272896,0.0001028583773234819,3662,stress,fill,random_n6,random_traders,7,True,positive_only
9.0,7.308388693712107e-07,0.008101280578948444,0.0001013592874803191,5724,stress,fill,random_n6,random_traders,7,True,positive_only
10.0,1.4586498702505493e-06,0.00947191558154497,0.00010162259331283564,7656,stress,fill,random_n6,random_traders,7,True,positive_only
11.0,2.8303887495695058e-06,0.011841842333881598,0.00014973423034216553,5894,stress,fill,random_n6,random_traders,7,True,positive_only
12.0,5.750411673887497e-06,0.010941297729914175,0.00016424678021492497,5033,stress,fill,random_n6,random_traders,7,True,positive_only
13.0,1.168752992867034e-05,0.011612486662381339,0.000164511767084385,5615,stress,fill,random_n6,random_traders,7,True,positive_only
14.0,2.2739193978703163e-05,0.012062069720517104,0.00015593083260870706,6411,stress,fill,random_n6,random_traders,7,True,positive_only
15.0,4.502784079313191e-05,0.014088066124999543,0.0002189981538742316,4710,stress,fill,random_n6,random_traders,7,True,positive_only
16.0,8.984946518834507e-05,0.015317634111721776,0.00027970549969146105,3433,stress,fill,random_n6,random_traders,7,True,positive_only
17.0,0.00017943998322064413,0.016964603258892177,0.0003522604002744519,2610,stress,fill,random_n6,random_traders,7,True,positive_only
18.0,0.00035577191634796984,0.017932415900642304,0.0004349428233778462,1975,stress,fill,random_n6,random_traders,7,True,positive_only
19.0,0.0007042753103481323,0.01829956860806213,0.0005436849412839522,1441,stress,fill,random_n6,random_traders,7,True,positive_only
20.0,0.0013950169541973013,0.021731004271018078,0.00077932226802498,831,stress,fill,random_n6,random_traders,7,True,positive_only
21.0,0.0026937459630883122,0.02574458907394523,0.001416499343369416,333,stress,fill,random_n6,random_traders,7,True,positive_only
22.0,0.005295143855667794,0.029155166377547642,0.003133639868466758,95,stress,fill,random_n6,random_traders,7,True,positive_only
23.0,0.009875171892551358,0.043341615958737395,0.010268249595026785,22,stress,fill,random_n6,random_traders,7,True,positive_only
24.0,0.021107286753025617,0.03656703912972849,0.00706600350440124,7,stress,fill,random_n6,random_traders,7,True,positive_only
25.0,0.03700075924442001,0.02220293079846175,,1,stress,fill,random_n6,random_traders,7,True,positive_only
0.0,1.474328900184055e-09,0.0021446582687589875,0.0018302824387488232,9,stress,fill,random_n6,random_traders,23,True,all_signed
1.0,2.5394861527542053e-09,0.0025806120998325063,0.0008774524153637948,5,stress,fill,random_n6,random_traders,23,True,all_signed
3.0,1.2145207828484843e-08,0.001115707718106541,0.000814429793661128,6,stress,fill,random_n6,random_traders,23,True,all_signed
4.0,2.671455106346403e-08,0.0025055122162495687,0.0005628055469387299,32,stress,fill,random_n6,random_traders,23,True,all_signed
5.0,5.067735465816764e-08,0.003296552792679586,0.0003250967983406477,233,stress,fill,random_n6,random_traders,23,True,all_signed
6.0,9.564920472362101e-08,0.0042564363597244435,0.00022388562337396668,720,stress,fill,random_n6,random_traders,23,True,all_signed
7.0,1.9597606143748197e-07,0.0033242172860946865,0.0001276863379842729,1833,stress,fill,random_n6,random_traders,23,True,all_signed
8.0,3.745261653267852e-07,0.004267398334139349,9.114912874707666e-05,5314,stress,fill,random_n6,random_traders,23,True,all_signed
9.0,7.312992550599961e-07,0.005366735540211077,8.989364244668458e-05,8026,stress,fill,random_n6,random_traders,23,True,all_signed
10.0,1.4508634865992797e-06,0.006393737999972029,9.030647577508792e-05,10330,stress,fill,random_n6,random_traders,23,True,all_signed
11.0,2.8409195089366874e-06,0.007766609790790351,0.00012972656275100612,8170,stress,fill,random_n6,random_traders,23,True,all_signed
12.0,5.752130817444902e-06,0.0072136313344414735,0.0001418831750686568,7147,stress,fill,random_n6,random_traders,23,True,all_signed
13.0,1.1604222358789502e-05,0.007678720609669375,0.00014012163141424036,7966,stress,fill,random_n6,random_traders,23,True,all_signed
14.0,2.28163264102518e-05,0.008526181224782128,0.0001396022902278713,8701,stress,fill,random_n6,random_traders,23,True,all_signed
15.0,4.4957692224401535e-05,0.009865826322163986,0.0001814574789601665,6464,stress,fill,random_n6,random_traders,23,True,all_signed
16.0,8.979443590311043e-05,0.010342173606764031,0.0002293820333368445,4724,stress,fill,random_n6,random_traders,23,True,all_signed
17.0,0.0001792782752975371,0.012103979982099533,0.00030657783158180894,3434,stress,fill,random_n6,random_traders,23,True,all_signed
18.0,0.0003581426647712263,0.01283244467151639,0.0003652292464360264,2581,stress,fill,random_n6,random_traders,23,True,all_signed
19.0,0.0007034470100906599,0.013477432617789711,0.00044991160217870354,1954,stress,fill,random_n6,random_traders,23,True,all_signed
20.0,0.0013822218546226087,0.016201534247741664,0.000716127079463912,1014,stress,fill,random_n6,random_traders,23,True,all_signed
21.0,0.002684451851078432,0.02346848484005749,0.0014689574717119524,437,stress,fill,random_n6,random_traders,23,True,all_signed
22.0,0.005155077620236652,0.02150144901552941,0.0027178685814494585,107,stress,fill,random_n6,random_traders,23,True,all_signed
23.0,0.010374598502965826,0.03662906878119083,0.01049196202097936,22,stress,fill,random_n6,random_traders,23,True,all_signed
24.0,0.018563741473557355,0.02608617705531786,0.003579069384369632,7,stress,fill,random_n6,random_traders,23,True,all_signed
25.0,0.03615909058556367,0.022674013689641843,0.0003931778708300736,2,stress,fill,random_n6,random_traders,23,True,all_signed
0.0,1.5809870090861286e-09,0.004066010160861162,0.0014053969759084937,7,stress,fill,random_n6,random_traders,23,True,positive_only
1.0,2.630373080471605e-09,0.003225765124790633,0.0007677893760825473,4,stress,fill,random_n6,random_traders,23,True,positive_only
3.0,1.2944310873624567e-08,0.002231415436213082,0.001439331696229897,3,stress,fill,random_n6,random_traders,23,True,positive_only
4.0,2.7119601326565174e-08,0.004286311162325578,0.0006933808180915278,19,stress,fill,random_n6,random_traders,23,True,positive_only
5.0,5.1238422553424415e-08,0.005104613093313334,0.0003602371269872525,164,stress,fill,random_n6,random_traders,23,True,positive_only
6.0,9.514804032289874e-08,0.006562679120237706,0.0002561998508303347,497,stress,fill,random_n6,random_traders,23,True,positive_only
7.0,1.9725741865171785e-07,0.005546167157864944,0.00015730172560722761,1184,stress,fill,random_n6,random_traders,23,True,positive_only
8.0,3.7470508461254967e-07,0.006664002321877294,0.00010239705184278757,3718,stress,fill,random_n6,random_traders,23,True,positive_only
9.0,7.326156431690289e-07,0.008158624393591373,0.00010220923702602227,5693,stress,fill,random_n6,random_traders,23,True,positive_only
10.0,1.4527431069396824e-06,0.009399114970595318,9.923826253796641e-05,7566,stress,fill,random_n6,random_traders,23,True,positive_only
11.0,2.834829348140644e-06,0.011849107962074244,0.00014985757934287558,5767,stress,fill,random_n6,random_traders,23,True,positive_only
12.0,5.76053072808917e-06,0.011315124347384527,0.00017049377345922283,4957,stress,fill,random_n6,random_traders,23,True,positive_only
13.0,1.1643035744454751e-05,0.011529458174463438,0.00016485099388983962,5731,stress,fill,random_n6,random_traders,23,True,positive_only
14.0,2.2807983863698655e-05,0.012236718127387029,0.0001612085137012169,6454,stress,fill,random_n6,random_traders,23,True,positive_only
15.0,4.4845040465619376e-05,0.014189603522318897,0.0002096311483589619,4766,stress,fill,random_n6,random_traders,23,True,positive_only
16.0,9.00101968559819e-05,0.015010345139771834,0.0002678663019315511,3462,stress,fill,random_n6,random_traders,23,True,positive_only
17.0,0.00017941571722706936,0.016931712032742026,0.00035569448135920357,2581,stress,fill,random_n6,random_traders,23,True,positive_only
18.0,0.0003580605771598975,0.017559311331660117,0.000420920787007559,1968,stress,fill,random_n6,random_traders,23,True,positive_only
19.0,0.0007035835415813312,0.01856169951027451,0.000523532051487287,1482,stress,fill,random_n6,random_traders,23,True,positive_only
20.0,0.0013940567509230686,0.021545515710546227,0.0008251349000225374,787,stress,fill,random_n6,random_traders,23,True,positive_only
21.0,0.002670059074631336,0.029127860541375516,0.0016462183652996227,358,stress,fill,random_n6,random_traders,23,True,positive_only
22.0,0.005103563849064401,0.025402643231826044,0.0030148280103690283,91,stress,fill,random_n6,random_traders,23,True,positive_only
23.0,0.00981663273445975,0.04793410809680906,0.012312181713128758,17,stress,fill,random_n6,random_traders,23,True,positive_only
24.0,0.018563741473557355,0.02608617705531786,0.003579069384369632,7,stress,fill,random_n6,random_traders,23,True,positive_only
25.0,0.03615909058556367,0.022674013689641843,0.0003931778708300736,2,stress,fill,random_n6,random_traders,23,True,positive_only
0.0,1.3246780121330151e-09,0.0034082834989624276,0.001062840476949185,9,stress,fill,random_n6,random_traders,71,True,all_signed
3.0,1.1496226628182022e-08,0.0018713904772311822,0.001147967055280201,8,stress,fill,random_n6,random_traders,71,True,all_signed
4.0,2.627588403142746e-08,0.0016622768389746244,0.0005734349133233298,28,stress,fill,random_n6,random_traders,71,True,all_signed
5.0,5.066011787129932e-08,0.003147542902458352,0.0002994889326921182,250,stress,fill,random_n6,random_traders,71,True,all_signed
6.0,9.493868371666918e-08,0.004334917453908063,0.00023586871552140414,677,stress,fill,random_n6,random_traders,71,True,all_signed
7.0,1.955761494719033e-07,0.0030313345009707637,0.00013115513971579372,1796,stress,fill,random_n6,random_traders,71,True,all_signed
8.0,3.7278722246037366e-07,0.0042244928730994875,9.077610479720948e-05,5360,stress,fill,random_n6,random_traders,71,True,all_signed
9.0,7.33765580674092e-07,0.005491181932726349,8.984213537576442e-05,8023,stress,fill,random_n6,random_traders,71,True,all_signed
10.0,1.4541331915170082e-06,0.006355384775325024,9.001484279697832e-05,10468,stress,fill,random_n6,random_traders,71,True,all_signed
11.0,2.837716885679636e-06,0.007678940132452112,0.0001287137777969357,8138,stress,fill,random_n6,random_traders,71,True,all_signed
12.0,5.76370189559149e-06,0.007199241052335437,0.000141704790054117,7169,stress,fill,random_n6,random_traders,71,True,all_signed
13.0,1.1626711490635642e-05,0.007493303698439105,0.0001351993495958993,7931,stress,fill,random_n6,random_traders,71,True,all_signed
14.0,2.281138511519324e-05,0.008319344694497686,0.00013914707108093002,8729,stress,fill,random_n6,random_traders,71,True,all_signed
15.0,4.530714079965719e-05,0.00988531946578228,0.00018234969315559867,6591,stress,fill,random_n6,random_traders,71,True,all_signed
16.0,8.982450945892898e-05,0.011005036161785576,0.00023850294195502505,4738,stress,fill,random_n6,random_traders,71,True,all_signed
17.0,0.0001791075852196263,0.011714371609901488,0.000298456377685626,3412,stress,fill,random_n6,random_traders,71,True,all_signed
18.0,0.00035800071874705853,0.012880750047375465,0.0003657812185724069,2597,stress,fill,random_n6,random_traders,71,True,all_signed
19.0,0.000705288581813735,0.013630748054398732,0.00046009842737491073,1951,stress,fill,random_n6,random_traders,71,True,all_signed
20.0,0.001391374843807522,0.016194286304825972,0.0007173119779023851,1016,stress,fill,random_n6,random_traders,71,True,all_signed
21.0,0.0027101372197220527,0.02225411703969844,0.001449578506518086,397,stress,fill,random_n6,random_traders,71,True,all_signed
22.0,0.005080788870112419,0.025894047656945224,0.0028290202002723996,117,stress,fill,random_n6,random_traders,71,True,all_signed
23.0,0.009904218360991056,0.034391595953330655,0.009383619047092034,30,stress,fill,random_n6,random_traders,71,True,all_signed
24.0,0.02437921663667004,0.02797456551708451,0.008418301944346661,5,stress,fill,random_n6,random_traders,71,True,all_signed
25.0,0.03693853265158919,0.03521306919615461,,1,stress,fill,random_n6,random_traders,71,True,all_signed
0.0,1.3694256277357437e-09,0.004382078784380264,0.001106932889262251,7,stress,fill,random_n6,random_traders,71,True,positive_only
3.0,1.1064810649143175e-08,0.005209868514496303,0.0018236144835938033,3,stress,fill,random_n6,random_traders,71,True,positive_only
4.0,2.6687104756658015e-08,0.003824475339236079,0.0007644183558585303,14,stress,fill,random_n6,random_traders,71,True,positive_only
5.0,5.08339515050894e-08,0.004957154232385864,0.00029579177209414,180,stress,fill,random_n6,random_traders,71,True,positive_only
6.0,9.452964328782004e-08,0.006749656180773878,0.00025926920304434595,469,stress,fill,random_n6,random_traders,71,True,positive_only
7.0,1.96018771528772e-07,0.005408493993592657,0.0001636948263122267,1121,stress,fill,random_n6,random_traders,71,True,positive_only
8.0,3.739482534796681e-07,0.006712128423684087,0.0001008581459440499,3720,stress,fill,random_n6,random_traders,71,True,positive_only
9.0,7.356781920814467e-07,0.008252068526879562,9.984407733021613e-05,5765,stress,fill,random_n6,random_traders,71,True,positive_only
10.0,1.4552462728696237e-06,0.009446861102433838,0.00010053255356734042,7579,stress,fill,random_n6,random_traders,71,True,positive_only
11.0,2.8257355349852796e-06,0.011694729566819611,0.00014910198724229912,5747,stress,fill,random_n6,random_traders,71,True,positive_only
12.0,5.765167990586168e-06,0.011214509989453659,0.00017008344106888057,4991,stress,fill,random_n6,random_traders,71,True,positive_only
13.0,1.1674699830036603e-05,0.011301269207863824,0.00015924482162675083,5668,stress,fill,random_n6,random_traders,71,True,positive_only
14.0,2.278428706462679e-05,0.012212485275280103,0.0001614011956502623,6385,stress,fill,random_n6,random_traders,71,True,positive_only
15.0,4.513030728800919e-05,0.014245454095664283,0.00021273833592280774,4844,stress,fill,random_n6,random_traders,71,True,positive_only
16.0,8.999470615588116e-05,0.0154852526993834,0.00027840994568809806,3538,stress,fill,random_n6,random_traders,71,True,positive_only
17.0,0.00017999121747017257,0.01651259039211559,0.00034862351779960706,2545,stress,fill,random_n6,random_traders,71,True,positive_only
18.0,0.00035694071474992703,0.017577757232385596,0.00042595795964438303,1976,stress,fill,random_n6,random_traders,71,True,positive_only
19.0,0.0007043367332402412,0.018389264415267753,0.0005312058205416482,1509,stress,fill,random_n6,random_traders,71,True,positive_only
20.0,0.0013991163434197162,0.021734827124101082,0.000824936076140995,785,stress,fill,random_n6,random_traders,71,True,positive_only
21.0,0.0027089204927511074,0.027477568718986864,0.0016250005408331737,326,stress,fill,random_n6,random_traders,71,True,positive_only
22.0,0.00506769157682477,0.029881614567675414,0.0029973782256572778,103,stress,fill,random_n6,random_traders,71,True,positive_only
23.0,0.009970142808965639,0.04169955512984029,0.010685057419021954,25,stress,fill,random_n6,random_traders,71,True,positive_only
24.0,0.02437921663667004,0.02797456551708451,0.008418301944346661,5,stress,fill,random_n6,random_traders,71,True,positive_only
25.0,0.03693853265158919,0.03521306919615461,,1,stress,fill,random_n6,random_traders,71,True,positive_only
0.0,1.3399256572970383e-09,0.00401559453604325,0.0017642998291198917,6,stress,fill,threshold_wait5s,time_threshold,7,True,all_signed
3.0,1.3837489106087805e-08,-0.0020600484184886384,,1,stress,fill,threshold_wait5s,time_threshold,7,True,all_signed
4.0,2.4945877330665414e-08,0.0020061845671128157,0.0011785110000597278,17,stress,fill,threshold_wait5s,time_threshold,7,True,all_signed
5.0,4.914985302276605e-08,0.0023395073585911813,0.0008400523401385669,63,stress,fill,threshold_wait5s,time_threshold,7,True,all_signed
6.0,9.384829682882949e-08,0.000971150609676175,0.0005519160713452623,137,stress,fill,threshold_wait5s,time_threshold,7,True,all_signed
7.0,1.971406084353482e-07,0.001261335030110603,0.00020368056440239667,620,stress,fill,threshold_wait5s,time_threshold,7,True,all_signed
8.0,3.748581831611e-07,0.002478461597107162,0.00015566362156433286,1900,stress,fill,threshold_wait5s,time_threshold,7,True,all_signed
9.0,7.157900258996494e-07,0.0035443896544817884,0.0001894766762981127,2352,stress,fill,threshold_wait5s,time_threshold,7,True,all_signed
10.0,1.43937158320539e-06,0.004311532234943735,0.00020840603110015173,2025,stress,fill,threshold_wait5s,time_threshold,7,True,all_signed
11.0,2.8540451864761277e-06,0.0037696824130006947,0.0003136851172543821,1138,stress,fill,threshold_wait5s,time_threshold,7,True,all_signed
12.0,5.717620108756439e-06,0.002212914820883211,0.0002926939387083899,993,stress,fill,threshold_wait5s,time_threshold,7,True,all_signed
13.0,1.1249223911056024e-05,0.0025056683039558847,0.0003595709387114185,981,stress,fill,threshold_wait5s,time_threshold,7,True,all_signed
14.0,2.260316911884679e-05,0.003149065152621376,0.00036515740709374485,822,stress,fill,threshold_wait5s,time_threshold,7,True,all_signed
15.0,4.4871155835291765e-05,0.004067012019546699,0.0007642654544025457,446,stress,fill,threshold_wait5s,time_threshold,7,True,all_signed
16.0,9.179344603861188e-05,0.0027907296811013086,0.0006197256913464441,292,stress,fill,threshold_wait5s,time_threshold,7,True,all_signed
17.0,0.0001809079311737207,0.005362974746338669,0.0009076153688048666,205,stress,fill,threshold_wait5s,time_threshold,7,True,all_signed
18.0,0.0003614865626772776,0.005335005573593626,0.0013228160940423847,121,stress,fill,threshold_wait5s,time_threshold,7,True,all_signed
19.0,0.0006980897007202091,0.010008025580364246,0.003259524865966235,64,stress,fill,threshold_wait5s,time_threshold,7,True,all_signed
20.0,0.0012912566207049973,0.006832675398754443,0.0036962843950435055,11,stress,fill,threshold_wait5s,time_threshold,7,True,all_signed
21.0,0.002791279226512477,0.011065030234065878,0.006089525321263649,5,stress,fill,threshold_wait5s,time_threshold,7,True,all_signed
22.0,0.00693441989811046,0.0016329007770304398,,1,stress,fill,threshold_wait5s,time_threshold,7,True,all_signed
0.0,1.2644758183068973e-09,0.006023391804064875,0.0019366555832429516,4,stress,fill,threshold_wait5s,time_threshold,7,True,positive_only
4.0,2.383663904172756e-08,0.005477631540407504,0.0016915294671242993,8,stress,fill,threshold_wait5s,time_threshold,7,True,positive_only
5.0,4.9189812863275286e-08,0.005663857635772743,0.0015313849024579088,30,stress,fill,threshold_wait5s,time_threshold,7,True,positive_only
6.0,9.323784640284528e-08,0.005200958160170365,0.0007586369295357292,58,stress,fill,threshold_wait5s,time_threshold,7,True,positive_only
7.0,1.9867104246642384e-07,0.004363686333571117,0.00026124280791919803,292,stress,fill,threshold_wait5s,time_threshold,7,True,positive_only
8.0,3.771457526730285e-07,0.005848517851846644,0.00016662461327702008,1112,stress,fill,threshold_wait5s,time_threshold,7,True,positive_only
9.0,7.126960257136557e-07,0.00738704636086014,0.00022028325396188382,1469,stress,fill,threshold_wait5s,time_threshold,7,True,positive_only
10.0,1.4280311746240263e-06,0.008639105541444038,0.00022236855261701998,1264,stress,fill,threshold_wait5s,time_threshold,7,True,positive_only
11.0,2.815174682905571e-06,0.009648298093583012,0.0004208119470205093,591,stress,fill,threshold_wait5s,time_threshold,7,True,positive_only
12.0,5.709931825437234e-06,0.0077125253001391345,0.0004352775623123746,461,stress,fill,threshold_wait5s,time_threshold,7,True,positive_only
13.0,1.1360229029019184e-05,0.0077276994283829135,0.0003426658155211797,514,stress,fill,threshold_wait5s,time_threshold,7,True,positive_only
14.0,2.269683442387806e-05,0.0088721153428778,0.000482190758456045,431,stress,fill,threshold_wait5s,time_threshold,7,True,positive_only
15.0,4.519272192772699e-05,0.010850520818773836,0.0011538643790370067,243,stress,fill,threshold_wait5s,time_threshold,7,True,positive_only
16.0,9.320143345513388e-05,0.008617433820489302,0.0007545305821773635,150,stress,fill,threshold_wait5s,time_threshold,7,True,positive_only
17.0,0.00018448575749154352,0.011176360479275607,0.0009671138837111316,130,stress,fill,threshold_wait5s,time_threshold,7,True,positive_only
18.0,0.0003669441768460999,0.012936269186458918,0.0018444780342895767,65,stress,fill,threshold_wait5s,time_threshold,7,True,positive_only
19.0,0.0007065792877817793,0.019619529444200756,0.00545650782080498,35,stress,fill,threshold_wait5s,time_threshold,7,True,positive_only
20.0,0.001165638080512801,0.015031885877259777,0.006658186822296334,5,stress,fill,threshold_wait5s,time_threshold,7,True,positive_only
21.0,0.002083604521669327,0.018441717056776462,0.007455759062223676,3,stress,fill,threshold_wait5s,time_threshold,7,True,positive_only
22.0,0.00693441989811046,0.0016329007770304398,,1,stress,fill,threshold_wait5s,time_threshold,7,True,positive_only
0.0,1.307200759104883e-09,0.005144197167501491,0.0023784935301425633,8,stress,fill,threshold_wait5s,time_threshold,23,True,all_signed
3.0,1.3174170827237637e-08,0.0,,1,stress,fill,threshold_wait5s,time_threshold,23,True,all_signed
4.0,2.5700456334075666e-08,0.005859416284068879,0.004756118456657364,8,stress,fill,threshold_wait5s,time_threshold,23,True,all_signed
5.0,4.9009461487456434e-08,0.001153138008995923,0.00036234938074785066,48,stress,fill,threshold_wait5s,time_threshold,23,True,all_signed
6.0,9.443738610085714e-08,0.0005868047163247784,0.00030745356891383527,180,stress,fill,threshold_wait5s,time_threshold,23,True,all_signed
7.0,1.9436671073660096e-07,0.0009654086698412622,0.00022621164235185718,574,stress,fill,threshold_wait5s,time_threshold,23,True,all_signed
8.0,3.7165100702171885e-07,0.0023062127710638566,0.000152456818221054,1861,stress,fill,threshold_wait5s,time_threshold,23,True,all_signed
9.0,7.125958383833213e-07,0.0036468028768495467,0.00016742131310064544,2298,stress,fill,threshold_wait5s,time_threshold,23,True,all_signed
10.0,1.4268540131436864e-06,0.004456160515823334,0.00022414885311901895,2009,stress,fill,threshold_wait5s,time_threshold,23,True,all_signed
11.0,2.828535778037539e-06,0.003249990537916767,0.000296777756294779,1129,stress,fill,threshold_wait5s,time_threshold,23,True,all_signed
12.0,5.7824204993225085e-06,0.0015297471991765424,0.00033991944074874566,944,stress,fill,threshold_wait5s,time_threshold,23,True,all_signed
13.0,1.1446299285343971e-05,0.002851297336707835,0.0003222200858679337,960,stress,fill,threshold_wait5s,time_threshold,23,True,all_signed
14.0,2.2477295749517573e-05,0.003383573585381488,0.00035274028626740907,888,stress,fill,threshold_wait5s,time_threshold,23,True,all_signed
15.0,4.5517946719853104e-05,0.003545398267198833,0.0006615473560745615,474,stress,fill,threshold_wait5s,time_threshold,23,True,all_signed
16.0,9.133998123837632e-05,0.003256011163081808,0.0010154537473628842,307,stress,fill,threshold_wait5s,time_threshold,23,True,all_signed
17.0,0.00017902827275271974,0.005486290379709929,0.0010098864051615642,191,stress,fill,threshold_wait5s,time_threshold,23,True,all_signed
18.0,0.0003444983562014962,0.004755989539160649,0.0013076480329806863,108,stress,fill,threshold_wait5s,time_threshold,23,True,all_signed
19.0,0.000727680724210321,0.0016833765909678865,0.0043576671006451415,59,stress,fill,threshold_wait5s,time_threshold,23,True,all_signed
20.0,0.0013710704538902076,0.0007622456111739247,0.002531130913880913,27,stress,fill,threshold_wait5s,time_threshold,23,True,all_signed
21.0,0.002076216166921215,0.013035251369367784,0.007292584936808454,3,stress,fill,threshold_wait5s,time_threshold,23,True,all_signed
0.0,1.273908098590284e-09,0.0068589295566686545,0.0028649467155549193,6,stress,fill,threshold_wait5s,time_threshold,23,True,positive_only
4.0,2.842449610430795e-08,0.016081877163339402,0.011281704541230096,3,stress,fill,threshold_wait5s,time_threshold,23,True,positive_only
5.0,5.07303088573676e-08,0.002686428233359917,0.000533896458431305,24,stress,fill,threshold_wait5s,time_threshold,23,True,positive_only
6.0,9.4212912135149e-08,0.003695508460874275,0.00045534133511041696,64,stress,fill,threshold_wait5s,time_threshold,23,True,positive_only
7.0,1.9605662691655584e-07,0.004295171584438216,0.0002742461673661584,268,stress,fill,threshold_wait5s,time_threshold,23,True,positive_only
8.0,3.7433282228067894e-07,0.005650654211041797,0.0001573055112220315,1091,stress,fill,threshold_wait5s,time_threshold,23,True,positive_only
9.0,7.101018873315841e-07,0.007340673891586225,0.00018534543371427842,1438,stress,fill,threshold_wait5s,time_threshold,23,True,positive_only
10.0,1.4255098542062058e-06,0.008597114897248797,0.0002280473877374896,1273,stress,fill,threshold_wait5s,time_threshold,23,True,positive_only
11.0,2.7593086403119495e-06,0.009248723082256794,0.0003963178531890193,559,stress,fill,threshold_wait5s,time_threshold,23,True,positive_only
12.0,5.764087806005244e-06,0.007548815177312526,0.00036673578354513235,438,stress,fill,threshold_wait5s,time_threshold,23,True,positive_only
13.0,1.146016125812423e-05,0.00844052174444124,0.0003621886834156451,496,stress,fill,threshold_wait5s,time_threshold,23,True,positive_only
14.0,2.2548128900216735e-05,0.00875928675500571,0.00044919770420162635,487,stress,fill,threshold_wait5s,time_threshold,23,True,positive_only
15.0,4.56525118864463e-05,0.010807216005738996,0.000875744872121181,250,stress,fill,threshold_wait5s,time_threshold,23,True,positive_only
16.0,9.094974010789873e-05,0.01041424666718375,0.001450182360884951,168,stress,fill,threshold_wait5s,time_threshold,23,True,positive_only
17.0,0.0001807925243342253,0.01232387746587894,0.0014483111191874842,106,stress,fill,threshold_wait5s,time_threshold,23,True,positive_only
18.0,0.0003459388242710721,0.012756195223347684,0.001632922184652078,56,stress,fill,threshold_wait5s,time_threshold,23,True,positive_only
19.0,0.0007240004701963187,0.011397999445098539,0.0014619631370269197,34,stress,fill,threshold_wait5s,time_threshold,23,True,positive_only
20.0,0.001223978668560805,0.012343691389183266,0.00420278497391719,9,stress,fill,threshold_wait5s,time_threshold,23,True,positive_only
21.0,0.002019119767897627,0.019552877054051676,0.005666308453017992,2,stress,fill,threshold_wait5s,time_threshold,23,True,positive_only
0.0,1.2557466507985526e-09,0.0012299269659642267,0.0007820938787995153,8,stress,fill,threshold_wait5s,time_threshold,71,True,all_signed
1.0,2.415029005506631e-09,0.0036961486989637916,0.0025411022305365564,2,stress,fill,threshold_wait5s,time_threshold,71,True,all_signed
2.0,6.7788277118208894e-09,-0.0072837883268761965,,1,stress,fill,threshold_wait5s,time_threshold,71,True,all_signed
3.0,1.3060477046804439e-08,0.007248814220989624,0.005721189465501448,2,stress,fill,threshold_wait5s,time_threshold,71,True,all_signed
4.0,2.424179378148601e-08,0.0029031757813729846,0.0012007908683022363,16,stress,fill,threshold_wait5s,time_threshold,71,True,all_signed
5.0,4.957770606075782e-08,-0.00017316006834291895,0.0005784028793371688,47,stress,fill,threshold_wait5s,time_threshold,71,True,all_signed
6.0,9.545225571297983e-08,0.0013949634920631048,0.00043353591168799244,151,stress,fill,threshold_wait5s,time_threshold,71,True,all_signed
7.0,1.9746645224112701e-07,0.0014837396041773737,0.00021520643516476423,639,stress,fill,threshold_wait5s,time_threshold,71,True,all_signed
8.0,3.7332607153905485e-07,0.0020703812978898517,0.0001570548200452348,1820,stress,fill,threshold_wait5s,time_threshold,71,True,all_signed
9.0,7.1896326110601e-07,0.003747432569778018,0.00017304293694783278,2337,stress,fill,threshold_wait5s,time_threshold,71,True,all_signed
10.0,1.4209784011920437e-06,0.00442943465410585,0.00021505958193390309,2031,stress,fill,threshold_wait5s,time_threshold,71,True,all_signed
11.0,2.844275455827852e-06,0.0031480625091437043,0.0003022702031356695,1178,stress,fill,threshold_wait5s,time_threshold,71,True,all_signed
12.0,5.748486961597062e-06,0.002051664195607468,0.0003139590769664715,895,stress,fill,threshold_wait5s,time_threshold,71,True,all_signed
13.0,1.1525047450141719e-05,0.0029135286936377183,0.00032763013905073477,996,stress,fill,threshold_wait5s,time_threshold,71,True,all_signed
14.0,2.2555493316941472e-05,0.004184382248539927,0.0003969253921398495,864,stress,fill,threshold_wait5s,time_threshold,71,True,all_signed
15.0,4.4975112628843876e-05,0.0034466918309302838,0.0006630135188502689,465,stress,fill,threshold_wait5s,time_threshold,71,True,all_signed
16.0,9.018405164348462e-05,0.002537429550689668,0.0012124838926484995,333,stress,fill,threshold_wait5s,time_threshold,71,True,all_signed
17.0,0.00017922395616104336,0.00397782976198103,0.0009200834268806534,190,stress,fill,threshold_wait5s,time_threshold,71,True,all_signed
18.0,0.0003519179528961468,0.0025852170222910114,0.0010329037787246728,133,stress,fill,threshold_wait5s,time_threshold,71,True,all_signed
19.0,0.0007087694089445049,0.005979988916274549,0.0033920915972588334,66,stress,fill,threshold_wait5s,time_threshold,71,True,all_signed
20.0,0.0012956317454376031,0.0010600270237553842,0.0021037883600699622,15,stress,fill,threshold_wait5s,time_threshold,71,True,all_signed
21.0,0.002450662220483779,0.015092654469937869,0.014257350671790877,2,stress,fill,threshold_wait5s,time_threshold,71,True,all_signed
22.0,0.007908114535394872,0.06855268048521596,,1,stress,fill,threshold_wait5s,time_threshold,71,True,all_signed
0.0,1.4355218596250688e-09,0.003279805242571271,0.001532098899090794,3,stress,fill,threshold_wait5s,time_threshold,71,True,positive_only
1.0,2.415029005506631e-09,0.0036961486989637916,0.0025411022305365564,2,stress,fill,threshold_wait5s,time_threshold,71,True,positive_only
3.0,1.3060477046804439e-08,0.007248814220989624,0.005721189465501448,2,stress,fill,threshold_wait5s,time_threshold,71,True,positive_only
4.0,2.2438420525557706e-08,0.006728365292580078,0.001973603753389874,7,stress,fill,threshold_wait5s,time_threshold,71,True,positive_only
5.0,5.060767102893071e-08,0.002986328995498096,0.0008373939774537672,16,stress,fill,threshold_wait5s,time_threshold,71,True,positive_only
6.0,9.911393340952265e-08,0.005324716431109604,0.0006109650244901985,65,stress,fill,threshold_wait5s,time_threshold,71,True,positive_only
7.0,2.0164231809366222e-07,0.004306160547406657,0.0003292376765870189,312,stress,fill,threshold_wait5s,time_threshold,71,True,positive_only
8.0,3.741860838564545e-07,0.005503527365919066,0.00015652172432639058,1047,stress,fill,threshold_wait5s,time_threshold,71,True,positive_only
9.0,7.123004519216106e-07,0.007570916367717465,0.00018591384300490398,1468,stress,fill,threshold_wait5s,time_threshold,71,True,positive_only
10.0,1.4216479942879238e-06,0.008669384953708215,0.00023703681315924769,1278,stress,fill,threshold_wait5s,time_threshold,71,True,positive_only
11.0,2.7870671757958218e-06,0.00930226852109103,0.00041776558869974754,594,stress,fill,threshold_wait5s,time_threshold,71,True,positive_only
12.0,5.725485642647757e-06,0.0076406155030193205,0.00043427519236387095,415,stress,fill,threshold_wait5s,time_threshold,71,True,positive_only
13.0,1.1481031872497658e-05,0.00853435958201492,0.00042701365993754077,521,stress,fill,threshold_wait5s,time_threshold,71,True,positive_only
14.0,2.2875400481033952e-05,0.00987339739380967,0.0004984075642174263,497,stress,fill,threshold_wait5s,time_threshold,71,True,positive_only
15.0,4.5211272674147385e-05,0.009869987839919997,0.0008016661807185167,261,stress,fill,threshold_wait5s,time_threshold,71,True,positive_only
16.0,9.06095941911033e-05,0.011213024804505079,0.001204347876331916,173,stress,fill,threshold_wait5s,time_threshold,71,True,positive_only
17.0,0.00017915386114115907,0.011404960403775718,0.0012246787927458808,96,stress,fill,threshold_wait5s,time_threshold,71,True,positive_only
18.0,0.0003430459777025485,0.009370917429169736,0.0010767200374059514,68,stress,fill,threshold_wait5s,time_threshold,71,True,positive_only
19.0,0.0007133718645355898,0.014864036152760138,0.005243066930729034,36,stress,fill,threshold_wait5s,time_threshold,71,True,positive_only
20.0,0.0012634860562197715,0.008806607457951459,0.0042592289769479265,5,stress,fill,threshold_wait5s,time_threshold,71,True,positive_only
21.0,0.002450662220483779,0.015092654469937869,0.014257350671790877,2,stress,fill,threshold_wait5s,time_threshold,71,True,positive_only
22.0,0.007908114535394872,0.06855268048521596,,1,stress,fill,threshold_wait5s,time_threshold,71,True,positive_only
